feedback_id,customer_id,date,feedback_text,source
F000001,C0001,2026-03-23,The dashboard is very useful.,Review
F000002,C0002,2026-03-10,The dashboard is very useful.,In-app
F000003,C0002,2026-03-15,The dashboard is very useful.,In-app
F000004,C0003,2026-03-15,Our integration is not working properly.,Support
F000005,C0003,2026-04-07,Our team has had a good experience.,Survey
F000006,C0003,2026-01-25,The experience has become frustrating.,Support
F000007,C0004,2026-04-05,The integration setup is confusing.,Interview
F000008,C0004,2026-04-05,The product has improved our workflow.,In-app
F000009,C0004,2026-04-21,Our integration is not working properly.,Survey
F000010,C0004,2026-04-05,The product has improved our workflow.,Survey
F000011,C0005,2026-04-23,The product has improved our workflow.,Survey
F000012,C0006,2026-03-20,We are having too many problems.,Interview
F000013,C0006,2026-04-21,We need a more reliable integration.,Interview
F000014,C0006,2026-02-26,The product is easy to use.,Survey
F000015,C0007,2026-01-29,Our team has had a good experience.,Review
F000016,C0007,2026-02-13,The dashboard is very useful.,Review
F000017,C0007,2026-03-09,The dashboard is very useful.,Review
F000018,C0007,2026-03-02,Our team has had a good experience.,In-app
F000019,C0008,2026-02-15,We are having too many problems.,Interview
F000020,C0009,2026-04-05,The product has been difficult to use recently.,Support
F000021,C0009,2026-04-08,We need a more reliable integration.,Support
F000022,C0010,2026-01-28,Our team has had a good experience.,In-app
F000023,C0010,2026-04-05,Our team has had a good experience.,In-app
F000024,C0010,2026-03-25,The integration setup is confusing.,Interview
F000025,C0011,2026-04-07,The dashboard is very useful.,Review
F000026,C0011,2026-03-28,The dashboard is very useful.,Review
F000027,C0011,2026-03-28,The product is easy to use.,In-app
F000028,C0011,2026-03-28,The experience has become frustrating.,Support
F000029,C0012,2026-04-05,The product has improved our workflow.,In-app
F000030,C0012,2026-04-05,The product has improved our workflow.,In-app
F000031,C0012,2026-04-14,We need a more reliable integration.,Interview
F000032,C0012,2026-04-05,We need a more reliable integration.,Support
F000033,C0013,2026-04-25,We need a more reliable integration.,Interview
F000034,C0014,2026-03-11,The product is easy to use.,In-app
F000035,C0014,2026-04-11,The product has been difficult to use recently.,Interview
F000036,C0014,2026-04-05,The dashboard is very useful.,Review
F000037,C0015,2026-03-09,The product is easy to use.,Survey
F000038,C0016,2026-04-16,We need a more reliable integration.,Interview
F000039,C0016,2026-03-17,We are having too many problems.,Interview
F000040,C0016,2026-04-05,The product has improved our workflow.,Survey
F000041,C0017,2026-02-24,The product is easy to use.,Survey
F000042,C0018,2026-01-20,The product is easy to use.,Survey
F000043,C0019,2026-02-02,We are considering other options.,Support
F000044,C0020,2026-04-12,The dashboard is very useful.,Survey
F000045,C0020,2026-03-04,The dashboard is very useful.,In-app
F000046,C0021,2026-04-21,The product has improved our workflow.,Review
F000047,C0021,2026-04-21,The product has improved our workflow.,Survey
F000048,C0021,2026-04-05,The product has improved our workflow.,Review
F000049,C0021,2026-03-10,The dashboard is very useful.,In-app
F000050,C0022,2026-03-01,The experience has become frustrating.,Support
F000051,C0022,2026-04-26,We are having too many problems.,Support
F000052,C0023,2026-03-06,The dashboard is very useful.,Survey
F000053,C0023,2026-04-12,We are having too many problems.,Survey
F000054,C0023,2026-03-06,The product has improved our workflow.,In-app
F000055,C0023,2026-03-06,We need a more reliable integration.,Survey
F000056,C0024,2026-03-19,The product has improved our workflow.,Survey
F000057,C0024,2026-03-19,Our team has had a good experience.,In-app
F000058,C0024,2026-03-19,We are considering other options.,Interview
F000059,C0024,2026-04-14,Our integration is not working properly.,Survey
F000060,C0025,2026-03-19,The product is easy to use.,In-app
F000061,C0026,2026-04-12,The integration setup is confusing.,Interview
F000062,C0026,2026-03-27,The product has improved our workflow.,In-app
F000063,C0026,2026-03-13,The product has improved our workflow.,In-app
F000064,C0026,2026-04-17,We need a more reliable integration.,Interview
F000065,C0027,2026-01-26,The product has improved our workflow.,In-app
F000066,C0027,2026-03-01,Our integration is not working properly.,Support
F000067,C0027,2026-01-26,The product is easy to use.,Survey
F000068,C0028,2026-04-02,The experience has become frustrating.,Support
F000069,C0028,2026-04-02,Our team has had a good experience.,Review
F000070,C0028,2026-04-02,Our integration is not working properly.,Survey
F000071,C0028,2026-04-13,Our team has had a good experience.,Survey
F000072,C0029,2026-03-25,The dashboard is very useful.,Review
F000073,C0029,2026-03-25,The product has improved our workflow.,Review
F000074,C0030,2026-04-23,We are having too many problems.,Interview
F000075,C0031,2026-03-11,The product has improved our workflow.,In-app
F000076,C0031,2026-03-21,The product has improved our workflow.,Review
F000077,C0031,2026-03-11,The product has improved our workflow.,Survey
F000078,C0031,2026-03-28,The product has improved our workflow.,Review
F000079,C0032,2026-02-23,The product is easy to use.,In-app
F000080,C0032,2026-02-23,Our team has had a good experience.,In-app
F000081,C0032,2026-03-11,The product has improved our workflow.,Survey
F000082,C0032,2026-02-23,The product is easy to use.,Survey
F000083,C0033,2026-03-02,The integration keeps causing problems.,Survey
F000084,C0033,2026-03-16,The product is easy to use.,Survey
F000085,C0034,2026-02-27,Our team has had a good experience.,Review
F000086,C0034,2026-03-21,The experience has become frustrating.,Support
F000087,C0034,2026-02-27,The dashboard is very useful.,Survey
F000088,C0034,2026-03-16,Our team has had a good experience.,Review
F000089,C0035,2026-04-17,We are having too many problems.,Interview
F000090,C0035,2026-03-17,The product has improved our workflow.,Review
F000091,C0036,2026-02-23,We are having too many problems.,Survey
F000092,C0036,2026-02-05,The product has been difficult to use recently.,Support
F000093,C0037,2026-04-14,The product has improved our workflow.,Survey
F000094,C0037,2026-04-14,The experience has become frustrating.,Interview
F000095,C0038,2026-04-22,The product is easy to use.,Survey
F000096,C0038,2026-04-22,The dashboard is very useful.,In-app
F000097,C0038,2026-04-22,Our integration is not working properly.,Interview
F000098,C0039,2026-02-09,The product has improved our workflow.,Review
F000099,C0040,2026-04-08,The product is easy to use.,In-app
F000100,C0041,2026-04-14,The product is easy to use.,In-app
F000101,C0041,2026-04-14,The product has been difficult to use recently.,Support
F000102,C0041,2026-04-14,Our team has had a good experience.,Survey
F000103,C0041,2026-04-14,The dashboard is very useful.,In-app
F000104,C0042,2026-02-21,Our team has had a good experience.,Survey
F000105,C0043,2026-04-04,Our team has had a good experience.,Survey
F000106,C0043,2026-04-07,The dashboard is very useful.,In-app
F000107,C0043,2026-03-31,The dashboard is very useful.,In-app
F000108,C0044,2026-02-24,The dashboard is very useful.,In-app
F000109,C0044,2026-03-14,We need a more reliable integration.,Interview
F000110,C0044,2026-02-24,We are considering other options.,Survey
F000111,C0045,2026-03-09,The product has improved our workflow.,In-app
F000112,C0046,2026-02-05,Our team has had a good experience.,Review
F000113,C0046,2026-04-04,The experience has become frustrating.,Interview
F000114,C0046,2026-02-05,The product has been difficult to use recently.,Interview
F000115,C0046,2026-04-02,The dashboard is very useful.,In-app
F000116,C0047,2026-04-25,The integration keeps causing problems.,Support
F000117,C0047,2026-02-12,The dashboard is very useful.,Survey
F000118,C0047,2026-03-12,We are having too many problems.,Survey
F000119,C0048,2026-01-28,The product has improved our workflow.,Review
F000120,C0049,2026-04-08,The product is easy to use.,Survey
F000121,C0050,2026-04-01,The dashboard is very useful.,Survey
F000122,C0050,2026-02-23,The product has improved our workflow.,In-app
F000123,C0050,2026-04-26,Our team has had a good experience.,Survey
F000124,C0050,2026-04-09,Our team has had a good experience.,Survey
F000125,C0051,2026-01-14,The dashboard is very useful.,Survey
F000126,C0051,2026-02-14,The product has been difficult to use recently.,Survey
F000127,C0051,2026-03-22,The integration setup is confusing.,Survey
F000128,C0051,2026-02-15,We are having too many problems.,Support
F000129,C0052,2026-01-19,The product has been difficult to use recently.,Survey
F000130,C0053,2026-03-20,The dashboard is very useful.,Survey
F000131,C0053,2026-02-28,The product has been difficult to use recently.,Survey
F000132,C0054,2026-04-23,Our team has had a good experience.,Review
F000133,C0054,2026-03-27,The product has improved our workflow.,In-app
F000134,C0055,2026-03-20,Our integration is not working properly.,Support
F000135,C0055,2026-04-04,The product has improved our workflow.,Survey
F000136,C0056,2026-04-19,The product is easy to use.,Review
F000137,C0056,2026-04-19,We are considering other options.,Support
F000138,C0056,2026-04-19,The product has improved our workflow.,Survey
F000139,C0056,2026-04-19,Our team has had a good experience.,In-app
F000140,C0057,2026-02-22,We are having too many problems.,Support
F000141,C0057,2026-02-14,Our team has had a good experience.,In-app
F000142,C0057,2026-03-14,Our integration is not working properly.,Support
F000143,C0058,2026-03-22,The integration setup is confusing.,Interview
F000144,C0058,2026-03-24,The experience has become frustrating.,Support
F000145,C0058,2026-03-19,The experience has become frustrating.,Support
F000146,C0058,2026-04-08,The integration setup is confusing.,Survey
F000147,C0059,2026-03-28,The integration keeps causing problems.,Interview
F000148,C0059,2026-02-03,The product has been difficult to use recently.,Interview
F000149,C0059,2026-02-25,The dashboard is very useful.,Survey
F000150,C0059,2026-02-03,The experience has become frustrating.,Survey
F000151,C0060,2026-04-14,The dashboard is very useful.,Review
F000152,C0060,2026-04-14,Our team has had a good experience.,In-app
F000153,C0061,2026-02-04,Our team has had a good experience.,Review
F000154,C0061,2026-02-01,The dashboard is very useful.,In-app
F000155,C0062,2026-04-04,The product has improved our workflow.,Review
F000156,C0063,2026-03-27,We are having too many problems.,Interview
F000157,C0064,2026-04-01,The integration setup is confusing.,Interview
F000158,C0064,2026-03-10,The product has improved our workflow.,Survey
F000159,C0065,2026-03-03,We need a more reliable integration.,Survey
F000160,C0065,2026-03-03,The product has improved our workflow.,Survey
F000161,C0065,2026-04-05,We are considering other options.,Survey
F000162,C0065,2026-01-26,The product has improved our workflow.,Survey
F000163,C0066,2026-04-29,We are considering other options.,Interview
F000164,C0066,2026-04-29,The product has improved our workflow.,In-app
F000165,C0067,2026-03-02,The product is easy to use.,In-app
F000166,C0067,2026-04-22,The integration setup is confusing.,Support
F000167,C0068,2026-01-11,Our team has had a good experience.,In-app
F000168,C0068,2026-01-20,The product is easy to use.,Survey
F000169,C0068,2026-03-18,The dashboard is very useful.,Review
F000170,C0069,2026-03-12,The product is easy to use.,Survey
F000171,C0069,2026-03-12,The product is easy to use.,Survey
F000172,C0069,2026-04-26,Our integration is not working properly.,Support
F000173,C0070,2026-04-27,We need a more reliable integration.,Survey
F000174,C0070,2026-03-14,We are having too many problems.,Interview
F000175,C0071,2026-04-17,The product has been difficult to use recently.,Survey
F000176,C0072,2026-03-22,We need a more reliable integration.,Support
F000177,C0072,2026-03-22,The dashboard is very useful.,Review
F000178,C0072,2026-03-22,The product has improved our workflow.,Review
F000179,C0073,2026-03-21,The product is easy to use.,Review
F000180,C0073,2026-04-08,The product is easy to use.,Review
F000181,C0074,2026-04-24,The experience has become frustrating.,Survey
F000182,C0074,2026-04-24,The experience has become frustrating.,Support
F000183,C0074,2026-04-24,Our team has had a good experience.,Survey
F000184,C0075,2026-04-21,The dashboard is very useful.,Review
F000185,C0075,2026-04-21,We are having too many problems.,Survey
F000186,C0075,2026-04-21,Our team has had a good experience.,Review
F000187,C0076,2026-02-16,We are having too many problems.,Support
F000188,C0076,2026-02-16,The product is easy to use.,In-app
F000189,C0077,2026-03-26,The product has improved our workflow.,In-app
F000190,C0077,2026-04-02,Our team has had a good experience.,In-app
F000191,C0077,2026-04-14,We are having too many problems.,Interview
F000192,C0078,2026-02-01,The product has improved our workflow.,Review
F000193,C0078,2026-01-25,The product is easy to use.,In-app
F000194,C0079,2026-04-01,The dashboard is very useful.,Survey
F000195,C0080,2026-03-16,Our integration is not working properly.,Support
F000196,C0081,2026-01-13,The product has improved our workflow.,In-app
F000197,C0081,2026-01-26,Our team has had a good experience.,Survey
F000198,C0082,2026-04-27,The integration keeps causing problems.,Support
F000199,C0082,2026-03-26,Our integration is not working properly.,Support
F000200,C0082,2026-03-26,The dashboard is very useful.,Review
F000201,C0083,2026-03-21,We need a more reliable integration.,Support
F000202,C0083,2026-01-30,Our team has had a good experience.,Survey
F000203,C0083,2026-01-30,The dashboard is very useful.,Review
F000204,C0083,2026-01-30,The product has improved our workflow.,In-app
F000205,C0084,2026-04-09,We are having too many problems.,Interview
F000206,C0084,2026-04-09,The product is easy to use.,In-app
F000207,C0085,2026-02-07,The product has been difficult to use recently.,Support
F000208,C0085,2026-02-07,We are considering other options.,Survey
F000209,C0085,2026-02-07,The product has been difficult to use recently.,Interview
F000210,C0086,2026-02-15,The product has been difficult to use recently.,Support
F000211,C0086,2026-01-11,The product has improved our workflow.,Survey
F000212,C0086,2026-01-28,Our team has had a good experience.,In-app
F000213,C0087,2026-04-20,The product is easy to use.,Survey
F000214,C0087,2026-04-20,The experience has become frustrating.,Support
F000215,C0087,2026-04-20,The integration setup is confusing.,Interview
F000216,C0087,2026-04-23,We are considering other options.,Interview
F000217,C0088,2026-02-24,The product has improved our workflow.,In-app
F000218,C0088,2026-02-19,The dashboard is very useful.,Review
F000219,C0088,2026-03-19,The dashboard is very useful.,Survey
F000220,C0088,2026-01-30,The product has improved our workflow.,In-app
F000221,C0089,2026-04-21,The product is easy to use.,Review
F000222,C0089,2026-04-26,We are having too many problems.,Interview
F000223,C0089,2026-04-21,Our team has had a good experience.,In-app
F000224,C0090,2026-03-26,The experience has become frustrating.,Support
F000225,C0090,2026-02-01,The dashboard is very useful.,In-app
F000226,C0090,2026-01-15,The dashboard is very useful.,Survey
F000227,C0090,2026-04-16,Our integration is not working properly.,Survey
F000228,C0091,2026-02-18,The product is easy to use.,Review
F000229,C0091,2026-03-14,The product is easy to use.,Review
F000230,C0091,2026-02-18,The product has been difficult to use recently.,Survey
F000231,C0091,2026-02-18,Our team has had a good experience.,Review
F000232,C0092,2026-04-16,The integration setup is confusing.,Survey
F000233,C0092,2026-02-05,The product has improved our workflow.,In-app
F000234,C0092,2026-02-05,The product has improved our workflow.,Review
F000235,C0092,2026-03-14,We are considering other options.,Support
F000236,C0093,2026-04-21,The dashboard is very useful.,In-app
F000237,C0094,2026-03-23,The integration keeps causing problems.,Survey
F000238,C0094,2026-03-23,The product has improved our workflow.,In-app
F000239,C0094,2026-03-23,We are considering other options.,Interview
F000240,C0094,2026-04-06,The dashboard is very useful.,Review
F000241,C0095,2026-04-26,The dashboard is very useful.,Review
F000242,C0095,2026-04-17,The dashboard is very useful.,Review
F000243,C0095,2026-04-17,The product is easy to use.,In-app
F000244,C0096,2026-02-21,Our team has had a good experience.,In-app
F000245,C0097,2026-01-21,The dashboard is very useful.,Review
F000246,C0098,2026-03-11,The product has improved our workflow.,Survey
F000247,C0098,2026-02-17,We are having too many problems.,Support
F000248,C0098,2026-02-28,We are considering other options.,Interview
F000249,C0098,2026-04-04,We are considering other options.,Survey
F000250,C0099,2026-04-04,The product is easy to use.,Review
F000251,C0099,2026-02-22,We are considering other options.,Support
F000252,C0099,2026-02-15,The product has improved our workflow.,Survey
F000253,C0099,2026-04-02,The product has improved our workflow.,Review
F000254,C0100,2026-01-27,Our team has had a good experience.,In-app
F000255,C0101,2026-03-27,We are having too many problems.,Survey
F000256,C0101,2026-03-27,Our team has had a good experience.,Survey
F000257,C0102,2026-02-04,The experience has become frustrating.,Survey
F000258,C0102,2026-04-11,The product has improved our workflow.,Review
F000259,C0103,2026-03-31,The dashboard is very useful.,Review
F000260,C0103,2026-03-31,The product is easy to use.,Review
F000261,C0103,2026-03-31,We are having too many problems.,Interview
F000262,C0103,2026-04-27,The product is easy to use.,In-app
F000263,C0104,2026-04-30,The integration keeps causing problems.,Survey
F000264,C0104,2026-04-30,The dashboard is very useful.,Survey
F000265,C0105,2026-03-29,We are considering other options.,Interview
F000266,C0105,2026-03-29,Our team has had a good experience.,In-app
F000267,C0106,2026-03-24,The product has been difficult to use recently.,Support
F000268,C0106,2026-03-24,The product is easy to use.,In-app
F000269,C0107,2026-03-23,We need a more reliable integration.,Survey
F000270,C0107,2026-01-10,The product has been difficult to use recently.,Support
F000271,C0107,2026-03-06,The dashboard is very useful.,Review
F000272,C0107,2026-02-13,The product has improved our workflow.,Review
F000273,C0108,2026-04-20,The integration setup is confusing.,Interview
F000274,C0108,2026-03-19,The product is easy to use.,Survey
F000275,C0109,2026-03-23,The experience has become frustrating.,Interview
F000276,C0110,2026-04-17,We need a more reliable integration.,Support
F000277,C0110,2026-03-13,The integration setup is confusing.,Interview
F000278,C0110,2026-02-11,Our team has had a good experience.,Review
F000279,C0110,2026-02-20,The product is easy to use.,Survey
F000280,C0111,2026-04-25,Our team has had a good experience.,In-app
F000281,C0111,2026-03-10,The dashboard is very useful.,Review
F000282,C0111,2026-03-10,The product is easy to use.,Review
F000283,C0111,2026-03-10,We are having too many problems.,Support
F000284,C0112,2026-04-04,The product is easy to use.,In-app
F000285,C0112,2026-04-10,The product has been difficult to use recently.,Interview
F000286,C0112,2026-04-04,The dashboard is very useful.,In-app
F000287,C0112,2026-04-04,The integration keeps causing problems.,Interview
F000288,C0113,2026-03-24,Our integration is not working properly.,Survey
F000289,C0113,2026-02-28,The product is easy to use.,Review
F000290,C0113,2026-02-01,We are having too many problems.,Support
F000291,C0114,2026-01-21,The dashboard is very useful.,In-app
F000292,C0114,2026-03-19,Our team has had a good experience.,Review
F000293,C0114,2026-04-16,The integration keeps causing problems.,Interview
F000294,C0114,2026-02-24,The product is easy to use.,Survey
F000295,C0115,2026-03-01,The dashboard is very useful.,Survey
F000296,C0115,2026-03-01,The dashboard is very useful.,Review
F000297,C0116,2026-03-26,The dashboard is very useful.,Review
F000298,C0116,2026-03-14,The product is easy to use.,In-app
F000299,C0116,2026-02-28,The product is easy to use.,Review
F000300,C0116,2026-02-18,The product has been difficult to use recently.,Support
F000301,C0117,2026-02-19,The dashboard is very useful.,Review
F000302,C0117,2026-04-17,The product is easy to use.,Review
F000303,C0117,2026-02-07,The dashboard is very useful.,Survey
F000304,C0118,2026-04-29,We are considering other options.,Survey
F000305,C0118,2026-04-29,The dashboard is very useful.,Review
F000306,C0118,2026-04-29,We need a more reliable integration.,Survey
F000307,C0119,2026-04-09,The dashboard is very useful.,Survey
F000308,C0120,2026-03-30,We are having too many problems.,Interview
F000309,C0120,2026-03-30,The experience has become frustrating.,Survey
F000310,C0120,2026-03-30,The product has improved our workflow.,In-app
F000311,C0120,2026-03-30,Our team has had a good experience.,Survey
F000312,C0121,2026-03-13,The integration keeps causing problems.,Support
F000313,C0121,2026-03-13,Our team has had a good experience.,Review
F000314,C0121,2026-03-26,The integration keeps causing problems.,Interview
F000315,C0121,2026-04-09,The product has improved our workflow.,Survey
F000316,C0122,2026-04-07,The product has improved our workflow.,Survey
F000317,C0122,2026-04-05,We need a more reliable integration.,Interview
F000318,C0122,2026-03-20,Our integration is not working properly.,Interview
F000319,C0123,2026-03-29,The product is easy to use.,Survey
F000320,C0123,2026-03-29,We are having too many problems.,Survey
F000321,C0123,2026-03-29,We are having too many problems.,Support
F000322,C0123,2026-03-29,Our team has had a good experience.,Survey
F000323,C0124,2026-02-11,The product has been difficult to use recently.,Survey
F000324,C0124,2026-04-03,The product has improved our workflow.,Survey
F000325,C0125,2026-04-18,The product is easy to use.,Review
F000326,C0125,2026-04-18,The product has improved our workflow.,Review
F000327,C0126,2026-04-27,Our team has had a good experience.,In-app
F000328,C0127,2026-04-10,The experience has become frustrating.,Survey
F000329,C0127,2026-04-18,The product is easy to use.,In-app
F000330,C0127,2026-04-10,Our team has had a good experience.,In-app
F000331,C0128,2026-03-05,The product has improved our workflow.,Survey
F000332,C0128,2026-04-14,The integration setup is confusing.,Survey
F000333,C0128,2026-04-13,The dashboard is very useful.,Review
F000334,C0128,2026-02-21,Our team has had a good experience.,In-app
F000335,C0129,2026-01-30,The dashboard is very useful.,Review
F000336,C0130,2026-04-16,The product has improved our workflow.,Survey
F000337,C0130,2026-04-16,Our team has had a good experience.,In-app
F000338,C0131,2026-02-05,We are having too many problems.,Survey
F000339,C0131,2026-03-25,The integration keeps causing problems.,Survey
F000340,C0131,2026-01-12,The product has improved our workflow.,In-app
F000341,C0132,2026-04-19,The integration keeps causing problems.,Support
F000342,C0133,2026-03-17,The product is easy to use.,Review
F000343,C0133,2026-02-10,Our team has had a good experience.,Survey
F000344,C0133,2026-02-10,The dashboard is very useful.,In-app
F000345,C0134,2026-02-21,The product is easy to use.,Review
F000346,C0134,2026-04-11,We are considering other options.,Interview
F000347,C0135,2026-04-08,The product has improved our workflow.,In-app
F000348,C0135,2026-03-19,We are considering other options.,Interview
F000349,C0135,2026-02-04,The product has improved our workflow.,In-app
F000350,C0136,2026-03-22,Our integration is not working properly.,Support
F000351,C0136,2026-01-09,The product is easy to use.,In-app
F000352,C0137,2026-01-28,We are having too many problems.,Survey
F000353,C0137,2026-03-21,The product has been difficult to use recently.,Survey
F000354,C0138,2026-04-27,The product has improved our workflow.,In-app
F000355,C0138,2026-04-27,The product is easy to use.,In-app
F000356,C0138,2026-04-27,Our team has had a good experience.,In-app
F000357,C0138,2026-04-27,The product has improved our workflow.,Review
F000358,C0139,2026-04-14,The integration keeps causing problems.,Survey
F000359,C0139,2026-03-14,The product is easy to use.,Survey
F000360,C0139,2026-03-14,The product has been difficult to use recently.,Interview
F000361,C0139,2026-03-14,The product has improved our workflow.,In-app
F000362,C0140,2026-04-23,The dashboard is very useful.,Review
F000363,C0140,2026-04-23,Our integration is not working properly.,Interview
F000364,C0140,2026-04-23,The dashboard is very useful.,In-app
F000365,C0140,2026-04-23,The product has improved our workflow.,Survey
F000366,C0141,2026-04-02,Our team has had a good experience.,Review
F000367,C0141,2026-04-02,The product is easy to use.,In-app
F000368,C0141,2026-04-02,The product has been difficult to use recently.,Support
F000369,C0142,2026-02-10,The dashboard is very useful.,In-app
F000370,C0143,2026-03-04,Our team has had a good experience.,In-app
F000371,C0143,2026-01-28,The product has been difficult to use recently.,Support
F000372,C0144,2026-03-25,The product is easy to use.,In-app
F000373,C0144,2026-04-23,The product is easy to use.,Survey
F000374,C0144,2026-03-25,Our team has had a good experience.,Survey
F000375,C0145,2026-03-05,We are considering other options.,Support
F000376,C0145,2026-03-05,The product has improved our workflow.,Review
F000377,C0145,2026-03-05,The product is easy to use.,Review
F000378,C0146,2026-02-20,Our team has had a good experience.,Survey
F000379,C0146,2026-04-11,The product has improved our workflow.,Review
F000380,C0146,2026-04-11,The product is easy to use.,Review
F000381,C0147,2026-04-24,The experience has become frustrating.,Interview
F000382,C0147,2026-04-24,The product is easy to use.,Survey
F000383,C0147,2026-04-24,We need a more reliable integration.,Interview
F000384,C0147,2026-04-24,The dashboard is very useful.,Survey
F000385,C0148,2026-04-28,The dashboard is very useful.,In-app
F000386,C0148,2026-04-28,The dashboard is very useful.,Survey
F000387,C0149,2026-04-16,Our integration is not working properly.,Interview
F000388,C0149,2026-03-24,The dashboard is very useful.,Survey
F000389,C0150,2026-04-16,The product is easy to use.,In-app
F000390,C0150,2026-04-17,The dashboard is very useful.,Survey
F000391,C0151,2026-04-26,We are considering other options.,Interview
F000392,C0151,2026-01-21,The product has improved our workflow.,Review
F000393,C0151,2026-01-19,The product is easy to use.,In-app
F000394,C0151,2026-03-22,The product is easy to use.,Review
F000395,C0152,2026-04-19,We are considering other options.,Interview
F000396,C0153,2026-01-27,Our team has had a good experience.,Review
F000397,C0153,2026-03-28,The product is easy to use.,In-app
F000398,C0153,2026-03-02,The experience has become frustrating.,Support
F000399,C0153,2026-02-27,The product has improved our workflow.,Survey
F000400,C0154,2026-04-18,We are having too many problems.,Interview
F000401,C0154,2026-02-01,The dashboard is very useful.,Review
F000402,C0154,2026-04-22,We are having too many problems.,Support
F000403,C0155,2026-04-24,Our team has had a good experience.,In-app
F000404,C0155,2026-04-06,The dashboard is very useful.,In-app
F000405,C0155,2026-04-06,The experience has become frustrating.,Interview
F000406,C0156,2026-03-17,The product is easy to use.,In-app
F000407,C0157,2026-03-10,The product has been difficult to use recently.,Interview
F000408,C0157,2026-03-10,We are having too many problems.,Support
F000409,C0158,2026-02-03,The product has improved our workflow.,Review
F000410,C0158,2026-02-06,The product has improved our workflow.,In-app
F000411,C0158,2026-03-25,We need a more reliable integration.,Support
F000412,C0158,2026-02-27,The experience has become frustrating.,Interview
F000413,C0159,2026-04-08,The product has improved our workflow.,Survey
F000414,C0159,2026-04-06,The product has improved our workflow.,Survey
F000415,C0160,2026-03-16,We are having too many problems.,Survey
F000416,C0160,2026-03-16,We are considering other options.,Survey
F000417,C0160,2026-04-16,Our team has had a good experience.,In-app
F000418,C0161,2026-02-24,The product has improved our workflow.,In-app
F000419,C0161,2026-04-16,The product has improved our workflow.,In-app
F000420,C0161,2026-03-13,Our team has had a good experience.,In-app
F000421,C0162,2026-04-25,The dashboard is very useful.,Survey
F000422,C0163,2026-03-26,Our team has had a good experience.,Survey
F000423,C0163,2026-04-22,The integration keeps causing problems.,Support
F000424,C0163,2026-03-16,The product is easy to use.,Review
F000425,C0163,2026-04-03,We are considering other options.,Survey
F000426,C0164,2026-03-13,The product has improved our workflow.,Review
F000427,C0165,2026-04-04,Our integration is not working properly.,Interview
F000428,C0165,2026-04-04,Our team has had a good experience.,In-app
F000429,C0165,2026-02-16,We are having too many problems.,Survey
F000430,C0165,2026-04-03,The integration setup is confusing.,Support
F000431,C0166,2026-01-29,We are having too many problems.,Survey
F000432,C0167,2026-01-24,The dashboard is very useful.,In-app
F000433,C0167,2026-04-14,The integration keeps causing problems.,Survey
F000434,C0168,2026-03-24,The product has been difficult to use recently.,Survey
F000435,C0168,2026-04-27,The integration keeps causing problems.,Survey
F000436,C0168,2026-03-07,Our team has had a good experience.,Survey
F000437,C0169,2026-03-25,We need a more reliable integration.,Survey
F000438,C0169,2026-04-14,We need a more reliable integration.,Support
F000439,C0169,2026-03-05,The product has been difficult to use recently.,Support
F000440,C0170,2026-04-22,The dashboard is very useful.,Survey
F000441,C0171,2026-04-07,The dashboard is very useful.,In-app
F000442,C0171,2026-04-07,The product is easy to use.,In-app
F000443,C0172,2026-02-05,The product is easy to use.,Survey
F000444,C0172,2026-02-08,The product is easy to use.,Review
F000445,C0173,2026-04-21,The product has improved our workflow.,Survey
F000446,C0173,2026-04-21,The dashboard is very useful.,Survey
F000447,C0173,2026-04-21,The dashboard is very useful.,Review
F000448,C0174,2026-04-27,The dashboard is very useful.,Survey
F000449,C0174,2026-02-03,The dashboard is very useful.,In-app
F000450,C0174,2026-01-20,We are considering other options.,Interview
F000451,C0175,2026-03-12,The product has improved our workflow.,Survey
F000452,C0176,2026-03-23,The dashboard is very useful.,Review
F000453,C0176,2026-04-06,We need a more reliable integration.,Survey
F000454,C0176,2026-03-22,We are having too many problems.,Support
F000455,C0177,2026-01-21,Our team has had a good experience.,Review
F000456,C0177,2026-04-18,Our team has had a good experience.,Review
F000457,C0178,2026-04-12,Our team has had a good experience.,Survey
F000458,C0178,2026-04-12,We are having too many problems.,Support
F000459,C0178,2026-04-12,The dashboard is very useful.,Survey
F000460,C0179,2026-03-29,The product has improved our workflow.,Survey
F000461,C0179,2026-03-29,The product is easy to use.,Survey
F000462,C0179,2026-03-29,The dashboard is very useful.,Survey
F000463,C0180,2026-02-24,The product has been difficult to use recently.,Survey
F000464,C0180,2026-04-05,The product has improved our workflow.,Survey
F000465,C0180,2026-02-24,The product has improved our workflow.,In-app
F000466,C0180,2026-04-13,The product is easy to use.,Review
F000467,C0181,2026-04-09,The product has been difficult to use recently.,Support
F000468,C0182,2026-04-16,The integration setup is confusing.,Survey
F000469,C0182,2026-03-14,The experience has become frustrating.,Interview
F000470,C0182,2026-02-01,We are considering other options.,Interview
F000471,C0182,2026-03-18,Our integration is not working properly.,Support
F000472,C0183,2026-04-12,We need a more reliable integration.,Support
F000473,C0183,2026-04-21,The integration keeps causing problems.,Support
F000474,C0183,2026-02-19,Our team has had a good experience.,In-app
F000475,C0183,2026-02-19,The dashboard is very useful.,In-app
F000476,C0184,2026-02-18,The dashboard is very useful.,In-app
F000477,C0185,2026-03-18,The dashboard is very useful.,Survey
F000478,C0186,2026-04-03,The product is easy to use.,Survey
F000479,C0187,2026-04-25,The product has improved our workflow.,Review
F000480,C0187,2026-03-09,The product is easy to use.,In-app
F000481,C0187,2026-03-09,The product has improved our workflow.,Review
F000482,C0188,2026-02-02,The product has improved our workflow.,Survey
F000483,C0188,2026-03-20,The dashboard is very useful.,Review
F000484,C0189,2026-03-12,The dashboard is very useful.,Survey
F000485,C0189,2026-03-12,We are considering other options.,Support
F000486,C0190,2026-04-24,The integration keeps causing problems.,Interview
F000487,C0190,2026-04-21,The dashboard is very useful.,Survey
F000488,C0191,2026-03-09,The product is easy to use.,Survey
F000489,C0192,2026-03-29,The product has improved our workflow.,In-app
F000490,C0192,2026-04-25,The product has been difficult to use recently.,Survey
F000491,C0192,2026-03-29,The product is easy to use.,In-app
F000492,C0192,2026-03-29,The dashboard is very useful.,In-app
F000493,C0193,2026-04-03,The product has improved our workflow.,In-app
F000494,C0193,2026-04-03,The product has improved our workflow.,Survey
F000495,C0193,2026-04-03,The product has improved our workflow.,Survey
F000496,C0194,2026-01-15,The product is easy to use.,Survey
F000497,C0195,2026-04-20,The dashboard is very useful.,In-app
F000498,C0196,2026-04-24,The product is easy to use.,In-app
F000499,C0196,2026-04-24,The experience has become frustrating.,Support
F000500,C0197,2026-03-10,The product has been difficult to use recently.,Interview
F000501,C0197,2026-03-10,The integration keeps causing problems.,Interview
F000502,C0198,2026-04-07,The product has improved our workflow.,Survey
F000503,C0198,2026-04-07,The dashboard is very useful.,Survey
F000504,C0199,2026-02-04,The experience has become frustrating.,Interview
F000505,C0199,2026-04-04,We need a more reliable integration.,Survey
F000506,C0200,2026-04-09,The product is easy to use.,Review
F000507,C0200,2026-04-19,We need a more reliable integration.,Interview
F000508,C0200,2026-04-16,The integration setup is confusing.,Interview
F000509,C0200,2026-04-09,We are considering other options.,Support
F000510,C0201,2026-03-24,Our team has had a good experience.,In-app
F000511,C0201,2026-03-24,We are considering other options.,Survey
F000512,C0201,2026-04-06,The product has improved our workflow.,Review
F000513,C0202,2026-02-13,The product has improved our workflow.,Review
F000514,C0202,2026-02-13,Our team has had a good experience.,Survey
F000515,C0203,2026-02-02,Our team has had a good experience.,Review
F000516,C0204,2026-02-13,The product has improved our workflow.,Review
F000517,C0205,2026-04-28,We are considering other options.,Survey
F000518,C0205,2026-02-25,We are considering other options.,Interview
F000519,C0205,2026-04-13,The product is easy to use.,Survey
F000520,C0205,2026-03-14,The product has improved our workflow.,Survey
F000521,C0206,2026-03-23,We are having too many problems.,Interview
F000522,C0207,2026-03-05,The dashboard is very useful.,Review
F000523,C0207,2026-04-05,We need a more reliable integration.,Interview
F000524,C0208,2026-02-15,Our team has had a good experience.,Survey
F000525,C0209,2026-04-03,The product has improved our workflow.,Survey
F000526,C0209,2026-04-03,Our integration is not working properly.,Survey
F000527,C0209,2026-04-03,The product has been difficult to use recently.,Survey
F000528,C0210,2026-04-23,The product is easy to use.,In-app
F000529,C0211,2026-04-03,The dashboard is very useful.,Review
F000530,C0211,2026-04-03,We need a more reliable integration.,Interview
F000531,C0211,2026-04-11,The integration setup is confusing.,Interview
F000532,C0212,2026-04-05,The integration setup is confusing.,Support
F000533,C0213,2026-03-06,The product has improved our workflow.,Survey
F000534,C0213,2026-03-06,The dashboard is very useful.,Review
F000535,C0214,2026-04-08,The product has improved our workflow.,Review
F000536,C0214,2026-04-08,We are having too many problems.,Survey
F000537,C0214,2026-04-08,The experience has become frustrating.,Interview
F000538,C0215,2026-01-23,The experience has become frustrating.,Support
F000539,C0216,2026-03-06,The dashboard is very useful.,Review
F000540,C0216,2026-03-06,We need a more reliable integration.,Survey
F000541,C0217,2026-04-27,Our team has had a good experience.,In-app
F000542,C0217,2026-04-27,The product has improved our workflow.,In-app
F000543,C0217,2026-04-27,The experience has become frustrating.,Interview
F000544,C0218,2026-02-16,The product has been difficult to use recently.,Support
F000545,C0218,2026-04-16,The dashboard is very useful.,Survey
F000546,C0218,2026-03-03,We need a more reliable integration.,Interview
F000547,C0218,2026-03-28,Our team has had a good experience.,In-app
F000548,C0219,2026-04-22,The integration setup is confusing.,Interview
F000549,C0220,2026-03-22,We are having too many problems.,Survey
F000550,C0220,2026-04-02,The product has improved our workflow.,Survey
F000551,C0220,2026-03-22,We are having too many problems.,Support
F000552,C0221,2026-03-09,The experience has become frustrating.,Survey
F000553,C0221,2026-04-22,The dashboard is very useful.,Review
F000554,C0222,2026-04-28,We are having too many problems.,Support
F000555,C0222,2026-04-18,We are considering other options.,Interview
F000556,C0222,2026-04-18,Our team has had a good experience.,Review
F000557,C0223,2026-04-10,Our team has had a good experience.,Survey
F000558,C0223,2026-04-08,Our integration is not working properly.,Interview
F000559,C0223,2026-03-23,The product has improved our workflow.,Survey
F000560,C0224,2026-03-24,The integration keeps causing problems.,Support
F000561,C0224,2026-03-06,Our team has had a good experience.,Survey
F000562,C0225,2026-03-19,We are having too many problems.,Survey
F000563,C0226,2026-03-21,The integration setup is confusing.,Survey
F000564,C0226,2026-03-24,We are having too many problems.,Survey
F000565,C0226,2026-03-15,We need a more reliable integration.,Survey
F000566,C0227,2026-02-23,We are considering other options.,Support
F000567,C0228,2026-02-17,The product has been difficult to use recently.,Survey
F000568,C0229,2026-04-08,The product has improved our workflow.,In-app
F000569,C0229,2026-04-24,The product is easy to use.,Survey
F000570,C0230,2026-02-24,The dashboard is very useful.,Survey
F000571,C0230,2026-02-24,The product has improved our workflow.,Review
F000572,C0230,2026-03-23,Our team has had a good experience.,Survey
F000573,C0230,2026-03-07,We need a more reliable integration.,Survey
F000574,C0231,2026-03-11,The product has improved our workflow.,Review
F000575,C0231,2026-03-26,Our team has had a good experience.,Survey
F000576,C0231,2026-03-11,The dashboard is very useful.,Review
F000577,C0232,2026-04-10,The experience has become frustrating.,Support
F000578,C0232,2026-04-27,The product has been difficult to use recently.,Interview
F000579,C0232,2026-04-10,The product has improved our workflow.,Review
F000580,C0232,2026-04-10,We need a more reliable integration.,Interview
F000581,C0233,2026-04-29,Our team has had a good experience.,Review
F000582,C0233,2026-04-29,The dashboard is very useful.,Review
F000583,C0234,2026-03-15,We are considering other options.,Interview
F000584,C0234,2026-03-09,The product is easy to use.,Review
F000585,C0234,2026-03-09,We are having too many problems.,Interview
F000586,C0234,2026-04-26,The dashboard is very useful.,Review
F000587,C0235,2026-04-28,The product is easy to use.,In-app
F000588,C0235,2026-04-28,Our integration is not working properly.,Survey
F000589,C0235,2026-04-28,The dashboard is very useful.,Review
F000590,C0236,2026-02-21,The product has improved our workflow.,Survey
F000591,C0236,2026-01-27,The dashboard is very useful.,Survey
F000592,C0236,2026-03-04,The product is easy to use.,In-app
F000593,C0236,2026-03-10,The integration setup is confusing.,Support
F000594,C0237,2026-03-22,We need a more reliable integration.,Support
F000595,C0237,2026-03-18,The dashboard is very useful.,Review
F000596,C0237,2026-03-18,The product has improved our workflow.,Review
F000597,C0237,2026-03-18,The product has been difficult to use recently.,Survey
F000598,C0238,2026-03-03,The integration setup is confusing.,Interview
F000599,C0239,2026-03-13,Our team has had a good experience.,Survey
F000600,C0239,2026-03-04,Our team has had a good experience.,Survey
F000601,C0239,2026-04-07,The product is easy to use.,Survey
F000602,C0239,2026-03-04,We are considering other options.,Interview
F000603,C0240,2026-04-17,Our integration is not working properly.,Support
F000604,C0240,2026-04-21,Our team has had a good experience.,Review
F000605,C0240,2026-03-13,We need a more reliable integration.,Support
F000606,C0241,2026-03-04,The dashboard is very useful.,In-app
F000607,C0242,2026-04-29,The product is easy to use.,In-app
F000608,C0242,2026-04-29,The product is easy to use.,Survey
F000609,C0242,2026-04-29,Our team has had a good experience.,Review
F000610,C0242,2026-04-29,The integration keeps causing problems.,Support
F000611,C0243,2026-02-16,The product has improved our workflow.,Survey
F000612,C0243,2026-02-22,The product is easy to use.,Survey
F000613,C0243,2026-04-05,Our integration is not working properly.,Support
F000614,C0244,2026-04-23,The product has improved our workflow.,Survey
F000615,C0244,2026-04-23,The product is easy to use.,In-app
F000616,C0244,2026-04-23,The product has improved our workflow.,Review
F000617,C0245,2026-04-17,The integration setup is confusing.,Support
F000618,C0245,2026-04-17,The dashboard is very useful.,Survey
F000619,C0246,2026-04-14,Our team has had a good experience.,Survey
F000620,C0247,2026-02-12,The dashboard is very useful.,Survey
F000621,C0247,2026-02-09,The dashboard is very useful.,Survey
F000622,C0247,2026-04-01,We need a more reliable integration.,Support
F000623,C0247,2026-02-13,The dashboard is very useful.,In-app
F000624,C0248,2026-01-31,The dashboard is very useful.,Survey
F000625,C0248,2026-02-18,We are having too many problems.,Interview
F000626,C0249,2026-03-16,The product has improved our workflow.,Review
F000627,C0249,2026-03-23,The product is easy to use.,Review
F000628,C0249,2026-03-16,Our team has had a good experience.,Survey
F000629,C0249,2026-02-19,The dashboard is very useful.,Survey
F000630,C0250,2026-02-23,Our team has had a good experience.,Review
F000631,C0250,2026-03-09,Our team has had a good experience.,Survey
F000632,C0251,2026-04-23,Our team has had a good experience.,Survey
F000633,C0251,2026-04-23,The product is easy to use.,Review
F000634,C0251,2026-04-23,The integration setup is confusing.,Survey
F000635,C0251,2026-04-23,Our team has had a good experience.,Review
F000636,C0252,2026-03-14,The dashboard is very useful.,Survey
F000637,C0252,2026-03-28,The dashboard is very useful.,Review
F000638,C0252,2026-04-03,The integration setup is confusing.,Support
F000639,C0252,2026-04-25,The product is easy to use.,Survey
F000640,C0253,2026-01-26,The product has improved our workflow.,Survey
F000641,C0253,2026-02-16,The product has improved our workflow.,Review
F000642,C0253,2026-02-23,Our team has had a good experience.,Survey
F000643,C0253,2026-01-11,Our team has had a good experience.,In-app
F000644,C0254,2026-01-11,The product is easy to use.,Survey
F000645,C0254,2026-02-13,The experience has become frustrating.,Survey
F000646,C0254,2026-02-17,Our team has had a good experience.,Survey
F000647,C0255,2026-04-04,The product is easy to use.,Review
F000648,C0255,2026-04-04,We are having too many problems.,Support
F000649,C0256,2026-03-12,The product has been difficult to use recently.,Survey
F000650,C0256,2026-03-04,Our team has had a good experience.,In-app
F000651,C0256,2026-03-23,Our integration is not working properly.,Support
F000652,C0257,2026-04-15,The experience has become frustrating.,Support
F000653,C0257,2026-04-15,The product has been difficult to use recently.,Support
F000654,C0257,2026-04-15,The product has improved our workflow.,In-app
F000655,C0258,2026-01-13,The product has improved our workflow.,Review
F000656,C0259,2026-04-13,We need a more reliable integration.,Survey
F000657,C0260,2026-03-10,We are considering other options.,Interview
F000658,C0260,2026-03-10,The dashboard is very useful.,Survey
F000659,C0261,2026-04-09,The product has improved our workflow.,Survey
F000660,C0261,2026-04-09,The product has been difficult to use recently.,Survey
F000661,C0261,2026-04-09,The product has improved our workflow.,In-app
F000662,C0261,2026-04-09,Our team has had a good experience.,Review
F000663,C0262,2026-03-01,The product is easy to use.,Review
F000664,C0262,2026-01-17,The product is easy to use.,In-app
F000665,C0262,2026-03-07,The product has improved our workflow.,Review
F000666,C0263,2026-02-19,The product has been difficult to use recently.,Support
F000667,C0264,2026-03-26,The product has been difficult to use recently.,Survey
F000668,C0264,2026-03-26,We are considering other options.,Survey
F000669,C0264,2026-03-26,The product is easy to use.,In-app
F000670,C0265,2026-04-17,The product has improved our workflow.,In-app
F000671,C0265,2026-03-02,Our team has had a good experience.,In-app
F000672,C0265,2026-03-02,The dashboard is very useful.,In-app
F000673,C0266,2026-04-25,Our integration is not working properly.,Interview
F000674,C0267,2026-02-11,The product is easy to use.,Survey
F000675,C0267,2026-03-15,The dashboard is very useful.,Review
F000676,C0267,2026-01-22,Our team has had a good experience.,Survey
F000677,C0267,2026-02-04,Our team has had a good experience.,Survey
F000678,C0268,2026-02-03,The product has been difficult to use recently.,Interview
F000679,C0268,2026-02-03,We are considering other options.,Support
F000680,C0268,2026-03-09,The integration keeps causing problems.,Interview
F000681,C0269,2026-03-09,The dashboard is very useful.,Review
F000682,C0269,2026-04-07,We need a more reliable integration.,Survey
F000683,C0269,2026-03-09,Our team has had a good experience.,In-app
F000684,C0270,2026-04-22,The dashboard is very useful.,Review
F000685,C0270,2026-04-22,The product has improved our workflow.,Survey
F000686,C0270,2026-04-22,The product is easy to use.,Review
F000687,C0270,2026-04-22,The product has improved our workflow.,Review
F000688,C0271,2026-03-19,The product is easy to use.,Review
F000689,C0271,2026-04-04,We are considering other options.,Survey
F000690,C0271,2026-03-19,The dashboard is very useful.,Review
F000691,C0271,2026-03-23,The product is easy to use.,In-app
F000692,C0272,2026-03-16,We are having too many problems.,Support
F000693,C0272,2026-04-17,The integration keeps causing problems.,Interview
F000694,C0273,2026-03-11,The integration keeps causing problems.,Interview
F000695,C0273,2026-04-06,We are considering other options.,Support
F000696,C0273,2026-03-20,The product has improved our workflow.,In-app
F000697,C0273,2026-03-07,We need a more reliable integration.,Interview
F000698,C0274,2026-04-29,The dashboard is very useful.,Survey
F000699,C0274,2026-04-29,We are considering other options.,Interview
F000700,C0274,2026-04-29,Our team has had a good experience.,In-app
F000701,C0275,2026-04-27,The product is easy to use.,In-app
F000702,C0276,2026-04-14,We are considering other options.,Interview
F000703,C0276,2026-04-07,The dashboard is very useful.,Survey
F000704,C0277,2026-04-04,We are considering other options.,Interview
F000705,C0277,2026-04-04,The product is easy to use.,Review
F000706,C0277,2026-04-04,We need a more reliable integration.,Interview
F000707,C0278,2026-03-30,The product has improved our workflow.,Review
F000708,C0279,2026-04-05,The dashboard is very useful.,Review
F000709,C0280,2026-04-03,Our team has had a good experience.,Review
F000710,C0280,2026-04-02,The product is easy to use.,In-app
F000711,C0280,2026-04-02,The dashboard is very useful.,In-app
F000712,C0280,2026-04-02,The integration keeps causing problems.,Interview
F000713,C0281,2026-04-20,The integration keeps causing problems.,Support
F000714,C0281,2026-03-13,The integration setup is confusing.,Survey
F000715,C0281,2026-04-05,Our integration is not working properly.,Interview
F000716,C0281,2026-03-28,The integration keeps causing problems.,Support
F000717,C0282,2026-02-21,The product has improved our workflow.,Review
F000718,C0282,2026-02-21,The product has improved our workflow.,Survey
F000719,C0282,2026-02-21,The product has been difficult to use recently.,Interview
F000720,C0282,2026-03-07,Our team has had a good experience.,Survey
F000721,C0283,2026-03-27,The product is easy to use.,Review
F000722,C0283,2026-04-14,The dashboard is very useful.,Review
F000723,C0284,2026-03-25,The product has improved our workflow.,In-app
F000724,C0284,2026-03-25,The integration keeps causing problems.,Interview
F000725,C0284,2026-03-25,The integration setup is confusing.,Survey
F000726,C0285,2026-03-18,We are considering other options.,Support
F000727,C0286,2026-03-21,Our team has had a good experience.,Review
F000728,C0286,2026-02-26,Our team has had a good experience.,Review
F000729,C0286,2026-03-01,The experience has become frustrating.,Interview
F000730,C0287,2026-04-26,Our team has had a good experience.,Review
F000731,C0288,2026-03-08,We are considering other options.,Survey
F000732,C0288,2026-03-08,Our team has had a good experience.,Survey
F000733,C0289,2026-02-27,The product has improved our workflow.,Review
F000734,C0289,2026-02-27,We are having too many problems.,Interview
F000735,C0290,2026-02-05,The product is easy to use.,Review
F000736,C0291,2026-03-06,Our team has had a good experience.,Review
F000737,C0291,2026-02-01,The product is easy to use.,In-app
F000738,C0291,2026-04-06,We are having too many problems.,Survey
F000739,C0292,2026-02-15,The product has improved our workflow.,Survey
F000740,C0292,2026-04-02,We need a more reliable integration.,Support
F000741,C0293,2026-04-11,The integration keeps causing problems.,Interview
F000742,C0293,2026-03-01,We need a more reliable integration.,Interview
F000743,C0293,2026-03-19,Our integration is not working properly.,Interview
F000744,C0293,2026-04-05,We are having too many problems.,Interview
F000745,C0294,2026-02-17,The dashboard is very useful.,Review
F000746,C0294,2026-03-26,The product has improved our workflow.,Survey
F000747,C0295,2026-04-02,We are having too many problems.,Interview
F000748,C0295,2026-02-08,The dashboard is very useful.,Review
F000749,C0296,2026-03-17,The dashboard is very useful.,Survey
F000750,C0296,2026-04-24,Our integration is not working properly.,Support
F000751,C0296,2026-03-17,We are having too many problems.,Interview
F000752,C0296,2026-04-09,The dashboard is very useful.,Review
F000753,C0297,2026-03-15,The integration setup is confusing.,Support
F000754,C0297,2026-04-02,The integration keeps causing problems.,Interview
F000755,C0297,2026-03-12,The product has been difficult to use recently.,Support
F000756,C0298,2026-01-30,The experience has become frustrating.,Interview
F000757,C0298,2026-04-09,We are considering other options.,Survey
F000758,C0299,2026-03-17,The product has improved our workflow.,Review
F000759,C0299,2026-03-17,The dashboard is very useful.,Survey
F000760,C0299,2026-04-03,The experience has become frustrating.,Interview
F000761,C0300,2026-02-18,The experience has become frustrating.,Support
F000762,C0301,2026-04-04,The integration keeps causing problems.,Support
F000763,C0301,2026-02-05,The product is easy to use.,Survey
F000764,C0302,2026-01-14,Our team has had a good experience.,In-app
F000765,C0303,2026-04-01,The product has been difficult to use recently.,Support
F000766,C0304,2026-04-20,The integration keeps causing problems.,Support
F000767,C0304,2026-03-26,The product has improved our workflow.,Review
F000768,C0305,2026-04-03,Our integration is not working properly.,Support
F000769,C0305,2026-04-04,We need a more reliable integration.,Interview
F000770,C0305,2026-01-16,The product has improved our workflow.,Survey
F000771,C0305,2026-03-27,Our integration is not working properly.,Support
F000772,C0306,2026-01-30,The product has improved our workflow.,Survey
F000773,C0306,2026-03-21,The integration setup is confusing.,Interview
F000774,C0306,2026-04-23,The integration setup is confusing.,Support
F000775,C0307,2026-04-08,Our integration is not working properly.,Interview
F000776,C0308,2026-04-28,We are having too many problems.,Support
F000777,C0308,2026-04-26,Our integration is not working properly.,Survey
F000778,C0308,2026-04-26,The dashboard is very useful.,Survey
F000779,C0309,2026-02-20,The product has improved our workflow.,Survey
F000780,C0309,2026-01-16,We are having too many problems.,Survey
F000781,C0309,2026-04-24,The integration keeps causing problems.,Interview
F000782,C0309,2026-01-16,The product has been difficult to use recently.,Survey
F000783,C0310,2026-04-21,We are having too many problems.,Survey
F000784,C0311,2026-02-12,The product has improved our workflow.,Review
F000785,C0312,2026-01-14,The experience has become frustrating.,Survey
F000786,C0312,2026-03-17,We are considering other options.,Survey
F000787,C0312,2026-02-21,We are considering other options.,Support
F000788,C0313,2026-04-10,The product has improved our workflow.,Review
F000789,C0313,2026-03-12,The integration setup is confusing.,Interview
F000790,C0313,2026-04-19,We need a more reliable integration.,Survey
F000791,C0314,2026-01-31,We are considering other options.,Support
F000792,C0314,2026-03-07,The product has improved our workflow.,Review
F000793,C0315,2026-03-21,The integration setup is confusing.,Interview
F000794,C0315,2026-04-03,The integration setup is confusing.,Survey
F000795,C0315,2026-03-12,The integration setup is confusing.,Survey
F000796,C0316,2026-03-27,The dashboard is very useful.,Survey
F000797,C0316,2026-03-27,The product is easy to use.,Review
F000798,C0317,2026-03-16,The product has been difficult to use recently.,Survey
F000799,C0317,2026-03-04,The dashboard is very useful.,Review
F000800,C0318,2026-02-06,The product has improved our workflow.,Review
F000801,C0318,2026-04-25,The dashboard is very useful.,In-app
F000802,C0318,2026-03-03,We are having too many problems.,Interview
F000803,C0318,2026-03-04,The integration keeps causing problems.,Interview
F000804,C0319,2026-03-11,The dashboard is very useful.,In-app
F000805,C0320,2026-01-17,The dashboard is very useful.,Survey
F000806,C0320,2026-04-12,Our team has had a good experience.,Review
F000807,C0321,2026-04-03,The dashboard is very useful.,In-app
F000808,C0322,2026-04-30,The integration keeps causing problems.,Interview
F000809,C0322,2026-04-30,The product is easy to use.,Survey
F000810,C0322,2026-04-30,The product has improved our workflow.,Review
F000811,C0322,2026-04-30,The product has been difficult to use recently.,Survey
F000812,C0323,2026-04-23,The product is easy to use.,Review
F000813,C0323,2026-04-23,Our team has had a good experience.,Survey
F000814,C0323,2026-04-23,The product has improved our workflow.,In-app
F000815,C0323,2026-04-23,The dashboard is very useful.,In-app
F000816,C0324,2026-03-15,The experience has become frustrating.,Interview
F000817,C0324,2026-04-12,We need a more reliable integration.,Interview
F000818,C0324,2026-03-15,The dashboard is very useful.,Review
F000819,C0324,2026-03-15,The dashboard is very useful.,Review
F000820,C0325,2026-03-15,The product is easy to use.,Survey
F000821,C0325,2026-03-15,Our team has had a good experience.,In-app
F000822,C0325,2026-04-06,The product has improved our workflow.,Survey
F000823,C0326,2026-03-02,The product has improved our workflow.,Survey
F000824,C0326,2026-03-02,Our team has had a good experience.,Survey
F000825,C0327,2026-02-02,We are considering other options.,Support
F000826,C0327,2026-02-01,The dashboard is very useful.,In-app
F000827,C0328,2026-04-11,The dashboard is very useful.,Survey
F000828,C0328,2026-04-11,The experience has become frustrating.,Support
F000829,C0329,2026-03-02,The product is easy to use.,Review
F000830,C0329,2026-03-02,The product is easy to use.,Review
F000831,C0329,2026-03-02,The product has been difficult to use recently.,Survey
F000832,C0330,2026-04-14,The product is easy to use.,Survey
F000833,C0331,2026-04-22,The dashboard is very useful.,In-app
F000834,C0331,2026-02-22,Our team has had a good experience.,Survey
F000835,C0331,2026-02-22,The product has improved our workflow.,In-app
F000836,C0331,2026-02-22,Our team has had a good experience.,In-app
F000837,C0332,2026-04-18,The product is easy to use.,In-app
F000838,C0333,2026-01-13,The dashboard is very useful.,Survey
F000839,C0333,2026-03-22,The integration keeps causing problems.,Interview
F000840,C0333,2026-02-06,We are considering other options.,Survey
F000841,C0333,2026-04-26,The product has improved our workflow.,Survey
F000842,C0334,2026-02-05,The dashboard is very useful.,Review
F000843,C0334,2026-02-23,The product is easy to use.,Review
F000844,C0335,2026-03-26,The product has improved our workflow.,Review
F000845,C0335,2026-03-26,We are having too many problems.,Interview
F000846,C0336,2026-02-25,The dashboard is very useful.,Survey
F000847,C0336,2026-03-03,The integration keeps causing problems.,Support
F000848,C0336,2026-02-25,The experience has become frustrating.,Interview
F000849,C0336,2026-02-25,The product has been difficult to use recently.,Survey
F000850,C0337,2026-03-11,The product has improved our workflow.,Survey
F000851,C0337,2026-03-25,The dashboard is very useful.,In-app
F000852,C0338,2026-02-24,The dashboard is very useful.,Survey
F000853,C0338,2026-02-24,The product is easy to use.,Review
F000854,C0338,2026-04-16,The integration setup is confusing.,Interview
F000855,C0339,2026-04-06,Our team has had a good experience.,In-app
F000856,C0339,2026-02-22,The experience has become frustrating.,Survey
F000857,C0339,2026-02-22,The dashboard is very useful.,In-app
F000858,C0339,2026-02-22,The experience has become frustrating.,Support
F000859,C0340,2026-04-15,Our integration is not working properly.,Interview
F000860,C0340,2026-03-01,The experience has become frustrating.,Support
F000861,C0341,2026-04-21,The product has been difficult to use recently.,Survey
F000862,C0342,2026-04-04,We are having too many problems.,Support
F000863,C0342,2026-04-04,The product has improved our workflow.,In-app
F000864,C0343,2026-01-21,The dashboard is very useful.,Review
F000865,C0343,2026-01-10,The product is easy to use.,Review
F000866,C0343,2026-03-05,Our team has had a good experience.,Review
F000867,C0343,2026-03-01,The product is easy to use.,Survey
F000868,C0344,2026-03-28,The product has improved our workflow.,Review
F000869,C0344,2026-04-08,The integration keeps causing problems.,Interview
F000870,C0345,2026-04-01,Our integration is not working properly.,Interview
F000871,C0346,2026-03-24,The experience has become frustrating.,Interview
F000872,C0346,2026-04-09,The dashboard is very useful.,Review
F000873,C0346,2026-03-24,The dashboard is very useful.,Review
F000874,C0347,2026-01-13,The product has been difficult to use recently.,Support
F000875,C0347,2026-02-06,We are having too many problems.,Interview
F000876,C0347,2026-02-15,We are considering other options.,Support
F000877,C0347,2026-04-04,The integration keeps causing problems.,Survey
F000878,C0348,2026-03-21,The product has improved our workflow.,In-app
F000879,C0348,2026-03-01,The product is easy to use.,Survey
F000880,C0348,2026-03-08,We need a more reliable integration.,Interview
F000881,C0349,2026-02-21,The experience has become frustrating.,Survey
F000882,C0349,2026-02-21,Our team has had a good experience.,Review
F000883,C0349,2026-04-02,The product has been difficult to use recently.,Interview
F000884,C0350,2026-04-04,The product has improved our workflow.,Review
F000885,C0350,2026-04-15,Our team has had a good experience.,Survey
F000886,C0350,2026-04-11,The product is easy to use.,In-app
F000887,C0350,2026-04-04,The product has improved our workflow.,Survey
F000888,C0351,2026-04-16,The product has been difficult to use recently.,Survey
F000889,C0351,2026-04-12,The dashboard is very useful.,Survey
F000890,C0351,2026-02-22,The dashboard is very useful.,In-app
F000891,C0352,2026-04-13,We are having too many problems.,Survey
F000892,C0352,2026-04-13,The dashboard is very useful.,In-app
F000893,C0352,2026-04-13,Our team has had a good experience.,Survey
F000894,C0352,2026-04-13,The product has improved our workflow.,Survey
F000895,C0353,2026-04-21,The product has been difficult to use recently.,Support
F000896,C0353,2026-04-21,The product is easy to use.,Review
F000897,C0353,2026-04-21,The product is easy to use.,Survey
F000898,C0353,2026-04-21,The product is easy to use.,In-app
F000899,C0354,2026-04-07,The product has improved our workflow.,In-app
F000900,C0354,2026-03-08,The dashboard is very useful.,Review
F000901,C0354,2026-02-28,The dashboard is very useful.,Review
F000902,C0354,2026-03-26,The integration setup is confusing.,Survey
F000903,C0355,2026-03-12,Our integration is not working properly.,Survey
F000904,C0356,2026-01-25,The product is easy to use.,In-app
F000905,C0356,2026-02-19,Our team has had a good experience.,Review
F000906,C0356,2026-03-21,The integration keeps causing problems.,Interview
F000907,C0356,2026-02-09,We are having too many problems.,Support
F000908,C0357,2026-01-25,Our team has had a good experience.,Survey
F000909,C0357,2026-04-08,We need a more reliable integration.,Survey
F000910,C0357,2026-01-25,Our team has had a good experience.,Survey
F000911,C0358,2026-03-10,The dashboard is very useful.,Survey
F000912,C0358,2026-03-10,Our team has had a good experience.,In-app
F000913,C0358,2026-04-18,We need a more reliable integration.,Support
F000914,C0358,2026-03-10,We need a more reliable integration.,Interview
F000915,C0359,2026-03-21,The dashboard is very useful.,Survey
F000916,C0359,2026-02-27,Our team has had a good experience.,Review
F000917,C0359,2026-02-27,The product has improved our workflow.,Survey
F000918,C0360,2026-03-28,Our team has had a good experience.,Review
F000919,C0361,2026-04-23,The experience has become frustrating.,Support
F000920,C0361,2026-03-21,The integration keeps causing problems.,Interview
F000921,C0361,2026-02-24,The dashboard is very useful.,Review
F000922,C0361,2026-03-12,The product is easy to use.,In-app
F000923,C0362,2026-04-14,Our integration is not working properly.,Support
F000924,C0362,2026-03-02,The product has been difficult to use recently.,Survey
F000925,C0363,2026-03-03,The product is easy to use.,In-app
F000926,C0363,2026-02-05,The dashboard is very useful.,Review
F000927,C0364,2026-03-15,We need a more reliable integration.,Support
F000928,C0365,2026-04-26,The dashboard is very useful.,In-app
F000929,C0365,2026-04-06,Our team has had a good experience.,In-app
F000930,C0365,2026-02-06,The dashboard is very useful.,Survey
F000931,C0366,2026-04-22,Our team has had a good experience.,Survey
F000932,C0366,2026-04-22,The experience has become frustrating.,Survey
F000933,C0366,2026-04-22,Our team has had a good experience.,Review
F000934,C0367,2026-04-29,The product has been difficult to use recently.,Survey
F000935,C0367,2026-04-29,The product has improved our workflow.,Survey
F000936,C0367,2026-04-29,The dashboard is very useful.,Review
F000937,C0367,2026-04-29,The product has improved our workflow.,In-app
F000938,C0368,2026-02-17,The product has improved our workflow.,Review
F000939,C0369,2026-04-22,Our integration is not working properly.,Interview
F000940,C0369,2026-04-13,We are having too many problems.,Survey
F000941,C0369,2026-03-26,The integration keeps causing problems.,Support
F000942,C0369,2026-02-26,The product has been difficult to use recently.,Support
F000943,C0370,2026-04-14,Our team has had a good experience.,Survey
F000944,C0371,2026-04-21,The product has been difficult to use recently.,Survey
F000945,C0371,2026-04-21,Our integration is not working properly.,Support
F000946,C0371,2026-04-21,Our team has had a good experience.,Survey
F000947,C0371,2026-04-21,The integration setup is confusing.,Support
F000948,C0372,2026-04-20,The product has improved our workflow.,Survey
F000949,C0372,2026-04-20,The integration setup is confusing.,Survey
F000950,C0372,2026-04-20,We are considering other options.,Support
F000951,C0373,2026-04-21,The integration setup is confusing.,Support
F000952,C0373,2026-03-12,Our team has had a good experience.,In-app
F000953,C0373,2026-03-14,Our integration is not working properly.,Support
F000954,C0373,2026-03-12,The experience has become frustrating.,Interview
F000955,C0374,2026-03-20,We are having too many problems.,Support
F000956,C0375,2026-03-25,The dashboard is very useful.,Survey
F000957,C0375,2026-03-08,Our team has had a good experience.,Survey
F000958,C0376,2026-04-27,The dashboard is very useful.,Review
F000959,C0377,2026-03-11,The dashboard is very useful.,Survey
F000960,C0377,2026-03-11,Our team has had a good experience.,In-app
F000961,C0378,2026-04-18,The product has improved our workflow.,Survey
F000962,C0378,2026-04-18,The product is easy to use.,In-app
F000963,C0378,2026-04-18,The integration keeps causing problems.,Survey
F000964,C0378,2026-04-18,The product has improved our workflow.,In-app
F000965,C0379,2026-03-02,The integration keeps causing problems.,Support
F000966,C0379,2026-01-24,We are having too many problems.,Support
F000967,C0379,2026-04-25,The integration setup is confusing.,Interview
F000968,C0379,2026-04-17,The product is easy to use.,Review
F000969,C0380,2026-01-12,The product has improved our workflow.,In-app
F000970,C0380,2026-02-27,The dashboard is very useful.,Review
F000971,C0380,2026-02-14,We are considering other options.,Interview
F000972,C0380,2026-04-27,We are considering other options.,Interview
F000973,C0381,2026-04-29,The product is easy to use.,Review
F000974,C0382,2026-04-07,The product is easy to use.,Survey
F000975,C0382,2026-04-08,The integration setup is confusing.,Survey
F000976,C0382,2026-04-07,We are considering other options.,Support
F000977,C0383,2026-04-19,The product has been difficult to use recently.,Support
F000978,C0384,2026-03-10,The dashboard is very useful.,Survey
F000979,C0384,2026-04-03,Our team has had a good experience.,In-app
F000980,C0384,2026-04-28,Our integration is not working properly.,Support
F000981,C0384,2026-04-12,We need a more reliable integration.,Support
F000982,C0385,2026-02-16,Our team has had a good experience.,Survey
F000983,C0385,2026-04-03,The product has improved our workflow.,Survey
F000984,C0386,2026-02-22,The product has improved our workflow.,Survey
F000985,C0386,2026-02-22,We are considering other options.,Support
F000986,C0386,2026-04-02,The experience has become frustrating.,Survey
F000987,C0386,2026-02-22,We are considering other options.,Support
F000988,C0387,2026-04-15,The product has improved our workflow.,Review
F000989,C0387,2026-03-04,The product is easy to use.,Review
F000990,C0387,2026-04-14,Our team has had a good experience.,In-app
F000991,C0387,2026-04-10,The dashboard is very useful.,Survey
F000992,C0388,2026-03-03,The product has improved our workflow.,Survey
F000993,C0388,2026-04-09,The product has improved our workflow.,Review
F000994,C0388,2026-03-03,The product is easy to use.,Survey
F000995,C0388,2026-04-28,The dashboard is very useful.,In-app
F000996,C0389,2026-04-24,Our team has had a good experience.,Survey
F000997,C0389,2026-04-18,We are having too many problems.,Survey
F000998,C0390,2026-04-21,Our team has had a good experience.,Survey
F000999,C0390,2026-04-21,Our team has had a good experience.,Survey
F001000,C0390,2026-04-21,The integration keeps causing problems.,Survey
F001001,C0391,2026-02-21,The product has been difficult to use recently.,Survey
F001002,C0391,2026-02-27,We are considering other options.,Interview
F001003,C0391,2026-02-28,The product has improved our workflow.,Survey
F001004,C0392,2026-04-26,We are having too many problems.,Survey
F001005,C0392,2026-04-26,The product is easy to use.,Review
F001006,C0393,2026-03-19,Our integration is not working properly.,Survey
F001007,C0393,2026-03-06,Our integration is not working properly.,Interview
F001008,C0393,2026-04-28,We need a more reliable integration.,Interview
F001009,C0393,2026-03-03,The experience has become frustrating.,Support
F001010,C0394,2026-01-22,The dashboard is very useful.,In-app
F001011,C0394,2026-01-26,The product has improved our workflow.,In-app
F001012,C0394,2026-02-28,The experience has become frustrating.,Survey
F001013,C0395,2026-02-18,The dashboard is very useful.,Survey
F001014,C0395,2026-02-18,The product is easy to use.,In-app
F001015,C0395,2026-04-18,We are considering other options.,Support
F001016,C0395,2026-02-18,The product has improved our workflow.,In-app
F001017,C0396,2026-02-13,The product has improved our workflow.,Survey
F001018,C0396,2026-03-28,We need a more reliable integration.,Support
F001019,C0396,2026-02-27,Our team has had a good experience.,Survey
F001020,C0396,2026-04-16,The product has improved our workflow.,Survey
F001021,C0397,2026-02-19,The product is easy to use.,Survey
F001022,C0397,2026-04-12,The integration setup is confusing.,Interview
F001023,C0397,2026-02-19,Our team has had a good experience.,Survey
F001024,C0398,2026-02-03,The dashboard is very useful.,Survey
F001025,C0399,2026-04-29,We are considering other options.,Interview
F001026,C0399,2026-04-29,We are considering other options.,Support
F001027,C0400,2026-04-11,The integration setup is confusing.,Interview
F001028,C0401,2026-04-11,The product has improved our workflow.,Review
F001029,C0401,2026-04-11,We are considering other options.,Support
F001030,C0401,2026-04-11,The product is easy to use.,Survey
F001031,C0401,2026-04-11,Our team has had a good experience.,In-app
F001032,C0402,2026-04-21,The product has been difficult to use recently.,Survey
F001033,C0402,2026-04-03,The product is easy to use.,In-app
F001034,C0402,2026-04-28,The dashboard is very useful.,In-app
F001035,C0402,2026-02-28,Our team has had a good experience.,Survey
F001036,C0403,2026-02-16,Our team has had a good experience.,Survey
F001037,C0403,2026-04-23,The integration keeps causing problems.,Interview
F001038,C0403,2026-04-12,Our team has had a good experience.,In-app
F001039,C0403,2026-03-06,The product has been difficult to use recently.,Survey
F001040,C0404,2026-03-28,The product has improved our workflow.,Review
F001041,C0404,2026-02-24,Our team has had a good experience.,Survey
F001042,C0404,2026-04-06,We are having too many problems.,Interview
F001043,C0405,2026-03-31,The experience has become frustrating.,Survey
F001044,C0405,2026-04-25,The integration keeps causing problems.,Interview
F001045,C0405,2026-04-24,The product is easy to use.,Survey
F001046,C0406,2026-04-08,We need a more reliable integration.,Support
F001047,C0406,2026-04-21,We are considering other options.,Survey
F001048,C0406,2026-04-04,The product has improved our workflow.,Survey
F001049,C0406,2026-04-04,The product has improved our workflow.,Review
F001050,C0407,2026-04-11,The experience has become frustrating.,Interview
F001051,C0407,2026-04-11,The product is easy to use.,In-app
F001052,C0407,2026-04-11,We are having too many problems.,Survey
F001053,C0408,2026-03-13,The product is easy to use.,In-app
F001054,C0408,2026-03-13,The product is easy to use.,In-app
F001055,C0408,2026-03-26,The product is easy to use.,In-app
F001056,C0409,2026-04-05,Our team has had a good experience.,Survey
F001057,C0409,2026-04-21,The product has been difficult to use recently.,Survey
F001058,C0410,2026-04-02,Our team has had a good experience.,In-app
F001059,C0410,2026-04-02,The product is easy to use.,In-app
F001060,C0410,2026-04-02,We are considering other options.,Interview
F001061,C0411,2026-04-02,The product has been difficult to use recently.,Survey
F001062,C0411,2026-04-24,Our integration is not working properly.,Interview
F001063,C0411,2026-04-20,We are having too many problems.,Survey
F001064,C0412,2026-03-11,Our team has had a good experience.,In-app
F001065,C0412,2026-01-20,The product has been difficult to use recently.,Survey
F001066,C0412,2026-04-16,The product is easy to use.,Survey
F001067,C0413,2026-04-08,We are having too many problems.,Survey
F001068,C0413,2026-03-14,Our team has had a good experience.,Review
F001069,C0413,2026-01-25,The product is easy to use.,In-app
F001070,C0414,2026-03-07,The product has improved our workflow.,Survey
F001071,C0414,2026-04-09,The product has been difficult to use recently.,Interview
F001072,C0415,2026-04-04,The integration keeps causing problems.,Support
F001073,C0416,2026-01-28,Our team has had a good experience.,Survey
F001074,C0416,2026-02-24,The product has improved our workflow.,Review
F001075,C0416,2026-01-28,The product has been difficult to use recently.,Support
F001076,C0417,2026-03-16,The product is easy to use.,In-app
F001077,C0417,2026-03-16,Our team has had a good experience.,Review
F001078,C0417,2026-03-16,The product is easy to use.,In-app
F001079,C0418,2026-04-05,The experience has become frustrating.,Interview
F001080,C0418,2026-04-25,The integration setup is confusing.,Survey
F001081,C0418,2026-04-11,The integration keeps causing problems.,Support
F001082,C0419,2026-04-01,The dashboard is very useful.,In-app
F001083,C0419,2026-03-11,We are having too many problems.,Support
F001084,C0419,2026-03-11,The experience has become frustrating.,Support
F001085,C0419,2026-03-11,The product has improved our workflow.,Review
F001086,C0420,2026-03-28,The integration setup is confusing.,Interview
F001087,C0420,2026-04-21,Our integration is not working properly.,Support
F001088,C0421,2026-04-06,Our team has had a good experience.,In-app
F001089,C0422,2026-02-10,The dashboard is very useful.,Survey
F001090,C0422,2026-03-22,Our team has had a good experience.,Review
F001091,C0422,2026-02-11,The product is easy to use.,In-app
F001092,C0422,2026-03-26,We need a more reliable integration.,Interview
F001093,C0423,2026-04-05,The product is easy to use.,Survey
F001094,C0423,2026-01-10,The product has improved our workflow.,Review
F001095,C0423,2026-04-27,Our team has had a good experience.,Survey
F001096,C0423,2026-04-07,We need a more reliable integration.,Survey
F001097,C0424,2026-01-10,The product has improved our workflow.,In-app
F001098,C0424,2026-02-28,The product has improved our workflow.,In-app
F001099,C0425,2026-03-16,The product is easy to use.,Survey
F001100,C0426,2026-04-04,We are having too many problems.,Support
F001101,C0427,2026-04-14,Our team has had a good experience.,Review
F001102,C0427,2026-03-25,The experience has become frustrating.,Support
F001103,C0428,2026-04-28,The product has improved our workflow.,Review
F001104,C0428,2026-04-28,The dashboard is very useful.,In-app
F001105,C0428,2026-04-28,The product has improved our workflow.,Survey
F001106,C0429,2026-04-20,The product is easy to use.,In-app
F001107,C0429,2026-04-20,The product has improved our workflow.,In-app
F001108,C0429,2026-04-20,Our integration is not working properly.,Interview
F001109,C0430,2026-03-09,We are having too many problems.,Survey
F001110,C0430,2026-04-14,We are considering other options.,Interview
F001111,C0430,2026-03-09,We are having too many problems.,Support
F001112,C0430,2026-03-09,We are considering other options.,Survey
F001113,C0431,2026-04-14,The dashboard is very useful.,Survey
F001114,C0431,2026-04-27,The product has improved our workflow.,Survey
F001115,C0431,2026-03-12,The dashboard is very useful.,Survey
F001116,C0432,2026-01-27,The product has improved our workflow.,Review
F001117,C0433,2026-03-07,The product is easy to use.,Review
F001118,C0434,2026-02-04,Our team has had a good experience.,Survey
F001119,C0434,2026-04-25,We are considering other options.,Interview
F001120,C0435,2026-04-19,Our team has had a good experience.,In-app
F001121,C0435,2026-04-19,The product is easy to use.,In-app
F001122,C0436,2026-03-11,The integration keeps causing problems.,Interview
F001123,C0436,2026-04-11,We need a more reliable integration.,Interview
F001124,C0436,2026-04-21,The product has improved our workflow.,In-app
F001125,C0436,2026-02-03,The product has improved our workflow.,Review
F001126,C0437,2026-03-22,We are considering other options.,Support
F001127,C0437,2026-03-06,The product is easy to use.,Review
F001128,C0437,2026-04-13,The product is easy to use.,In-app
F001129,C0437,2026-02-06,Our team has had a good experience.,In-app
F001130,C0438,2026-03-18,We are having too many problems.,Support
F001131,C0438,2026-03-18,The product is easy to use.,Survey
F001132,C0438,2026-03-18,The dashboard is very useful.,Review
F001133,C0438,2026-03-18,The product has improved our workflow.,In-app
F001134,C0439,2026-01-10,The product has been difficult to use recently.,Support
F001135,C0439,2026-01-15,The product has improved our workflow.,Review
F001136,C0439,2026-03-13,We are having too many problems.,Support
F001137,C0440,2026-03-28,The product has improved our workflow.,In-app
F001138,C0440,2026-04-25,We are considering other options.,Interview
F001139,C0440,2026-03-28,The dashboard is very useful.,Survey
F001140,C0440,2026-03-28,The product has been difficult to use recently.,Survey
F001141,C0441,2026-04-21,We need a more reliable integration.,Support
F001142,C0441,2026-04-21,The experience has become frustrating.,Interview
F001143,C0442,2026-04-21,The product has improved our workflow.,Review
F001144,C0443,2026-03-23,The dashboard is very useful.,Survey
F001145,C0443,2026-03-08,The integration keeps causing problems.,Survey
F001146,C0444,2026-02-22,The product has been difficult to use recently.,Support
F001147,C0445,2026-04-26,Our team has had a good experience.,In-app
F001148,C0445,2026-04-24,The dashboard is very useful.,In-app
F001149,C0446,2026-03-19,The dashboard is very useful.,In-app
F001150,C0447,2026-02-21,We are having too many problems.,Support
F001151,C0447,2026-02-01,The dashboard is very useful.,In-app
F001152,C0447,2026-03-24,The product is easy to use.,Survey
F001153,C0448,2026-03-16,We are considering other options.,Interview
F001154,C0449,2026-04-17,The product has improved our workflow.,Survey
F001155,C0449,2026-03-21,The experience has become frustrating.,Support
F001156,C0450,2026-02-22,The product is easy to use.,Survey
F001157,C0450,2026-03-15,Our team has had a good experience.,Review
F001158,C0450,2026-03-06,The product has been difficult to use recently.,Survey
F001159,C0451,2026-04-15,The experience has become frustrating.,Interview
F001160,C0451,2026-03-21,The product has improved our workflow.,Review
F001161,C0451,2026-04-14,The product is easy to use.,In-app
F001162,C0451,2026-03-21,The integration keeps causing problems.,Interview
F001163,C0452,2026-01-20,The product has improved our workflow.,Survey
F001164,C0452,2026-03-17,The experience has become frustrating.,Support
F001165,C0452,2026-03-04,The product is easy to use.,In-app
F001166,C0452,2026-03-12,The dashboard is very useful.,In-app
F001167,C0453,2026-02-23,The product is easy to use.,Survey
F001168,C0453,2026-04-20,The integration keeps causing problems.,Interview
F001169,C0453,2026-02-23,The product has improved our workflow.,In-app
F001170,C0453,2026-03-24,The product is easy to use.,Survey
F001171,C0454,2026-03-26,The dashboard is very useful.,Survey
F001172,C0454,2026-04-23,Our team has had a good experience.,In-app
F001173,C0454,2026-03-26,The integration setup is confusing.,Support
F001174,C0454,2026-03-26,The product is easy to use.,Review
F001175,C0455,2026-03-16,The experience has become frustrating.,Support
F001176,C0456,2026-03-27,The dashboard is very useful.,Survey
F001177,C0456,2026-03-14,The dashboard is very useful.,Survey
F001178,C0457,2026-03-08,The experience has become frustrating.,Survey
F001179,C0458,2026-02-24,The experience has become frustrating.,Interview
F001180,C0458,2026-02-10,Our team has had a good experience.,In-app
F001181,C0458,2026-03-15,The integration setup is confusing.,Survey
F001182,C0458,2026-02-10,The product has been difficult to use recently.,Survey
F001183,C0459,2026-04-30,The dashboard is very useful.,Review
F001184,C0459,2026-04-30,The product is easy to use.,Survey
F001185,C0459,2026-04-30,The dashboard is very useful.,Review
F001186,C0460,2026-02-03,We are considering other options.,Support
F001187,C0460,2026-02-03,The product is easy to use.,Review
F001188,C0460,2026-02-03,The product is easy to use.,Survey
F001189,C0460,2026-02-03,The product has been difficult to use recently.,Interview
F001190,C0461,2026-04-23,The product is easy to use.,In-app
F001191,C0461,2026-03-27,Our team has had a good experience.,Review
F001192,C0461,2026-02-03,The product has been difficult to use recently.,Survey
F001193,C0461,2026-01-27,We are having too many problems.,Survey
F001194,C0462,2026-03-27,The product has been difficult to use recently.,Support
F001195,C0463,2026-04-02,Our team has had a good experience.,Survey
F001196,C0463,2026-04-02,Our integration is not working properly.,Survey
F001197,C0463,2026-04-02,We are considering other options.,Support
F001198,C0464,2026-02-12,We are considering other options.,Survey
F001199,C0465,2026-03-03,Our team has had a good experience.,Review
F001200,C0465,2026-04-14,We need a more reliable integration.,Interview
F001201,C0465,2026-04-18,The dashboard is very useful.,Survey
F001202,C0466,2026-03-07,Our integration is not working properly.,Survey
F001203,C0467,2026-02-20,The dashboard is very useful.,Review
F001204,C0467,2026-02-20,We are considering other options.,Interview
F001205,C0468,2026-02-07,The product has improved our workflow.,Survey
F001206,C0468,2026-03-09,The product is easy to use.,Survey
F001207,C0469,2026-04-28,We need a more reliable integration.,Support
F001208,C0469,2026-03-27,The product is easy to use.,Survey
F001209,C0470,2026-03-24,The product has improved our workflow.,Review
F001210,C0471,2026-04-17,The integration keeps causing problems.,Interview
F001211,C0471,2026-02-08,We are having too many problems.,Support
F001212,C0471,2026-02-08,The product has improved our workflow.,In-app
F001213,C0472,2026-02-28,The experience has become frustrating.,Interview
F001214,C0472,2026-02-28,We are considering other options.,Interview
F001215,C0472,2026-02-28,The experience has become frustrating.,Survey
F001216,C0473,2026-03-10,Our integration is not working properly.,Support
F001217,C0473,2026-02-10,The product has been difficult to use recently.,Interview
F001218,C0474,2026-04-29,The dashboard is very useful.,Survey
F001219,C0475,2026-04-07,The product is easy to use.,Survey
F001220,C0475,2026-04-07,Our team has had a good experience.,Survey
F001221,C0475,2026-04-07,The integration keeps causing problems.,Survey
F001222,C0476,2026-04-30,The product has improved our workflow.,Review
F001223,C0476,2026-04-30,The integration setup is confusing.,Survey
F001224,C0476,2026-04-30,The product has been difficult to use recently.,Survey
F001225,C0476,2026-04-30,The product has improved our workflow.,Review
F001226,C0477,2026-02-17,The product has improved our workflow.,Survey
F001227,C0477,2026-02-05,The product has improved our workflow.,Survey
F001228,C0477,2026-03-10,The product is easy to use.,Survey
F001229,C0477,2026-04-17,The product is easy to use.,In-app
F001230,C0478,2026-03-17,Our integration is not working properly.,Survey
F001231,C0478,2026-04-08,Our integration is not working properly.,Survey
F001232,C0479,2026-02-28,The product has improved our workflow.,Survey
F001233,C0480,2026-04-21,The experience has become frustrating.,Survey
F001234,C0480,2026-03-21,Our integration is not working properly.,Interview
F001235,C0480,2026-03-21,The dashboard is very useful.,Survey
F001236,C0481,2026-03-14,The product has improved our workflow.,In-app
F001237,C0481,2026-03-14,The experience has become frustrating.,Interview
F001238,C0481,2026-03-28,Our team has had a good experience.,Survey
F001239,C0482,2026-04-07,The dashboard is very useful.,Review
F001240,C0482,2026-02-21,We are having too many problems.,Support
F001241,C0482,2026-01-13,The product has improved our workflow.,Survey
F001242,C0483,2026-04-16,Our integration is not working properly.,Support
F001243,C0483,2026-01-10,The dashboard is very useful.,In-app
F001244,C0483,2026-03-11,Our integration is not working properly.,Survey
F001245,C0484,2026-03-10,The integration keeps causing problems.,Interview
F001246,C0485,2026-02-02,The experience has become frustrating.,Survey
F001247,C0485,2026-01-28,Our team has had a good experience.,Review
F001248,C0486,2026-03-06,We are considering other options.,Support
F001249,C0486,2026-03-06,The product is easy to use.,Review
F001250,C0486,2026-03-06,The dashboard is very useful.,In-app
F001251,C0487,2026-03-15,The integration keeps causing problems.,Interview
F001252,C0488,2026-04-22,The experience has become frustrating.,Support
F001253,C0488,2026-02-23,The product has been difficult to use recently.,Survey
F001254,C0488,2026-04-07,The product is easy to use.,In-app
F001255,C0489,2026-04-30,The product has been difficult to use recently.,Survey
F001256,C0489,2026-04-30,The experience has become frustrating.,Survey
F001257,C0489,2026-04-30,The product is easy to use.,In-app
F001258,C0489,2026-04-30,Our integration is not working properly.,Survey
F001259,C0490,2026-03-12,The product has improved our workflow.,Review
F001260,C0490,2026-04-07,The dashboard is very useful.,Survey
F001261,C0490,2026-02-14,The product has improved our workflow.,Survey
F001262,C0491,2026-04-23,The product has been difficult to use recently.,Interview
F001263,C0491,2026-04-24,The product has improved our workflow.,In-app
F001264,C0491,2026-04-23,The product is easy to use.,Survey
F001265,C0491,2026-04-26,We need a more reliable integration.,Interview
F001266,C0492,2026-04-04,The product has improved our workflow.,In-app
F001267,C0493,2026-04-23,The product is easy to use.,Survey
F001268,C0493,2026-04-23,The product is easy to use.,Survey
F001269,C0494,2026-03-15,The product has improved our workflow.,Survey
F001270,C0494,2026-02-07,The experience has become frustrating.,Interview
F001271,C0494,2026-03-02,The integration keeps causing problems.,Interview
F001272,C0495,2026-04-10,The dashboard is very useful.,Survey
F001273,C0495,2026-03-16,The dashboard is very useful.,In-app
F001274,C0496,2026-03-13,We need a more reliable integration.,Survey
F001275,C0496,2026-02-16,Our team has had a good experience.,In-app
F001276,C0496,2026-03-10,The dashboard is very useful.,In-app
F001277,C0497,2026-04-07,We need a more reliable integration.,Interview
F001278,C0497,2026-04-01,We are having too many problems.,Support
F001279,C0497,2026-03-24,The dashboard is very useful.,In-app
F001280,C0498,2026-04-18,We need a more reliable integration.,Survey
F001281,C0498,2026-02-26,Our team has had a good experience.,In-app
F001282,C0499,2026-04-17,We are considering other options.,Support
F001283,C0500,2026-04-25,The dashboard is very useful.,In-app
F001284,C0500,2026-03-11,The dashboard is very useful.,In-app
F001285,C0501,2026-04-01,The product is easy to use.,Review
F001286,C0501,2026-04-01,The product has improved our workflow.,Survey
F001287,C0501,2026-04-17,The product is easy to use.,In-app
F001288,C0502,2026-04-25,Our team has had a good experience.,Survey
F001289,C0502,2026-04-26,Our integration is not working properly.,Interview
F001290,C0502,2026-02-26,The dashboard is very useful.,Survey
F001291,C0502,2026-03-12,Our team has had a good experience.,Review
F001292,C0503,2026-03-20,The product has improved our workflow.,Survey
F001293,C0503,2026-03-20,We are having too many problems.,Interview
F001294,C0503,2026-04-10,Our team has had a good experience.,In-app
F001295,C0503,2026-03-20,The product is easy to use.,Survey
F001296,C0504,2026-04-14,The product is easy to use.,In-app
F001297,C0505,2026-03-25,Our team has had a good experience.,Survey
F001298,C0505,2026-03-25,Our team has had a good experience.,Survey
F001299,C0505,2026-03-25,We need a more reliable integration.,Survey
F001300,C0506,2026-03-09,The product has been difficult to use recently.,Support
F001301,C0506,2026-03-09,The product is easy to use.,Review
F001302,C0506,2026-03-09,The experience has become frustrating.,Support
F001303,C0507,2026-02-25,The experience has become frustrating.,Support
F001304,C0507,2026-04-26,We are having too many problems.,Survey
F001305,C0508,2026-03-27,We are considering other options.,Interview
F001306,C0508,2026-03-27,The product is easy to use.,Survey
F001307,C0509,2026-04-15,The dashboard is very useful.,Survey
F001308,C0510,2026-03-12,The dashboard is very useful.,Review
F001309,C0510,2026-03-12,We are having too many problems.,Support
F001310,C0511,2026-03-08,The dashboard is very useful.,In-app
F001311,C0511,2026-02-17,The product has improved our workflow.,Review
F001312,C0511,2026-03-26,The product has improved our workflow.,Survey
F001313,C0512,2026-04-30,The product is easy to use.,Survey
F001314,C0512,2026-04-30,We are having too many problems.,Survey
F001315,C0512,2026-04-30,We are having too many problems.,Survey
F001316,C0513,2026-03-26,The product has improved our workflow.,Review
F001317,C0513,2026-03-26,We need a more reliable integration.,Support
F001318,C0513,2026-03-26,The product has been difficult to use recently.,Support
F001319,C0514,2026-02-08,The dashboard is very useful.,Review
F001320,C0514,2026-01-21,The product is easy to use.,Review
F001321,C0515,2026-04-23,The integration keeps causing problems.,Survey
F001322,C0515,2026-04-23,The product has improved our workflow.,In-app
F001323,C0515,2026-04-23,The product has improved our workflow.,Review
F001324,C0516,2026-02-13,The product has been difficult to use recently.,Survey
F001325,C0516,2026-01-18,Our team has had a good experience.,Review
F001326,C0516,2026-04-13,The dashboard is very useful.,In-app
F001327,C0517,2026-04-11,We are considering other options.,Support
F001328,C0517,2026-02-03,The experience has become frustrating.,Interview
F001329,C0518,2026-04-27,The product is easy to use.,Review
F001330,C0518,2026-04-27,The integration keeps causing problems.,Support
F001331,C0518,2026-01-25,The product is easy to use.,Survey
F001332,C0518,2026-01-15,The product has improved our workflow.,Survey
F001333,C0519,2026-04-24,The integration setup is confusing.,Interview
F001334,C0519,2026-04-24,The product is easy to use.,In-app
F001335,C0519,2026-04-24,We need a more reliable integration.,Survey
F001336,C0519,2026-04-24,We need a more reliable integration.,Support
F001337,C0520,2026-03-18,We are having too many problems.,Support
F001338,C0520,2026-01-24,The product has improved our workflow.,Review
F001339,C0520,2026-01-18,The product has been difficult to use recently.,Support
F001340,C0521,2026-04-06,Our integration is not working properly.,Interview
F001341,C0521,2026-04-06,The product is easy to use.,Survey
F001342,C0521,2026-04-06,The product is easy to use.,Survey
F001343,C0522,2026-03-20,The integration keeps causing problems.,Support
F001344,C0522,2026-03-12,We are considering other options.,Support
F001345,C0523,2026-04-06,Our integration is not working properly.,Support
F001346,C0523,2026-03-28,We need a more reliable integration.,Support
F001347,C0524,2026-02-04,Our team has had a good experience.,In-app
F001348,C0525,2026-02-06,Our team has had a good experience.,In-app
F001349,C0525,2026-03-14,The product is easy to use.,Review
F001350,C0525,2026-02-27,The dashboard is very useful.,Review
F001351,C0526,2026-03-19,Our team has had a good experience.,In-app
F001352,C0526,2026-03-19,The experience has become frustrating.,Survey
F001353,C0526,2026-03-19,Our team has had a good experience.,In-app
F001354,C0526,2026-03-19,The product has improved our workflow.,Survey
F001355,C0527,2026-04-23,The product has been difficult to use recently.,Survey
F001356,C0527,2026-01-27,Our team has had a good experience.,Survey
F001357,C0527,2026-03-07,The product is easy to use.,Survey
F001358,C0527,2026-02-02,Our team has had a good experience.,Survey
F001359,C0528,2026-04-02,The dashboard is very useful.,In-app
F001360,C0528,2026-04-08,The integration setup is confusing.,Interview
F001361,C0528,2026-04-02,Our integration is not working properly.,Survey
F001362,C0529,2026-02-13,The product has improved our workflow.,Review
F001363,C0529,2026-04-04,Our team has had a good experience.,Survey
F001364,C0529,2026-04-13,The product has improved our workflow.,Review
F001365,C0530,2026-04-19,The product has been difficult to use recently.,Interview
F001366,C0530,2026-03-23,The experience has become frustrating.,Survey
F001367,C0531,2026-03-29,The integration setup is confusing.,Interview
F001368,C0532,2026-04-15,The integration setup is confusing.,Survey
F001369,C0532,2026-03-23,The product has been difficult to use recently.,Interview
F001370,C0533,2026-04-20,The experience has become frustrating.,Support
F001371,C0533,2026-04-20,We are considering other options.,Support
F001372,C0533,2026-04-20,The product has improved our workflow.,In-app
F001373,C0534,2026-02-03,We are having too many problems.,Interview
F001374,C0534,2026-04-19,The product is easy to use.,Survey
F001375,C0535,2026-03-06,We are having too many problems.,Survey
F001376,C0535,2026-03-06,Our team has had a good experience.,Survey
F001377,C0536,2026-03-04,The product is easy to use.,Survey
F001378,C0536,2026-03-22,The dashboard is very useful.,Survey
F001379,C0536,2026-03-04,The product is easy to use.,Review
F001380,C0536,2026-04-06,The integration setup is confusing.,Interview
F001381,C0537,2026-04-03,The product is easy to use.,Review
F001382,C0537,2026-02-15,The experience has become frustrating.,Interview
F001383,C0538,2026-04-26,The product has been difficult to use recently.,Support
F001384,C0539,2026-04-27,The dashboard is very useful.,In-app
F001385,C0539,2026-04-27,The product has improved our workflow.,In-app
F001386,C0540,2026-04-19,The product has improved our workflow.,Survey
F001387,C0540,2026-04-19,The product has improved our workflow.,Survey
F001388,C0541,2026-04-12,The integration setup is confusing.,Support
F001389,C0541,2026-02-17,The dashboard is very useful.,Review
F001390,C0542,2026-01-21,The product is easy to use.,Survey
F001391,C0543,2026-03-23,The product has improved our workflow.,In-app
F001392,C0543,2026-03-23,The product has improved our workflow.,In-app
F001393,C0544,2026-04-03,The product has been difficult to use recently.,Support
F001394,C0545,2026-04-17,The product has improved our workflow.,Survey
F001395,C0546,2026-04-20,We are considering other options.,Interview
F001396,C0546,2026-02-16,The product is easy to use.,In-app
F001397,C0547,2026-03-18,The integration setup is confusing.,Survey
F001398,C0547,2026-04-20,The product has improved our workflow.,In-app
F001399,C0547,2026-03-25,The dashboard is very useful.,In-app
F001400,C0548,2026-04-02,The integration keeps causing problems.,Survey
F001401,C0548,2026-01-18,The dashboard is very useful.,In-app
F001402,C0549,2026-03-11,The dashboard is very useful.,Survey
F001403,C0550,2026-04-09,The experience has become frustrating.,Interview
F001404,C0550,2026-04-19,The product has been difficult to use recently.,Survey
F001405,C0550,2026-04-09,The dashboard is very useful.,Review
F001406,C0550,2026-04-09,Our team has had a good experience.,Review
F001407,C0551,2026-01-18,The dashboard is very useful.,Review
F001408,C0551,2026-04-11,Our team has had a good experience.,Review
F001409,C0551,2026-02-23,The experience has become frustrating.,Interview
F001410,C0552,2026-03-23,The product has improved our workflow.,Review
F001411,C0553,2026-03-09,We need a more reliable integration.,Survey
F001412,C0553,2026-03-12,The experience has become frustrating.,Survey
F001413,C0553,2026-02-26,Our team has had a good experience.,Survey
F001414,C0554,2026-02-04,The product is easy to use.,In-app
F001415,C0554,2026-03-28,The integration setup is confusing.,Support
F001416,C0554,2026-03-23,The integration setup is confusing.,Interview
F001417,C0554,2026-02-14,We are having too many problems.,Support
F001418,C0555,2026-04-05,The product is easy to use.,Review
F001419,C0556,2026-02-26,The product has been difficult to use recently.,Interview
F001420,C0556,2026-02-26,Our team has had a good experience.,In-app
F001421,C0557,2026-03-12,Our team has had a good experience.,In-app
F001422,C0557,2026-03-12,The product has improved our workflow.,In-app
F001423,C0557,2026-03-13,The product is easy to use.,Survey
F001424,C0557,2026-03-12,We are considering other options.,Interview
F001425,C0558,2026-04-01,We are having too many problems.,Interview
F001426,C0559,2026-03-18,The product has improved our workflow.,Survey
F001427,C0559,2026-03-15,The dashboard is very useful.,In-app
F001428,C0559,2026-02-24,Our team has had a good experience.,Review
F001429,C0559,2026-04-26,We need a more reliable integration.,Support
F001430,C0560,2026-04-05,The dashboard is very useful.,Survey
F001431,C0560,2026-04-09,The integration keeps causing problems.,Interview
F001432,C0560,2026-04-13,Our team has had a good experience.,In-app
F001433,C0561,2026-02-08,The dashboard is very useful.,Review
F001434,C0561,2026-01-15,The product has improved our workflow.,In-app
F001435,C0561,2026-02-26,The dashboard is very useful.,Survey
F001436,C0562,2026-04-03,Our team has had a good experience.,Review
F001437,C0562,2026-04-06,We need a more reliable integration.,Survey
F001438,C0563,2026-04-04,The integration setup is confusing.,Interview
F001439,C0563,2026-03-21,Our integration is not working properly.,Interview
F001440,C0563,2026-03-27,The product has improved our workflow.,Review
F001441,C0563,2026-01-10,We are considering other options.,Interview
F001442,C0564,2026-04-24,Our integration is not working properly.,Survey
F001443,C0564,2026-04-24,The dashboard is very useful.,Survey
F001444,C0564,2026-04-24,We are having too many problems.,Interview
F001445,C0565,2026-03-30,The dashboard is very useful.,Survey
F001446,C0565,2026-04-15,Our integration is not working properly.,Support
F001447,C0565,2026-04-23,The product has improved our workflow.,Survey
F001448,C0566,2026-04-26,The dashboard is very useful.,Review
F001449,C0567,2026-03-24,The integration keeps causing problems.,Survey
F001450,C0567,2026-02-16,Our team has had a good experience.,Review
F001451,C0568,2026-04-06,The dashboard is very useful.,Review
F001452,C0568,2026-03-11,The product has improved our workflow.,Review
F001453,C0568,2026-03-11,The dashboard is very useful.,In-app
F001454,C0568,2026-03-11,Our team has had a good experience.,Survey
F001455,C0569,2026-04-01,The integration setup is confusing.,Support
F001456,C0570,2026-04-17,We are having too many problems.,Interview
F001457,C0571,2026-02-17,The product is easy to use.,In-app
F001458,C0571,2026-04-13,The experience has become frustrating.,Support
F001459,C0571,2026-03-27,We need a more reliable integration.,Interview
F001460,C0571,2026-02-17,The product has improved our workflow.,Survey
F001461,C0572,2026-03-16,Our team has had a good experience.,Survey
F001462,C0572,2026-03-16,The product is easy to use.,In-app
F001463,C0572,2026-03-16,Our team has had a good experience.,Survey
F001464,C0572,2026-03-16,The product has been difficult to use recently.,Support
F001465,C0573,2026-04-07,Our team has had a good experience.,Survey
F001466,C0573,2026-03-12,The experience has become frustrating.,Survey
F001467,C0573,2026-03-12,We are considering other options.,Interview
F001468,C0573,2026-03-12,The product has been difficult to use recently.,Interview
F001469,C0574,2026-04-06,Our integration is not working properly.,Support
F001470,C0574,2026-03-03,The dashboard is very useful.,Review
F001471,C0574,2026-02-05,The product has improved our workflow.,In-app
F001472,C0575,2026-04-17,The product has improved our workflow.,Survey
F001473,C0575,2026-04-17,We are considering other options.,Survey
F001474,C0575,2026-04-20,The experience has become frustrating.,Survey
F001475,C0575,2026-04-26,The integration keeps causing problems.,Interview
F001476,C0576,2026-04-06,The dashboard is very useful.,Survey
F001477,C0576,2026-03-18,The product is easy to use.,In-app
F001478,C0576,2026-01-17,The experience has become frustrating.,Survey
F001479,C0576,2026-04-14,Our team has had a good experience.,In-app
F001480,C0577,2026-03-23,We need a more reliable integration.,Survey
F001481,C0578,2026-04-20,The integration setup is confusing.,Support
F001482,C0578,2026-02-09,The product has improved our workflow.,Survey
F001483,C0578,2026-04-28,The product has improved our workflow.,Survey
F001484,C0579,2026-03-05,The integration keeps causing problems.,Survey
F001485,C0579,2026-02-19,We are considering other options.,Interview
F001486,C0579,2026-04-23,The dashboard is very useful.,Review
F001487,C0580,2026-04-26,We are considering other options.,Interview
F001488,C0580,2026-04-26,The product has improved our workflow.,Survey
F001489,C0580,2026-04-26,The dashboard is very useful.,Survey
F001490,C0580,2026-04-26,Our team has had a good experience.,Survey
F001491,C0581,2026-04-30,The product has been difficult to use recently.,Support
F001492,C0581,2026-04-30,The product has improved our workflow.,In-app
F001493,C0582,2026-04-12,Our team has had a good experience.,Survey
F001494,C0582,2026-04-12,The product has improved our workflow.,Survey
F001495,C0583,2026-04-21,We are having too many problems.,Support
F001496,C0583,2026-04-21,The product is easy to use.,Survey
F001497,C0583,2026-04-21,We are having too many problems.,Support
F001498,C0584,2026-01-06,We are having too many problems.,Interview
F001499,C0584,2026-01-16,The product has been difficult to use recently.,Interview
F001500,C0585,2026-04-26,The integration keeps causing problems.,Support
F001501,C0586,2026-03-24,The integration keeps causing problems.,Survey
F001502,C0587,2026-01-27,The dashboard is very useful.,Survey
F001503,C0587,2026-02-13,The product is easy to use.,Survey
F001504,C0588,2026-03-29,The product is easy to use.,Review
F001505,C0589,2026-02-01,The product is easy to use.,Review
F001506,C0590,2026-03-27,We are considering other options.,Support
F001507,C0590,2026-04-22,The product has improved our workflow.,In-app
F001508,C0591,2026-04-11,The integration setup is confusing.,Interview
F001509,C0591,2026-02-12,The product has improved our workflow.,Survey
F001510,C0592,2026-03-12,Our team has had a good experience.,Survey
F001511,C0592,2026-02-15,Our team has had a good experience.,Review
F001512,C0592,2026-03-28,We are having too many problems.,Support
F001513,C0593,2026-04-10,The experience has become frustrating.,Support
F001514,C0593,2026-04-10,We are having too many problems.,Support
F001515,C0593,2026-04-10,We are considering other options.,Support
F001516,C0594,2026-04-17,Our team has had a good experience.,In-app
F001517,C0594,2026-03-13,The product has been difficult to use recently.,Support
F001518,C0594,2026-03-13,We need a more reliable integration.,Survey
F001519,C0595,2026-04-24,The product is easy to use.,Survey
F001520,C0595,2026-04-24,Our team has had a good experience.,Review
F001521,C0596,2026-04-22,The integration setup is confusing.,Survey
F001522,C0596,2026-04-22,The dashboard is very useful.,Review
F001523,C0596,2026-04-22,Our team has had a good experience.,In-app
F001524,C0597,2026-04-06,The product has improved our workflow.,In-app
F001525,C0597,2026-03-24,The integration setup is confusing.,Survey
F001526,C0597,2026-04-12,The integration keeps causing problems.,Interview
F001527,C0598,2026-03-21,We are considering other options.,Support
F001528,C0598,2026-03-21,The product is easy to use.,In-app
F001529,C0599,2026-04-06,The product is easy to use.,Review
F001530,C0599,2026-04-06,The product has improved our workflow.,Survey
F001531,C0599,2026-04-06,We need a more reliable integration.,Survey
F001532,C0600,2026-03-14,The dashboard is very useful.,In-app
F001533,C0600,2026-01-22,Our team has had a good experience.,Review
F001534,C0601,2026-04-29,The experience has become frustrating.,Survey
F001535,C0601,2026-04-29,The product has improved our workflow.,Survey
F001536,C0601,2026-04-29,The dashboard is very useful.,Review
F001537,C0602,2026-04-30,The product has been difficult to use recently.,Support
F001538,C0602,2026-04-30,The product has improved our workflow.,Survey
F001539,C0603,2026-03-03,Our integration is not working properly.,Support
F001540,C0603,2026-04-09,Our team has had a good experience.,Review
F001541,C0603,2026-01-31,Our team has had a good experience.,In-app
F001542,C0603,2026-01-31,The product has improved our workflow.,Survey
F001543,C0604,2026-04-24,The product is easy to use.,Survey
F001544,C0604,2026-04-21,The product is easy to use.,In-app
F001545,C0604,2026-04-21,The dashboard is very useful.,In-app
F001546,C0604,2026-04-21,The product has been difficult to use recently.,Survey
F001547,C0605,2026-04-03,We are considering other options.,Survey
F001548,C0605,2026-02-06,Our team has had a good experience.,Review
F001549,C0606,2026-04-13,The product has improved our workflow.,In-app
F001550,C0607,2026-04-14,The product has improved our workflow.,In-app
F001551,C0607,2026-04-14,The dashboard is very useful.,In-app
F001552,C0607,2026-04-14,The product has improved our workflow.,Survey
F001553,C0608,2026-04-22,The integration setup is confusing.,Support
F001554,C0609,2026-04-23,The product has improved our workflow.,Survey
F001555,C0610,2026-04-06,The product is easy to use.,Review
F001556,C0610,2026-02-22,We are considering other options.,Survey
F001557,C0610,2026-03-10,The product has been difficult to use recently.,Support
F001558,C0610,2026-04-04,The experience has become frustrating.,Survey
F001559,C0611,2026-01-04,The product is easy to use.,Survey
F001560,C0612,2026-04-14,The integration setup is confusing.,Interview
F001561,C0612,2026-03-19,We need a more reliable integration.,Support
F001562,C0612,2026-03-01,The dashboard is very useful.,Review
F001563,C0612,2026-02-13,The product has improved our workflow.,Survey
F001564,C0613,2026-04-05,The product has improved our workflow.,Survey
F001565,C0613,2026-04-05,The integration keeps causing problems.,Interview
F001566,C0613,2026-04-05,Our team has had a good experience.,Review
F001567,C0614,2026-04-29,Our team has had a good experience.,Survey
F001568,C0614,2026-04-29,Our team has had a good experience.,In-app
F001569,C0614,2026-04-29,Our integration is not working properly.,Interview
F001570,C0615,2026-04-14,We need a more reliable integration.,Interview
F001571,C0615,2026-02-12,The experience has become frustrating.,Support
F001572,C0616,2026-04-11,The dashboard is very useful.,Review
F001573,C0616,2026-04-11,The product is easy to use.,In-app
F001574,C0617,2026-04-30,The product has been difficult to use recently.,Support
F001575,C0617,2026-04-30,The product is easy to use.,In-app
F001576,C0617,2026-04-30,We are considering other options.,Survey
F001577,C0618,2026-03-20,The product has improved our workflow.,Survey
F001578,C0618,2026-02-22,Our team has had a good experience.,Survey
F001579,C0619,2026-04-13,We are considering other options.,Support
F001580,C0620,2026-03-27,The dashboard is very useful.,Review
F001581,C0621,2026-04-21,The experience has become frustrating.,Support
F001582,C0622,2026-04-05,The product has improved our workflow.,Review
F001583,C0622,2026-04-07,The product is easy to use.,Review
F001584,C0623,2026-04-17,The dashboard is very useful.,Review
F001585,C0623,2026-04-14,The product is easy to use.,In-app
F001586,C0624,2026-02-01,The dashboard is very useful.,Survey
F001587,C0624,2026-02-10,Our team has had a good experience.,Survey
F001588,C0625,2026-02-04,The dashboard is very useful.,Survey
F001589,C0626,2026-01-21,The product has been difficult to use recently.,Survey
F001590,C0626,2026-03-11,The product is easy to use.,In-app
F001591,C0626,2026-02-13,The dashboard is very useful.,Review
F001592,C0627,2026-04-11,The integration keeps causing problems.,Survey
F001593,C0627,2026-04-11,We need a more reliable integration.,Survey
F001594,C0627,2026-04-12,Our integration is not working properly.,Survey
F001595,C0627,2026-04-11,The integration keeps causing problems.,Survey
F001596,C0628,2026-03-31,The dashboard is very useful.,Survey
F001597,C0629,2026-02-11,The product is easy to use.,Survey
F001598,C0629,2026-04-20,The experience has become frustrating.,Survey
F001599,C0630,2026-04-09,Our team has had a good experience.,Review
F001600,C0630,2026-02-18,Our team has had a good experience.,Survey
F001601,C0630,2026-03-16,We are considering other options.,Support
F001602,C0630,2026-02-23,Our team has had a good experience.,Review
F001603,C0631,2026-04-22,The dashboard is very useful.,In-app
F001604,C0631,2026-04-22,The dashboard is very useful.,Survey
F001605,C0631,2026-04-22,The product is easy to use.,Review
F001606,C0631,2026-04-22,The product is easy to use.,Review
F001607,C0632,2026-04-22,The product is easy to use.,Survey
F001608,C0632,2026-04-12,The product is easy to use.,Survey
F001609,C0632,2026-01-22,The experience has become frustrating.,Interview
F001610,C0632,2026-02-08,We are having too many problems.,Support
F001611,C0633,2026-04-20,We need a more reliable integration.,Support
F001612,C0634,2026-03-02,Our team has had a good experience.,In-app
F001613,C0635,2026-04-24,The product is easy to use.,Survey
F001614,C0635,2026-03-10,The integration setup is confusing.,Interview
F001615,C0635,2026-03-26,The product has improved our workflow.,In-app
F001616,C0635,2026-04-08,Our integration is not working properly.,Support
F001617,C0636,2026-02-12,Our team has had a good experience.,Review
F001618,C0636,2026-03-02,The dashboard is very useful.,Review
F001619,C0636,2026-01-26,Our team has had a good experience.,Review
F001620,C0637,2026-04-15,We are having too many problems.,Support
F001621,C0637,2026-04-15,The integration setup is confusing.,Survey
F001622,C0637,2026-04-15,The product has improved our workflow.,Survey
F001623,C0637,2026-04-15,The product has been difficult to use recently.,Support
F001624,C0638,2026-04-28,The dashboard is very useful.,In-app
F001625,C0639,2026-02-28,Our team has had a good experience.,Review
F001626,C0639,2026-02-28,Our team has had a good experience.,Review
F001627,C0639,2026-02-28,The product has improved our workflow.,In-app
F001628,C0639,2026-02-28,We are having too many problems.,Interview
F001629,C0640,2026-03-24,The experience has become frustrating.,Support
F001630,C0640,2026-02-16,Our team has had a good experience.,Survey
F001631,C0640,2026-03-16,The product has improved our workflow.,Survey
F001632,C0641,2026-04-25,We are considering other options.,Survey
F001633,C0641,2026-02-20,The dashboard is very useful.,Survey
F001634,C0641,2026-04-06,We need a more reliable integration.,Survey
F001635,C0641,2026-02-18,Our team has had a good experience.,Review
F001636,C0642,2026-04-16,Our team has had a good experience.,Survey
F001637,C0642,2026-04-16,Our team has had a good experience.,Review
F001638,C0643,2026-04-12,The dashboard is very useful.,Survey
F001639,C0643,2026-04-12,We are having too many problems.,Support
F001640,C0643,2026-04-12,We are considering other options.,Survey
F001641,C0643,2026-04-12,We are having too many problems.,Interview
F001642,C0644,2026-04-22,The dashboard is very useful.,In-app
F001643,C0645,2026-04-22,The product is easy to use.,Survey
F001644,C0645,2026-01-30,The product has been difficult to use recently.,Survey
F001645,C0646,2026-02-26,The product is easy to use.,Review
F001646,C0646,2026-02-21,We are having too many problems.,Interview
F001647,C0646,2026-01-29,The dashboard is very useful.,In-app
F001648,C0646,2026-02-19,The dashboard is very useful.,Survey
F001649,C0647,2026-02-13,The product is easy to use.,Survey
F001650,C0647,2026-02-28,The product is easy to use.,In-app
F001651,C0648,2026-03-26,The experience has become frustrating.,Interview
F001652,C0648,2026-03-26,The experience has become frustrating.,Interview
F001653,C0648,2026-03-26,The product has improved our workflow.,Review
F001654,C0649,2026-04-22,We need a more reliable integration.,Support
F001655,C0649,2026-01-25,Our team has had a good experience.,In-app
F001656,C0650,2026-02-21,The product is easy to use.,Survey
F001657,C0650,2026-04-02,We are having too many problems.,Interview
F001658,C0650,2026-02-26,The experience has become frustrating.,Interview
F001659,C0651,2026-02-12,The product is easy to use.,Review
F001660,C0651,2026-02-12,Our team has had a good experience.,In-app
F001661,C0651,2026-02-12,Our team has had a good experience.,Review
F001662,C0652,2026-03-01,The product has improved our workflow.,Review
F001663,C0653,2026-04-21,We are considering other options.,Survey
F001664,C0653,2026-04-21,Our integration is not working properly.,Interview
F001665,C0654,2026-01-24,Our team has had a good experience.,In-app
F001666,C0654,2026-01-09,The experience has become frustrating.,Support
F001667,C0655,2026-04-12,The product is easy to use.,In-app
F001668,C0655,2026-04-09,The product is easy to use.,Survey
F001669,C0655,2026-04-09,The product is easy to use.,Survey
F001670,C0656,2026-02-05,The experience has become frustrating.,Support
F001671,C0656,2026-02-05,The product is easy to use.,Review
F001672,C0656,2026-02-05,The product has been difficult to use recently.,Survey
F001673,C0656,2026-02-05,Our team has had a good experience.,In-app
F001674,C0657,2026-02-14,We are having too many problems.,Interview
F001675,C0657,2026-03-04,We are considering other options.,Support
F001676,C0657,2026-02-14,We are having too many problems.,Interview
F001677,C0658,2026-03-24,We are considering other options.,Support
F001678,C0658,2026-03-24,The product has been difficult to use recently.,Survey
F001679,C0658,2026-04-18,The integration setup is confusing.,Survey
F001680,C0658,2026-04-08,Our team has had a good experience.,Review
F001681,C0659,2026-04-05,We are having too many problems.,Interview
F001682,C0659,2026-03-15,The dashboard is very useful.,Review
F001683,C0659,2026-04-11,The product has improved our workflow.,Review
F001684,C0659,2026-03-07,We need a more reliable integration.,Support
F001685,C0660,2026-03-12,Our team has had a good experience.,In-app
F001686,C0660,2026-03-18,Our integration is not working properly.,Interview
F001687,C0661,2026-03-28,The product has improved our workflow.,In-app
F001688,C0661,2026-03-28,Our team has had a good experience.,Review
F001689,C0662,2026-04-18,We are having too many problems.,Interview
F001690,C0663,2026-04-09,The dashboard is very useful.,Survey
F001691,C0663,2026-03-25,Our team has had a good experience.,Review
F001692,C0664,2026-04-08,We need a more reliable integration.,Interview
F001693,C0665,2026-03-19,We are considering other options.,Survey
F001694,C0665,2026-04-09,Our team has had a good experience.,In-app
F001695,C0666,2026-03-23,We need a more reliable integration.,Support
F001696,C0666,2026-01-15,The product is easy to use.,In-app
F001697,C0667,2026-04-23,The dashboard is very useful.,In-app
F001698,C0667,2026-04-23,Our team has had a good experience.,In-app
F001699,C0668,2026-03-27,Our integration is not working properly.,Survey
F001700,C0669,2026-03-18,The dashboard is very useful.,In-app
F001701,C0669,2026-04-23,The dashboard is very useful.,Review
F001702,C0669,2026-03-15,The dashboard is very useful.,In-app
F001703,C0670,2026-04-03,The product is easy to use.,Survey
F001704,C0670,2026-03-16,We are considering other options.,Interview
F001705,C0670,2026-04-23,The integration keeps causing problems.,Support
F001706,C0670,2026-03-16,We are considering other options.,Interview
F001707,C0671,2026-04-27,The integration setup is confusing.,Support
F001708,C0671,2026-02-03,The product is easy to use.,In-app
F001709,C0672,2026-03-08,The integration setup is confusing.,Interview
F001710,C0672,2026-02-24,We are having too many problems.,Interview
F001711,C0672,2026-04-04,We are considering other options.,Survey
F001712,C0673,2026-03-06,The integration setup is confusing.,Support
F001713,C0673,2026-04-24,The integration keeps causing problems.,Interview
F001714,C0673,2026-02-28,The product is easy to use.,In-app
F001715,C0674,2026-04-04,The product has been difficult to use recently.,Interview
F001716,C0674,2026-03-18,Our team has had a good experience.,In-app
F001717,C0674,2026-03-18,The product is easy to use.,Review
F001718,C0674,2026-03-19,The integration keeps causing problems.,Support
F001719,C0675,2026-03-24,Our team has had a good experience.,Survey
F001720,C0675,2026-02-25,The dashboard is very useful.,Survey
F001721,C0676,2026-02-14,Our team has had a good experience.,In-app
F001722,C0676,2026-04-04,The product has been difficult to use recently.,Interview
F001723,C0677,2026-04-04,Our team has had a good experience.,In-app
F001724,C0677,2026-04-04,Our team has had a good experience.,In-app
F001725,C0678,2026-04-11,The integration setup is confusing.,Interview
F001726,C0678,2026-04-15,The product has improved our workflow.,Survey
F001727,C0678,2026-04-11,The product is easy to use.,In-app
F001728,C0678,2026-04-21,The product has been difficult to use recently.,Interview
F001729,C0679,2026-04-07,The integration keeps causing problems.,Survey
F001730,C0679,2026-02-10,We are considering other options.,Survey
F001731,C0679,2026-03-05,The product has been difficult to use recently.,Survey
F001732,C0680,2026-02-25,Our team has had a good experience.,Review
F001733,C0680,2026-02-25,We are having too many problems.,Interview
F001734,C0680,2026-02-25,The experience has become frustrating.,Interview
F001735,C0680,2026-02-25,The dashboard is very useful.,Review
F001736,C0681,2026-04-18,Our integration is not working properly.,Interview
F001737,C0681,2026-03-21,The product is easy to use.,In-app
F001738,C0681,2026-04-15,The integration setup is confusing.,Support
F001739,C0682,2026-03-24,The dashboard is very useful.,In-app
F001740,C0683,2026-04-27,The product has improved our workflow.,In-app
F001741,C0683,2026-01-15,The product is easy to use.,In-app
F001742,C0683,2026-02-08,The product has improved our workflow.,Review
F001743,C0683,2026-01-17,The product is easy to use.,Review
F001744,C0684,2026-02-19,The experience has become frustrating.,Support
F001745,C0685,2026-04-26,The dashboard is very useful.,Review
F001746,C0685,2026-04-26,The product has been difficult to use recently.,Interview
F001747,C0685,2026-04-26,The dashboard is very useful.,In-app
F001748,C0686,2026-03-15,We are considering other options.,Support
F001749,C0687,2026-03-20,The product has improved our workflow.,In-app
F001750,C0687,2026-02-19,The dashboard is very useful.,Survey
F001751,C0687,2026-01-25,We are having too many problems.,Interview
F001752,C0688,2026-02-27,The product has improved our workflow.,Survey
F001753,C0688,2026-04-13,The integration setup is confusing.,Survey
F001754,C0689,2026-03-14,We are considering other options.,Survey
F001755,C0689,2026-03-21,Our team has had a good experience.,In-app
F001756,C0689,2026-02-07,The dashboard is very useful.,In-app
F001757,C0689,2026-03-26,Our integration is not working properly.,Support
F001758,C0690,2026-04-01,The dashboard is very useful.,In-app
F001759,C0690,2026-04-01,The product is easy to use.,Survey
F001760,C0691,2026-02-25,Our team has had a good experience.,Survey
F001761,C0691,2026-02-25,We are having too many problems.,Interview
F001762,C0691,2026-02-25,The dashboard is very useful.,In-app
F001763,C0692,2026-02-21,The experience has become frustrating.,Survey
F001764,C0692,2026-01-23,We are having too many problems.,Interview
F001765,C0692,2026-03-25,The integration setup is confusing.,Support
F001766,C0692,2026-01-17,The dashboard is very useful.,Review
F001767,C0693,2026-03-11,The dashboard is very useful.,Review
F001768,C0693,2026-03-08,We are having too many problems.,Survey
F001769,C0693,2026-03-08,The dashboard is very useful.,Review
F001770,C0694,2026-04-29,The product has been difficult to use recently.,Support
F001771,C0694,2026-04-29,The dashboard is very useful.,Review
F001772,C0694,2026-04-29,The integration keeps causing problems.,Interview
F001773,C0695,2026-04-14,The product has been difficult to use recently.,Survey
F001774,C0695,2026-04-14,The product has improved our workflow.,Review
F001775,C0696,2026-03-10,The product has improved our workflow.,In-app
F001776,C0696,2026-03-10,The product is easy to use.,Survey
F001777,C0696,2026-03-10,Our team has had a good experience.,In-app
F001778,C0696,2026-03-10,Our team has had a good experience.,Review
F001779,C0697,2026-03-29,Our team has had a good experience.,In-app
F001780,C0698,2026-04-03,The product has improved our workflow.,Survey
F001781,C0698,2026-04-03,We are having too many problems.,Survey
F001782,C0699,2026-04-26,The experience has become frustrating.,Interview
F001783,C0699,2026-04-05,The product is easy to use.,In-app
F001784,C0699,2026-04-05,The product is easy to use.,In-app
F001785,C0700,2026-04-18,The dashboard is very useful.,In-app
F001786,C0700,2026-04-22,The integration keeps causing problems.,Interview
F001787,C0700,2026-04-05,The product has improved our workflow.,Review
F001788,C0700,2026-04-05,The integration setup is confusing.,Survey
F001789,C0701,2026-04-18,The product has improved our workflow.,In-app
F001790,C0702,2026-03-08,Our integration is not working properly.,Survey
F001791,C0702,2026-04-26,Our team has had a good experience.,Survey
F001792,C0702,2026-01-26,Our team has had a good experience.,Survey
F001793,C0702,2026-03-25,The dashboard is very useful.,Survey
F001794,C0703,2026-02-16,The product has been difficult to use recently.,Survey
F001795,C0703,2026-04-20,The product is easy to use.,Survey
F001796,C0703,2026-03-12,Our team has had a good experience.,Survey
F001797,C0704,2026-03-02,The product is easy to use.,Review
F001798,C0705,2026-03-27,We need a more reliable integration.,Interview
F001799,C0705,2026-03-26,Our team has had a good experience.,Survey
F001800,C0705,2026-03-04,Our team has had a good experience.,In-app
F001801,C0706,2026-03-27,We are having too many problems.,Support
F001802,C0706,2026-03-27,The experience has become frustrating.,Interview
F001803,C0706,2026-04-24,We are considering other options.,Survey
F001804,C0707,2026-04-28,The product is easy to use.,Survey
F001805,C0707,2026-04-28,Our integration is not working properly.,Interview
F001806,C0707,2026-04-28,We are considering other options.,Support
F001807,C0707,2026-04-28,The dashboard is very useful.,Review
F001808,C0708,2026-04-07,The product has improved our workflow.,In-app
F001809,C0709,2026-03-21,The dashboard is very useful.,In-app
F001810,C0710,2026-02-21,We are having too many problems.,Support
F001811,C0710,2026-04-04,The product has improved our workflow.,Survey
F001812,C0711,2026-03-26,The product has improved our workflow.,Survey
F001813,C0711,2026-03-26,The product has improved our workflow.,In-app
F001814,C0712,2026-04-19,The dashboard is very useful.,Review
F001815,C0712,2026-04-19,Our team has had a good experience.,Review
F001816,C0713,2026-03-08,We are considering other options.,Interview
F001817,C0713,2026-04-19,Our integration is not working properly.,Support
F001818,C0713,2026-04-10,The integration setup is confusing.,Interview
F001819,C0713,2026-01-16,The product has improved our workflow.,In-app
F001820,C0714,2026-04-23,The integration setup is confusing.,Interview
F001821,C0714,2026-04-03,The dashboard is very useful.,Survey
F001822,C0715,2026-04-26,The product is easy to use.,Survey
F001823,C0715,2026-04-26,The product is easy to use.,In-app
F001824,C0715,2026-04-26,The product has improved our workflow.,Survey
F001825,C0716,2026-04-21,We need a more reliable integration.,Interview
F001826,C0716,2026-04-01,We are having too many problems.,Survey
F001827,C0717,2026-03-06,Our team has had a good experience.,In-app
F001828,C0717,2026-03-06,The product has been difficult to use recently.,Support
F001829,C0718,2026-03-06,The product has been difficult to use recently.,Survey
F001830,C0719,2026-03-27,The integration keeps causing problems.,Support
F001831,C0719,2026-04-01,The dashboard is very useful.,Review
F001832,C0719,2026-03-27,Our team has had a good experience.,Review
F001833,C0719,2026-03-27,The experience has become frustrating.,Survey
F001834,C0720,2026-04-04,The integration setup is confusing.,Survey
F001835,C0720,2026-04-28,We need a more reliable integration.,Support
F001836,C0720,2026-04-10,The product has improved our workflow.,In-app
F001837,C0721,2026-03-05,The product is easy to use.,In-app
F001838,C0721,2026-04-17,The product is easy to use.,Survey
F001839,C0721,2026-03-11,The integration setup is confusing.,Interview
F001840,C0721,2026-03-21,The product is easy to use.,In-app
F001841,C0722,2026-02-21,We are considering other options.,Survey
F001842,C0722,2026-02-27,The product has been difficult to use recently.,Interview
F001843,C0722,2026-04-21,The product has improved our workflow.,Survey
F001844,C0723,2026-04-27,The product has improved our workflow.,In-app
F001845,C0724,2026-02-27,Our team has had a good experience.,In-app
F001846,C0724,2026-02-07,Our team has had a good experience.,Survey
F001847,C0724,2026-02-07,The dashboard is very useful.,In-app
F001848,C0724,2026-03-09,The product is easy to use.,In-app
F001849,C0725,2026-04-10,The integration setup is confusing.,Support
F001850,C0725,2026-03-12,Our team has had a good experience.,Survey
F001851,C0725,2026-03-12,The product is easy to use.,Review
F001852,C0726,2026-04-01,The product has been difficult to use recently.,Interview
F001853,C0726,2026-02-06,The product has improved our workflow.,Review
F001854,C0726,2026-01-19,The product is easy to use.,Survey
F001855,C0727,2026-04-16,The product is easy to use.,In-app
F001856,C0727,2026-01-25,We are having too many problems.,Survey
F001857,C0727,2026-02-23,The product is easy to use.,Review
F001858,C0727,2026-03-21,The dashboard is very useful.,In-app
F001859,C0728,2026-02-23,The product has improved our workflow.,In-app
F001860,C0728,2026-03-20,The integration keeps causing problems.,Support
F001861,C0728,2026-03-11,The integration setup is confusing.,Survey
F001862,C0728,2026-02-23,The dashboard is very useful.,Survey
F001863,C0729,2026-04-09,Our team has had a good experience.,In-app
F001864,C0729,2026-03-27,The dashboard is very useful.,Review
F001865,C0729,2026-03-27,The product has improved our workflow.,In-app
F001866,C0730,2026-02-18,The product has been difficult to use recently.,Interview
F001867,C0730,2026-02-18,The product has been difficult to use recently.,Support
F001868,C0730,2026-02-18,Our team has had a good experience.,Survey
F001869,C0730,2026-03-28,The product has improved our workflow.,In-app
F001870,C0731,2026-03-28,The product is easy to use.,Review
F001871,C0731,2026-03-28,Our team has had a good experience.,In-app
F001872,C0731,2026-03-28,The experience has become frustrating.,Survey
F001873,C0731,2026-04-17,The integration setup is confusing.,Support
F001874,C0732,2026-04-06,The product has improved our workflow.,Review
F001875,C0732,2026-04-06,The dashboard is very useful.,In-app
F001876,C0732,2026-04-20,The product has been difficult to use recently.,Survey
F001877,C0733,2026-04-26,The product has improved our workflow.,In-app
F001878,C0733,2026-04-26,The product has improved our workflow.,Review
F001879,C0733,2026-04-26,The integration keeps causing problems.,Survey
F001880,C0733,2026-04-26,The integration keeps causing problems.,Survey
F001881,C0734,2026-01-23,The product has improved our workflow.,Review
F001882,C0734,2026-02-03,Our team has had a good experience.,Survey
F001883,C0734,2026-02-22,We are having too many problems.,Survey
F001884,C0734,2026-01-23,Our team has had a good experience.,In-app
F001885,C0735,2026-03-20,The product has been difficult to use recently.,Survey
F001886,C0735,2026-03-20,The product has been difficult to use recently.,Survey
F001887,C0735,2026-03-20,The experience has become frustrating.,Support
F001888,C0736,2026-03-17,We need a more reliable integration.,Survey
F001889,C0736,2026-04-14,The dashboard is very useful.,Survey
F001890,C0736,2026-03-26,We are having too many problems.,Support
F001891,C0737,2026-04-06,Our team has had a good experience.,Review
F001892,C0737,2026-02-10,We are considering other options.,Interview
F001893,C0737,2026-02-08,Our team has had a good experience.,In-app
F001894,C0737,2026-04-09,We need a more reliable integration.,Support
F001895,C0738,2026-02-21,We are considering other options.,Support
F001896,C0738,2026-02-21,The product is easy to use.,In-app
F001897,C0738,2026-02-21,The product has improved our workflow.,Survey
F001898,C0739,2026-03-12,The experience has become frustrating.,Survey
F001899,C0739,2026-04-28,We need a more reliable integration.,Support
F001900,C0739,2026-04-18,The product is easy to use.,Survey
F001901,C0740,2026-04-17,The product has been difficult to use recently.,Support
F001902,C0740,2026-04-17,We are considering other options.,Survey
F001903,C0741,2026-04-26,We are considering other options.,Interview
F001904,C0741,2026-01-28,The dashboard is very useful.,Review
F001905,C0741,2026-03-14,The product has improved our workflow.,Survey
F001906,C0742,2026-02-08,The experience has become frustrating.,Survey
F001907,C0742,2026-02-08,The experience has become frustrating.,Support
F001908,C0743,2026-03-09,We are having too many problems.,Support
F001909,C0743,2026-03-19,The product has been difficult to use recently.,Support
F001910,C0743,2026-02-06,The product is easy to use.,Review
F001911,C0743,2026-03-26,We are having too many problems.,Survey
F001912,C0744,2026-04-03,The experience has become frustrating.,Support
F001913,C0744,2026-04-26,The product has improved our workflow.,In-app
F001914,C0745,2026-03-17,The integration keeps causing problems.,Interview
F001915,C0745,2026-02-25,Our team has had a good experience.,In-app
F001916,C0746,2026-04-11,The experience has become frustrating.,Support
F001917,C0746,2026-04-11,We need a more reliable integration.,Interview
F001918,C0747,2026-04-18,The integration setup is confusing.,Survey
F001919,C0747,2026-04-25,The experience has become frustrating.,Support
F001920,C0748,2026-04-23,We are considering other options.,Interview
F001921,C0748,2026-03-19,The product has improved our workflow.,Survey
F001922,C0748,2026-03-19,The experience has become frustrating.,Support
F001923,C0748,2026-03-19,Our team has had a good experience.,Survey
F001924,C0749,2026-03-25,The dashboard is very useful.,In-app
F001925,C0749,2026-04-05,The product is easy to use.,Survey
F001926,C0749,2026-04-19,The integration setup is confusing.,Survey
F001927,C0749,2026-04-09,The experience has become frustrating.,Interview
F001928,C0750,2026-03-19,The dashboard is very useful.,Review
F001929,C0750,2026-02-11,The product has improved our workflow.,Review
F001930,C0751,2026-04-11,Our integration is not working properly.,Interview
F001931,C0751,2026-03-01,Our team has had a good experience.,In-app
F001932,C0751,2026-04-05,We need a more reliable integration.,Interview
F001933,C0752,2026-02-26,We are having too many problems.,Survey
F001934,C0753,2026-02-26,The product is easy to use.,In-app
F001935,C0753,2026-02-26,The dashboard is very useful.,Survey
F001936,C0754,2026-03-28,The product is easy to use.,In-app
F001937,C0754,2026-03-28,The product is easy to use.,Review
F001938,C0754,2026-04-26,The product has improved our workflow.,In-app
F001939,C0755,2026-01-28,The product has improved our workflow.,In-app
F001940,C0755,2026-04-22,We are considering other options.,Survey
F001941,C0756,2026-03-07,The product is easy to use.,Review
F001942,C0756,2026-03-07,The dashboard is very useful.,Survey
F001943,C0756,2026-03-07,The experience has become frustrating.,Survey
F001944,C0756,2026-03-07,We are having too many problems.,Survey
F001945,C0757,2026-03-02,The product has been difficult to use recently.,Support
F001946,C0758,2026-04-12,Our team has had a good experience.,Survey
F001947,C0759,2026-04-26,The experience has become frustrating.,Support
F001948,C0760,2026-04-12,The dashboard is very useful.,Survey
F001949,C0760,2026-04-13,Our team has had a good experience.,In-app
F001950,C0760,2026-04-12,The dashboard is very useful.,Review
F001951,C0760,2026-04-12,We are having too many problems.,Interview
F001952,C0761,2026-04-09,The dashboard is very useful.,In-app
F001953,C0762,2026-01-28,The product is easy to use.,Survey
F001954,C0763,2026-03-26,We need a more reliable integration.,Interview
F001955,C0764,2026-01-25,The dashboard is very useful.,Review
F001956,C0764,2026-04-20,We are having too many problems.,Support
F001957,C0764,2026-04-24,The integration setup is confusing.,Survey
F001958,C0764,2026-01-11,The product is easy to use.,Review
F001959,C0765,2026-03-09,Our team has had a good experience.,In-app
F001960,C0766,2026-03-23,The product has improved our workflow.,Survey
F001961,C0766,2026-04-13,The integration keeps causing problems.,Survey
F001962,C0766,2026-03-07,The product has been difficult to use recently.,Survey
F001963,C0767,2026-03-26,The product has improved our workflow.,Review
F001964,C0768,2026-03-23,The experience has become frustrating.,Survey
F001965,C0768,2026-04-14,The experience has become frustrating.,Survey
F001966,C0768,2026-03-23,The experience has become frustrating.,Survey
F001967,C0769,2026-03-21,Our team has had a good experience.,Survey
F001968,C0770,2026-04-07,We are considering other options.,Survey
F001969,C0771,2026-04-22,The dashboard is very useful.,In-app
F001970,C0772,2026-04-15,The experience has become frustrating.,Support
F001971,C0772,2026-04-15,The integration keeps causing problems.,Interview
F001972,C0772,2026-04-15,We are considering other options.,Support
F001973,C0772,2026-04-15,The product is easy to use.,Survey
F001974,C0773,2026-04-07,We are having too many problems.,Interview
F001975,C0774,2026-01-31,The product has improved our workflow.,Survey
F001976,C0775,2026-03-28,The dashboard is very useful.,Survey
F001977,C0775,2026-04-16,The product has improved our workflow.,In-app
F001978,C0775,2026-03-28,The dashboard is very useful.,Review
F001979,C0775,2026-03-28,The product has been difficult to use recently.,Survey
F001980,C0776,2026-02-09,The product has been difficult to use recently.,Interview
F001981,C0776,2026-04-06,The product is easy to use.,Review
F001982,C0777,2026-04-13,Our team has had a good experience.,Survey
F001983,C0778,2026-04-19,The product has improved our workflow.,Survey
F001984,C0778,2026-04-14,The product is easy to use.,Survey
F001985,C0778,2026-04-14,The product has improved our workflow.,Review
F001986,C0778,2026-04-14,We are considering other options.,Interview
F001987,C0779,2026-03-18,The integration setup is confusing.,Survey
F001988,C0779,2026-01-28,The product is easy to use.,Review
F001989,C0780,2026-03-22,We need a more reliable integration.,Survey
F001990,C0780,2026-02-23,The product is easy to use.,Review
F001991,C0781,2026-03-11,The product is easy to use.,In-app
F001992,C0781,2026-01-10,The product has improved our workflow.,Survey
F001993,C0782,2026-01-19,Our team has had a good experience.,Survey
F001994,C0783,2026-03-11,The dashboard is very useful.,Survey
F001995,C0783,2026-02-21,We are having too many problems.,Interview
F001996,C0784,2026-03-02,Our team has had a good experience.,In-app
F001997,C0784,2026-04-27,The dashboard is very useful.,Review
F001998,C0784,2026-04-08,Our integration is not working properly.,Support
F001999,C0784,2026-03-02,The dashboard is very useful.,In-app
F002000,C0785,2026-03-20,The product is easy to use.,Survey
F002001,C0786,2026-04-19,The product has been difficult to use recently.,Support
F002002,C0787,2026-04-09,Our team has had a good experience.,Survey
F002003,C0787,2026-04-09,The integration keeps causing problems.,Interview
F002004,C0787,2026-04-09,The integration keeps causing problems.,Interview
F002005,C0788,2026-03-13,The product has improved our workflow.,In-app
F002006,C0788,2026-01-11,The product is easy to use.,Survey
F002007,C0788,2026-04-27,The product is easy to use.,In-app
F002008,C0788,2026-04-25,We need a more reliable integration.,Support
F002009,C0789,2026-02-28,The product has been difficult to use recently.,Interview
F002010,C0789,2026-02-28,We are having too many problems.,Survey
F002011,C0789,2026-03-16,The product has been difficult to use recently.,Interview
F002012,C0789,2026-02-28,The product has been difficult to use recently.,Survey
F002013,C0790,2026-02-23,The dashboard is very useful.,Survey
F002014,C0790,2026-02-23,The product has been difficult to use recently.,Survey
F002015,C0791,2026-04-24,We are having too many problems.,Support
F002016,C0792,2026-04-03,The integration setup is confusing.,Support
F002017,C0792,2026-03-22,We are considering other options.,Survey
F002018,C0792,2026-03-22,We are considering other options.,Support
F002019,C0792,2026-04-18,Our team has had a good experience.,In-app
F002020,C0793,2026-03-15,The dashboard is very useful.,In-app
F002021,C0793,2026-03-16,The dashboard is very useful.,In-app
F002022,C0793,2026-03-15,Our team has had a good experience.,In-app
F002023,C0793,2026-03-23,The integration setup is confusing.,Support
F002024,C0794,2026-01-25,The product has been difficult to use recently.,Survey
F002025,C0795,2026-04-02,We are considering other options.,Survey
F002026,C0796,2026-03-31,The dashboard is very useful.,In-app
F002027,C0796,2026-03-31,We are having too many problems.,Interview
F002028,C0797,2026-02-19,We are considering other options.,Survey
F002029,C0797,2026-03-18,We need a more reliable integration.,Survey
F002030,C0797,2026-03-19,The product has been difficult to use recently.,Interview
F002031,C0797,2026-02-19,The product is easy to use.,Survey
F002032,C0798,2026-03-15,The integration keeps causing problems.,Survey
F002033,C0798,2026-03-05,The experience has become frustrating.,Interview
F002034,C0798,2026-03-05,Our team has had a good experience.,In-app
F002035,C0799,2026-02-21,We are having too many problems.,Support
F002036,C0799,2026-04-13,The product is easy to use.,In-app
F002037,C0799,2026-04-15,The product has improved our workflow.,Review
F002038,C0799,2026-04-07,Our integration is not working properly.,Interview
F002039,C0800,2026-02-02,The product has been difficult to use recently.,Interview
F002040,C0800,2026-02-21,We are having too many problems.,Survey
F002041,C0801,2026-02-26,The product is easy to use.,In-app
F002042,C0801,2026-04-17,We need a more reliable integration.,Survey
F002043,C0802,2026-03-25,Our team has had a good experience.,Survey
F002044,C0802,2026-04-28,The product is easy to use.,In-app
F002045,C0802,2026-03-25,We are considering other options.,Survey
F002046,C0802,2026-04-08,Our integration is not working properly.,Interview
F002047,C0803,2026-03-30,Our integration is not working properly.,Survey
F002048,C0804,2026-04-22,We need a more reliable integration.,Survey
F002049,C0805,2026-04-25,The product has been difficult to use recently.,Survey
F002050,C0806,2026-04-07,The dashboard is very useful.,In-app
F002051,C0806,2026-04-07,We need a more reliable integration.,Support
F002052,C0807,2026-04-21,We are having too many problems.,Interview
F002053,C0807,2026-04-21,The integration keeps causing problems.,Support
F002054,C0807,2026-04-21,The integration setup is confusing.,Interview
F002055,C0807,2026-04-21,The integration keeps causing problems.,Interview
F002056,C0808,2026-04-09,The dashboard is very useful.,In-app
F002057,C0809,2026-04-24,We are having too many problems.,Support
F002058,C0809,2026-04-24,The integration setup is confusing.,Support
F002059,C0810,2026-02-28,The product is easy to use.,Review
F002060,C0810,2026-03-28,The product is easy to use.,In-app
F002061,C0810,2026-01-14,The dashboard is very useful.,Survey
F002062,C0810,2026-01-14,The dashboard is very useful.,Review
F002063,C0811,2026-04-28,Our team has had a good experience.,Survey
F002064,C0811,2026-04-10,The product is easy to use.,Survey
F002065,C0812,2026-02-24,The product is easy to use.,In-app
F002066,C0812,2026-03-21,The dashboard is very useful.,In-app
F002067,C0812,2026-03-01,The dashboard is very useful.,In-app
F002068,C0813,2026-04-15,The experience has become frustrating.,Interview
F002069,C0813,2026-01-29,We are having too many problems.,Interview
F002070,C0814,2026-03-10,We need a more reliable integration.,Support
F002071,C0814,2026-01-23,The dashboard is very useful.,Review
F002072,C0815,2026-04-13,The dashboard is very useful.,In-app
F002073,C0816,2026-03-31,The product has improved our workflow.,Survey
F002074,C0816,2026-03-31,We are considering other options.,Interview
F002075,C0816,2026-03-31,The product has improved our workflow.,In-app
F002076,C0817,2026-03-21,The integration keeps causing problems.,Interview
F002077,C0817,2026-04-16,The integration setup is confusing.,Interview
F002078,C0818,2026-04-25,The dashboard is very useful.,Survey
F002079,C0818,2026-03-01,We are considering other options.,Support
F002080,C0818,2026-03-03,The product has improved our workflow.,In-app
F002081,C0818,2026-03-03,The product has improved our workflow.,In-app
F002082,C0819,2026-01-26,We are having too many problems.,Support
F002083,C0819,2026-04-02,We are having too many problems.,Interview
F002084,C0819,2026-03-14,Our integration is not working properly.,Survey
F002085,C0820,2026-03-13,The dashboard is very useful.,Review
F002086,C0821,2026-03-20,Our integration is not working properly.,Interview
F002087,C0821,2026-02-01,The experience has become frustrating.,Survey
F002088,C0821,2026-02-01,The product has been difficult to use recently.,Support
F002089,C0821,2026-04-04,Our team has had a good experience.,Survey
F002090,C0822,2026-04-28,The product has improved our workflow.,Survey
F002091,C0822,2026-04-28,The product is easy to use.,Survey
F002092,C0823,2026-04-19,The integration keeps causing problems.,Interview
F002093,C0823,2026-04-19,The dashboard is very useful.,Survey
F002094,C0824,2026-03-19,The integration keeps causing problems.,Survey
F002095,C0824,2026-01-28,We are considering other options.,Survey
F002096,C0824,2026-04-11,The product has improved our workflow.,Review
F002097,C0825,2026-02-28,We are having too many problems.,Interview
F002098,C0826,2026-02-18,The product has been difficult to use recently.,Support
F002099,C0826,2026-03-05,The integration keeps causing problems.,Interview
F002100,C0827,2026-04-13,Our team has had a good experience.,Review
F002101,C0827,2026-04-13,Our team has had a good experience.,Review
F002102,C0827,2026-04-13,The product has been difficult to use recently.,Interview
F002103,C0827,2026-04-13,Our team has had a good experience.,In-app
F002104,C0828,2026-03-01,The dashboard is very useful.,In-app
F002105,C0828,2026-03-16,The product is easy to use.,Survey
F002106,C0828,2026-03-01,Our team has had a good experience.,Survey
F002107,C0829,2026-03-27,The product has improved our workflow.,Survey
F002108,C0829,2026-03-27,The product has been difficult to use recently.,Survey
F002109,C0829,2026-03-27,The product has been difficult to use recently.,Support
F002110,C0830,2026-04-20,The product has improved our workflow.,Review
F002111,C0831,2026-03-25,The experience has become frustrating.,Survey
F002112,C0832,2026-03-18,The experience has become frustrating.,Survey
F002113,C0832,2026-03-22,The integration keeps causing problems.,Interview
F002114,C0832,2026-04-17,We are having too many problems.,Support
F002115,C0832,2026-03-18,The product has improved our workflow.,Survey
F002116,C0833,2026-02-18,We are having too many problems.,Support
F002117,C0834,2026-04-09,The product has improved our workflow.,Review
F002118,C0835,2026-04-25,The product is easy to use.,Review
F002119,C0835,2026-04-25,The product has improved our workflow.,Review
F002120,C0835,2026-04-25,Our team has had a good experience.,In-app
F002121,C0836,2026-04-19,We need a more reliable integration.,Support
F002122,C0837,2026-03-20,The integration keeps causing problems.,Survey
F002123,C0838,2026-04-15,The dashboard is very useful.,In-app
F002124,C0838,2026-04-15,The experience has become frustrating.,Survey
F002125,C0839,2026-04-03,The product has improved our workflow.,In-app
F002126,C0839,2026-04-23,We need a more reliable integration.,Support
F002127,C0839,2026-04-03,The product has improved our workflow.,In-app
F002128,C0839,2026-04-21,Our team has had a good experience.,Review
F002129,C0840,2026-04-25,The integration keeps causing problems.,Interview
F002130,C0840,2026-04-25,The dashboard is very useful.,In-app
F002131,C0841,2026-03-06,We are considering other options.,Interview
F002132,C0841,2026-03-06,Our team has had a good experience.,Review
F002133,C0841,2026-04-16,Our team has had a good experience.,In-app
F002134,C0841,2026-03-06,The experience has become frustrating.,Interview
F002135,C0842,2026-03-15,We need a more reliable integration.,Support
F002136,C0842,2026-04-15,Our team has had a good experience.,In-app
F002137,C0842,2026-03-05,The integration keeps causing problems.,Support
F002138,C0842,2026-02-24,The dashboard is very useful.,Review
F002139,C0843,2026-04-17,Our team has had a good experience.,Review
F002140,C0843,2026-04-17,The product is easy to use.,In-app
F002141,C0844,2026-04-27,The product has improved our workflow.,Review
F002142,C0844,2026-04-27,The product is easy to use.,Survey
F002143,C0845,2026-03-12,The product is easy to use.,Review
F002144,C0845,2026-04-28,The product is easy to use.,In-app
F002145,C0845,2026-03-16,The dashboard is very useful.,Review
F002146,C0845,2026-03-12,The product has been difficult to use recently.,Interview
F002147,C0846,2026-02-27,The product has improved our workflow.,Survey
F002148,C0846,2026-03-13,We are considering other options.,Survey
F002149,C0846,2026-04-05,We are having too many problems.,Interview
F002150,C0846,2026-02-27,We are considering other options.,Interview
F002151,C0847,2026-04-25,The product has improved our workflow.,In-app
F002152,C0847,2026-04-25,Our integration is not working properly.,Survey
F002153,C0847,2026-04-26,The experience has become frustrating.,Support
F002154,C0847,2026-04-25,We are having too many problems.,Survey
F002155,C0848,2026-02-05,The dashboard is very useful.,In-app
F002156,C0848,2026-01-21,The product has improved our workflow.,In-app
F002157,C0848,2026-03-05,The product is easy to use.,In-app
F002158,C0848,2026-02-25,The dashboard is very useful.,Survey
F002159,C0849,2026-04-06,The product is easy to use.,Review
F002160,C0849,2026-04-07,Our team has had a good experience.,Survey
F002161,C0850,2026-04-21,The dashboard is very useful.,In-app
F002162,C0850,2026-04-21,The product has improved our workflow.,In-app
F002163,C0850,2026-04-21,The integration setup is confusing.,Survey
F002164,C0850,2026-04-21,The integration keeps causing problems.,Interview
F002165,C0851,2026-03-22,The dashboard is very useful.,In-app
F002166,C0851,2026-04-28,We are having too many problems.,Support
F002167,C0851,2026-03-09,We need a more reliable integration.,Support
F002168,C0852,2026-04-19,The dashboard is very useful.,Review
F002169,C0852,2026-02-27,The product has improved our workflow.,Review
F002170,C0852,2026-04-07,The product is easy to use.,Survey
F002171,C0853,2026-03-13,The product has improved our workflow.,Survey
F002172,C0853,2026-04-18,We are considering other options.,Support
F002173,C0853,2026-02-03,We are having too many problems.,Survey
F002174,C0854,2026-04-07,The dashboard is very useful.,Review
F002175,C0855,2026-02-01,The product has improved our workflow.,Survey
F002176,C0855,2026-04-20,We need a more reliable integration.,Support
F002177,C0855,2026-02-01,The product is easy to use.,Review
F002178,C0856,2026-04-18,The experience has become frustrating.,Support
F002179,C0856,2026-04-18,We are having too many problems.,Support
F002180,C0856,2026-04-18,The product has improved our workflow.,Survey
F002181,C0857,2026-04-27,Our integration is not working properly.,Survey
F002182,C0857,2026-03-23,The dashboard is very useful.,Review
F002183,C0857,2026-03-23,Our team has had a good experience.,In-app
F002184,C0858,2026-04-20,The experience has become frustrating.,Survey
F002185,C0859,2026-04-09,We are having too many problems.,Interview
F002186,C0859,2026-04-09,We need a more reliable integration.,Survey
F002187,C0859,2026-04-09,The dashboard is very useful.,In-app
F002188,C0859,2026-04-09,The dashboard is very useful.,In-app
F002189,C0860,2026-04-12,The product is easy to use.,In-app
F002190,C0860,2026-04-10,Our team has had a good experience.,In-app
F002191,C0861,2026-04-14,The integration setup is confusing.,Support
F002192,C0861,2026-03-08,The product is easy to use.,Survey
F002193,C0861,2026-03-08,The dashboard is very useful.,Survey
F002194,C0861,2026-03-08,The experience has become frustrating.,Interview
F002195,C0862,2026-03-04,The product is easy to use.,Review
F002196,C0862,2026-03-04,The dashboard is very useful.,In-app
F002197,C0862,2026-03-04,Our team has had a good experience.,In-app
F002198,C0863,2026-03-22,The dashboard is very useful.,In-app
F002199,C0863,2026-03-22,We are considering other options.,Support
F002200,C0863,2026-03-28,We are considering other options.,Support
F002201,C0864,2026-02-02,The dashboard is very useful.,In-app
F002202,C0864,2026-04-11,The experience has become frustrating.,Survey
F002203,C0864,2026-04-13,Our integration is not working properly.,Support
F002204,C0865,2026-02-05,The dashboard is very useful.,Review
F002205,C0866,2026-03-12,The integration keeps causing problems.,Survey
F002206,C0866,2026-02-26,The product is easy to use.,Survey
F002207,C0867,2026-03-02,The product has improved our workflow.,Review
F002208,C0867,2026-04-12,We are considering other options.,Interview
F002209,C0868,2026-04-02,We are having too many problems.,Support
F002210,C0869,2026-02-06,Our team has had a good experience.,In-app
F002211,C0870,2026-03-25,The integration keeps causing problems.,Interview
F002212,C0871,2026-02-16,Our team has had a good experience.,In-app
F002213,C0871,2026-03-03,We are considering other options.,Interview
F002214,C0872,2026-03-01,Our team has had a good experience.,Review
F002215,C0872,2026-03-14,The product has improved our workflow.,Survey
F002216,C0872,2026-02-12,We are having too many problems.,Interview
F002217,C0873,2026-02-21,The product has improved our workflow.,In-app
F002218,C0873,2026-02-10,We are having too many problems.,Survey
F002219,C0873,2026-02-10,The product has improved our workflow.,In-app
F002220,C0873,2026-03-10,We need a more reliable integration.,Survey
F002221,C0874,2026-04-25,The product has improved our workflow.,In-app
F002222,C0875,2026-03-11,The product has been difficult to use recently.,Survey
F002223,C0875,2026-03-11,The product is easy to use.,Survey
F002224,C0876,2026-03-14,We need a more reliable integration.,Survey
F002225,C0876,2026-03-26,We need a more reliable integration.,Survey
F002226,C0876,2026-01-17,The product has been difficult to use recently.,Survey
F002227,C0877,2026-01-20,The product has been difficult to use recently.,Interview
F002228,C0878,2026-04-17,The dashboard is very useful.,In-app
F002229,C0878,2026-01-27,The product is easy to use.,Review
F002230,C0878,2026-02-21,We are considering other options.,Interview
F002231,C0878,2026-02-19,The product has been difficult to use recently.,Support
F002232,C0879,2026-04-28,The integration setup is confusing.,Interview
F002233,C0879,2026-03-16,The dashboard is very useful.,Review
F002234,C0880,2026-02-24,The dashboard is very useful.,In-app
F002235,C0880,2026-04-20,The product has improved our workflow.,Survey
F002236,C0880,2026-03-02,Our team has had a good experience.,Survey
F002237,C0880,2026-02-19,The dashboard is very useful.,Survey
F002238,C0881,2026-03-30,We are considering other options.,Interview
F002239,C0881,2026-03-30,The product is easy to use.,In-app
F002240,C0882,2026-03-13,We need a more reliable integration.,Survey
F002241,C0882,2026-01-20,The dashboard is very useful.,Review
F002242,C0883,2026-04-01,We need a more reliable integration.,Interview
F002243,C0883,2026-04-01,We are having too many problems.,Interview
F002244,C0883,2026-04-01,The product is easy to use.,Review
F002245,C0884,2026-01-28,The experience has become frustrating.,Survey
F002246,C0884,2026-04-02,The product has improved our workflow.,In-app
F002247,C0884,2026-02-08,Our team has had a good experience.,In-app
F002248,C0885,2026-02-28,The dashboard is very useful.,Survey
F002249,C0886,2026-02-23,The product has been difficult to use recently.,Interview
F002250,C0886,2026-04-18,Our integration is not working properly.,Interview
F002251,C0887,2026-03-02,The experience has become frustrating.,Survey
F002252,C0887,2026-02-22,The product has improved our workflow.,In-app
F002253,C0887,2026-03-08,The product has improved our workflow.,Survey
F002254,C0887,2026-04-20,Our integration is not working properly.,Interview
F002255,C0888,2026-04-22,We need a more reliable integration.,Survey
F002256,C0888,2026-02-12,The product is easy to use.,In-app
F002257,C0888,2026-02-12,We are having too many problems.,Interview
F002258,C0888,2026-04-14,Our integration is not working properly.,Support
F002259,C0889,2026-03-11,The product is easy to use.,Review
F002260,C0890,2026-03-10,The product has been difficult to use recently.,Survey
F002261,C0890,2026-03-01,Our team has had a good experience.,Survey
F002262,C0891,2026-03-03,Our team has had a good experience.,Survey
F002263,C0891,2026-02-23,The dashboard is very useful.,Review
F002264,C0892,2026-02-26,The dashboard is very useful.,In-app
F002265,C0893,2026-01-27,We are considering other options.,Interview
F002266,C0893,2026-03-26,Our integration is not working properly.,Support
F002267,C0893,2026-04-04,We need a more reliable integration.,Support
F002268,C0894,2026-04-17,The product has improved our workflow.,In-app
F002269,C0894,2026-04-17,We are considering other options.,Survey
F002270,C0894,2026-04-27,The product has improved our workflow.,In-app
F002271,C0894,2026-04-17,We are having too many problems.,Survey
F002272,C0895,2026-02-23,The product is easy to use.,In-app
F002273,C0895,2026-02-23,Our team has had a good experience.,Review
F002274,C0895,2026-02-23,The dashboard is very useful.,In-app
F002275,C0896,2026-03-20,Our integration is not working properly.,Survey
F002276,C0897,2026-04-26,The product has been difficult to use recently.,Support
F002277,C0898,2026-04-09,The integration setup is confusing.,Interview
F002278,C0899,2026-04-09,The integration keeps causing problems.,Interview
F002279,C0899,2026-04-15,The integration setup is confusing.,Survey
F002280,C0900,2026-03-31,The experience has become frustrating.,Survey
F002281,C0900,2026-03-31,The product has improved our workflow.,In-app
F002282,C0901,2026-04-12,Our integration is not working properly.,Interview
F002283,C0901,2026-02-28,The product is easy to use.,In-app
F002284,C0902,2026-04-20,The product has improved our workflow.,Survey
F002285,C0903,2026-04-23,The product is easy to use.,In-app
F002286,C0904,2026-04-08,The product is easy to use.,In-app
F002287,C0904,2026-04-08,The product has improved our workflow.,In-app
F002288,C0904,2026-04-17,The dashboard is very useful.,Survey
F002289,C0904,2026-04-08,The product has improved our workflow.,Review
F002290,C0905,2026-03-15,We are having too many problems.,Support
F002291,C0905,2026-03-15,The product has improved our workflow.,Review
F002292,C0906,2026-04-03,The product is easy to use.,Survey
F002293,C0906,2026-04-27,The product is easy to use.,Review
F002294,C0906,2026-02-18,The product is easy to use.,In-app
F002295,C0906,2026-02-24,We are considering other options.,Support
F002296,C0907,2026-04-14,We are considering other options.,Survey
F002297,C0907,2026-03-07,Our team has had a good experience.,Review
F002298,C0907,2026-03-03,The product has improved our workflow.,Review
F002299,C0908,2026-01-15,The product has been difficult to use recently.,Interview
F002300,C0908,2026-01-15,The product has been difficult to use recently.,Interview
F002301,C0908,2026-03-11,The integration keeps causing problems.,Support
F002302,C0908,2026-02-20,The product has been difficult to use recently.,Support
F002303,C0909,2026-04-02,The integration setup is confusing.,Interview
F002304,C0909,2026-02-15,Our team has had a good experience.,Review
F002305,C0909,2026-02-15,We are having too many problems.,Interview
F002306,C0909,2026-02-15,We are considering other options.,Survey
F002307,C0910,2026-02-18,The dashboard is very useful.,Review
F002308,C0910,2026-02-08,The product is easy to use.,Survey
F002309,C0911,2026-04-07,We need a more reliable integration.,Support
F002310,C0912,2026-02-19,The product is easy to use.,In-app
F002311,C0912,2026-02-19,The product is easy to use.,Survey
F002312,C0912,2026-03-25,The product has improved our workflow.,Review
F002313,C0913,2026-04-20,The product is easy to use.,Review
F002314,C0914,2026-04-25,We are having too many problems.,Survey
F002315,C0914,2026-04-25,The product has improved our workflow.,Survey
F002316,C0914,2026-04-25,The product has improved our workflow.,Survey
F002317,C0914,2026-04-25,The product has been difficult to use recently.,Support
F002318,C0915,2026-04-17,The dashboard is very useful.,Review
F002319,C0915,2026-04-17,The experience has become frustrating.,Support
F002320,C0915,2026-04-17,The dashboard is very useful.,Survey
F002321,C0915,2026-04-17,The product has been difficult to use recently.,Support
F002322,C0916,2026-04-25,Our team has had a good experience.,In-app
F002323,C0916,2026-02-23,The dashboard is very useful.,Survey
F002324,C0916,2026-02-23,The product has been difficult to use recently.,Interview
F002325,C0917,2026-03-28,We are having too many problems.,Interview
F002326,C0917,2026-03-10,Our team has had a good experience.,In-app
F002327,C0917,2026-03-10,The dashboard is very useful.,Survey
F002328,C0917,2026-03-10,The product has been difficult to use recently.,Interview
F002329,C0918,2026-04-06,Our integration is not working properly.,Interview
F002330,C0918,2026-04-06,The product is easy to use.,Review
F002331,C0918,2026-04-25,Our team has had a good experience.,Survey
F002332,C0918,2026-04-16,The integration setup is confusing.,Survey
F002333,C0919,2026-04-05,The experience has become frustrating.,Survey
F002334,C0919,2026-04-05,The product is easy to use.,In-app
F002335,C0920,2026-03-11,The integration setup is confusing.,Interview
F002336,C0920,2026-03-11,The product has improved our workflow.,In-app
F002337,C0920,2026-03-23,We need a more reliable integration.,Survey
F002338,C0920,2026-03-11,Our team has had a good experience.,Review
F002339,C0921,2026-04-13,The dashboard is very useful.,Survey
F002340,C0921,2026-04-13,The integration setup is confusing.,Interview
F002341,C0921,2026-04-13,The product has improved our workflow.,Review
F002342,C0921,2026-04-13,The product has improved our workflow.,Review
F002343,C0922,2026-03-19,The product has been difficult to use recently.,Support
F002344,C0922,2026-04-07,The integration setup is confusing.,Support
F002345,C0922,2026-03-19,The dashboard is very useful.,Review
F002346,C0923,2026-04-25,The dashboard is very useful.,Review
F002347,C0923,2026-04-25,Our integration is not working properly.,Interview
F002348,C0923,2026-04-25,The product has improved our workflow.,In-app
F002349,C0924,2026-03-08,Our team has had a good experience.,Review
F002350,C0925,2026-03-04,The product has been difficult to use recently.,Interview
F002351,C0925,2026-04-09,The integration keeps causing problems.,Survey
F002352,C0925,2026-04-03,Our team has had a good experience.,Survey
F002353,C0925,2026-03-04,The dashboard is very useful.,In-app
F002354,C0926,2026-03-17,The dashboard is very useful.,Survey
F002355,C0926,2026-01-29,The product has improved our workflow.,Review
F002356,C0926,2026-02-15,The product is easy to use.,Survey
F002357,C0927,2026-04-07,The integration keeps causing problems.,Survey
F002358,C0927,2026-03-02,We are having too many problems.,Interview
F002359,C0927,2026-03-23,The dashboard is very useful.,Review
F002360,C0928,2026-03-22,The integration keeps causing problems.,Interview
F002361,C0929,2026-04-17,We are considering other options.,Support
F002362,C0929,2026-03-04,The experience has become frustrating.,Support
F002363,C0930,2026-03-24,The product is easy to use.,Review
F002364,C0930,2026-04-12,The product has been difficult to use recently.,Support
F002365,C0930,2026-04-12,The product is easy to use.,Review
F002366,C0931,2026-02-20,The experience has become frustrating.,Support
F002367,C0931,2026-02-27,The dashboard is very useful.,In-app
F002368,C0932,2026-02-13,The product is easy to use.,In-app
F002369,C0932,2026-04-05,We are considering other options.,Support
F002370,C0932,2026-03-22,We are considering other options.,Interview
F002371,C0933,2026-03-27,The experience has become frustrating.,Survey
F002372,C0933,2026-03-27,The product has improved our workflow.,Review
F002373,C0934,2026-03-28,The dashboard is very useful.,Survey
F002374,C0935,2026-04-13,Our team has had a good experience.,Review
F002375,C0935,2026-04-13,The product has improved our workflow.,In-app
F002376,C0936,2026-04-21,The product has been difficult to use recently.,Interview
F002377,C0937,2026-04-03,The product has improved our workflow.,Review
F002378,C0937,2026-04-03,The product has improved our workflow.,Review
F002379,C0937,2026-04-03,The product is easy to use.,In-app
F002380,C0938,2026-02-27,The experience has become frustrating.,Survey
F002381,C0938,2026-03-02,The product is easy to use.,Survey
F002382,C0938,2026-03-17,We need a more reliable integration.,Support
F002383,C0939,2026-04-18,The dashboard is very useful.,In-app
F002384,C0939,2026-04-18,We need a more reliable integration.,Interview
F002385,C0940,2026-03-28,Our integration is not working properly.,Support
F002386,C0940,2026-04-11,The product is easy to use.,In-app
F002387,C0940,2026-03-01,The product has been difficult to use recently.,Interview
F002388,C0941,2026-04-28,The product has been difficult to use recently.,Support
F002389,C0941,2026-04-28,Our team has had a good experience.,In-app
F002390,C0942,2026-04-21,The product is easy to use.,Survey
F002391,C0943,2026-03-21,The dashboard is very useful.,In-app
F002392,C0943,2026-03-21,Our team has had a good experience.,Survey
F002393,C0943,2026-04-01,The product is easy to use.,Review
F002394,C0943,2026-03-21,Our team has had a good experience.,Survey
F002395,C0944,2026-03-10,The dashboard is very useful.,Survey
F002396,C0944,2026-03-22,We are having too many problems.,Interview
F002397,C0944,2026-03-10,The dashboard is very useful.,Review
F002398,C0945,2026-02-14,The product is easy to use.,Survey
F002399,C0945,2026-03-23,We need a more reliable integration.,Interview
F002400,C0945,2026-04-15,We need a more reliable integration.,Interview
F002401,C0946,2026-04-27,The dashboard is very useful.,Survey
F002402,C0946,2026-04-27,Our team has had a good experience.,Survey
F002403,C0946,2026-04-27,We are having too many problems.,Support
F002404,C0946,2026-04-27,The product is easy to use.,In-app
F002405,C0947,2026-02-20,The product has been difficult to use recently.,Survey
F002406,C0947,2026-02-20,The dashboard is very useful.,Survey
F002407,C0947,2026-02-20,The product is easy to use.,In-app
F002408,C0947,2026-02-20,The product is easy to use.,Review
F002409,C0948,2026-04-27,We are considering other options.,Survey
F002410,C0948,2026-03-17,The product is easy to use.,Review
F002411,C0948,2026-04-17,Our integration is not working properly.,Support
F002412,C0949,2026-03-14,We are considering other options.,Interview
F002413,C0950,2026-04-24,We are having too many problems.,Interview
F002414,C0950,2026-04-20,The product is easy to use.,Survey
F002415,C0950,2026-04-25,We are having too many problems.,Survey
F002416,C0951,2026-03-12,The integration keeps causing problems.,Support
F002417,C0951,2026-02-18,The product is easy to use.,In-app
F002418,C0951,2026-04-09,We are considering other options.,Interview
F002419,C0952,2026-01-11,The product has improved our workflow.,In-app
F002420,C0952,2026-03-07,The product is easy to use.,Review
F002421,C0952,2026-01-11,The product is easy to use.,In-app
F002422,C0953,2026-03-24,Our team has had a good experience.,Review
F002423,C0954,2026-02-24,The dashboard is very useful.,Review
F002424,C0954,2026-03-20,The integration keeps causing problems.,Support
F002425,C0955,2026-02-05,We are having too many problems.,Survey
F002426,C0955,2026-02-27,The product has been difficult to use recently.,Survey
F002427,C0955,2026-04-06,The product has improved our workflow.,Survey
F002428,C0955,2026-03-24,The product is easy to use.,Review
F002429,C0956,2026-04-21,The product is easy to use.,In-app
F002430,C0956,2026-04-21,The product has improved our workflow.,In-app
F002431,C0957,2026-04-09,We need a more reliable integration.,Survey
F002432,C0957,2026-03-01,The experience has become frustrating.,Support
F002433,C0957,2026-04-05,The product is easy to use.,Survey
F002434,C0958,2026-02-07,We are considering other options.,Survey
F002435,C0958,2026-04-02,We need a more reliable integration.,Interview
F002436,C0959,2026-04-27,Our integration is not working properly.,Support
F002437,C0960,2026-02-03,The product is easy to use.,Review
F002438,C0961,2026-04-02,Our team has had a good experience.,Survey
F002439,C0961,2026-03-14,Our team has had a good experience.,Review
F002440,C0961,2026-03-26,The product has been difficult to use recently.,Survey
F002441,C0962,2026-04-28,The product has been difficult to use recently.,Survey
F002442,C0962,2026-02-11,We are having too many problems.,Survey
F002443,C0963,2026-03-07,The product is easy to use.,In-app
F002444,C0963,2026-02-14,We are having too many problems.,Support
F002445,C0964,2026-02-28,The dashboard is very useful.,Review
F002446,C0964,2026-03-02,The product is easy to use.,Survey
F002447,C0964,2026-02-28,Our team has had a good experience.,Survey
F002448,C0965,2026-03-23,The product has been difficult to use recently.,Survey
F002449,C0965,2026-02-11,The product is easy to use.,In-app
F002450,C0966,2026-04-03,The integration keeps causing problems.,Survey
F002451,C0966,2026-02-20,The dashboard is very useful.,Review
F002452,C0966,2026-02-13,The product has improved our workflow.,Survey
F002453,C0966,2026-02-21,Our team has had a good experience.,In-app
F002454,C0967,2026-04-08,The integration setup is confusing.,Interview
F002455,C0967,2026-04-08,The product is easy to use.,In-app
F002456,C0967,2026-04-08,The integration setup is confusing.,Support
F002457,C0968,2026-04-23,Our integration is not working properly.,Interview
F002458,C0969,2026-02-18,The product has improved our workflow.,In-app
F002459,C0969,2026-03-08,The product has improved our workflow.,In-app
F002460,C0969,2026-02-18,The product is easy to use.,In-app
F002461,C0969,2026-02-18,The dashboard is very useful.,Review
F002462,C0970,2026-04-08,The product has improved our workflow.,In-app
F002463,C0971,2026-04-07,Our team has had a good experience.,Survey
F002464,C0972,2026-04-17,We are considering other options.,Support
F002465,C0972,2026-04-17,The product is easy to use.,Review
F002466,C0973,2026-02-23,The experience has become frustrating.,Support
F002467,C0974,2026-04-18,Our team has had a good experience.,Survey
F002468,C0975,2026-04-17,We are considering other options.,Support
F002469,C0975,2026-04-17,The dashboard is very useful.,In-app
F002470,C0975,2026-04-17,The integration keeps causing problems.,Survey
F002471,C0975,2026-04-17,Our team has had a good experience.,Survey
F002472,C0976,2026-02-25,The experience has become frustrating.,Support
F002473,C0977,2026-03-02,The product is easy to use.,In-app
F002474,C0978,2026-01-06,The product has been difficult to use recently.,Interview
F002475,C0978,2026-04-15,The product has improved our workflow.,Survey
F002476,C0978,2026-01-11,Our team has had a good experience.,Review
F002477,C0979,2026-04-06,The integration setup is confusing.,Support
F002478,C0980,2026-03-11,The product has improved our workflow.,In-app
F002479,C0980,2026-03-11,We are having too many problems.,Survey
F002480,C0980,2026-03-23,The dashboard is very useful.,In-app
F002481,C0981,2026-04-20,The product is easy to use.,In-app
F002482,C0982,2026-02-14,The product is easy to use.,Survey
F002483,C0983,2026-02-14,The product is easy to use.,In-app
F002484,C0983,2026-01-29,The product has improved our workflow.,In-app
F002485,C0983,2026-02-23,The product has improved our workflow.,Survey
F002486,C0983,2026-01-29,The product has improved our workflow.,Survey
F002487,C0984,2026-03-25,We are having too many problems.,Survey
F002488,C0985,2026-02-11,The dashboard is very useful.,In-app
F002489,C0986,2026-04-10,Our integration is not working properly.,Survey
F002490,C0986,2026-04-10,Our team has had a good experience.,Survey
F002491,C0986,2026-04-10,The product has improved our workflow.,Review
F002492,C0986,2026-04-10,The dashboard is very useful.,In-app
F002493,C0987,2026-03-25,Our team has had a good experience.,Survey
F002494,C0987,2026-03-25,Our team has had a good experience.,Review
F002495,C0987,2026-03-25,Our team has had a good experience.,Survey
F002496,C0988,2026-01-15,The product is easy to use.,In-app
F002497,C0988,2026-04-10,Our team has had a good experience.,Review
F002498,C0988,2026-04-04,We need a more reliable integration.,Survey
F002499,C0988,2026-04-20,The product is easy to use.,In-app
F002500,C0989,2026-04-07,The dashboard is very useful.,Review
F002501,C0989,2026-04-07,We are considering other options.,Interview
F002502,C0990,2026-04-20,We are having too many problems.,Interview
F002503,C0991,2026-02-07,We are having too many problems.,Support
F002504,C0991,2026-02-01,The product has improved our workflow.,Survey
F002505,C0991,2026-04-20,The product has improved our workflow.,Survey
F002506,C0992,2026-01-26,Our team has had a good experience.,In-app
F002507,C0992,2026-02-03,The product is easy to use.,Review
F002508,C0993,2026-04-18,We are considering other options.,Support
F002509,C0993,2026-04-18,We are having too many problems.,Survey
F002510,C0993,2026-04-18,The dashboard is very useful.,Review
F002511,C0994,2026-02-07,The experience has become frustrating.,Interview
F002512,C0994,2026-04-01,Our integration is not working properly.,Interview
F002513,C0994,2026-02-09,Our team has had a good experience.,Survey
F002514,C0994,2026-04-09,The product has improved our workflow.,Survey
F002515,C0995,2026-04-06,The product has improved our workflow.,Review
F002516,C0995,2026-03-21,The product has been difficult to use recently.,Support
F002517,C0996,2026-03-21,The experience has become frustrating.,Interview
F002518,C0996,2026-01-23,Our team has had a good experience.,Review
F002519,C0997,2026-03-16,The integration keeps causing problems.,Survey
F002520,C0997,2026-04-01,The product has improved our workflow.,Survey
F002521,C0997,2026-04-23,Our integration is not working properly.,Survey
F002522,C0998,2026-03-28,We need a more reliable integration.,Survey
F002523,C0998,2026-04-11,We are considering other options.,Support
F002524,C0999,2026-03-02,The dashboard is very useful.,In-app
F002525,C0999,2026-03-02,We are considering other options.,Survey
F002526,C0999,2026-04-04,The product has been difficult to use recently.,Interview
F002527,C0999,2026-03-22,The product is easy to use.,Review
F002528,C1000,2026-03-27,The product has been difficult to use recently.,Support
F002529,C1000,2026-03-27,The product has improved our workflow.,Survey
