ticket_id,customer_id,timestamp,message,category,resolution_time,resolved
ST000001,C0001,2026-03-23 00:00:00,I need help changing our account settings.,Account,42.88,True
ST000002,C0001,2026-03-23 00:00:00,The application shows an unexpected error.,Bug,40.8,True
ST000003,C0001,2026-03-23 00:00:00,The application shows an unexpected error.,Bug,26.89,True
ST000004,C0001,2026-03-23 00:00:00,We are having problems connecting our tools.,Integration,4.01,True
ST000005,C0001,2026-03-23 00:00:00,I was charged incorrectly this month.,Billing,69.04,False
ST000006,C0001,2026-03-23 00:00:00,I have a question about the product.,Other,42.7,True
ST000007,C0002,2026-01-15 13:35:25,Our integration stopped working.,Integration,71.83,True
ST000008,C0002,2026-02-05 09:12:51,I have a question about the product.,Other,62.8,True
ST000009,C0002,2026-04-09 02:12:50,Can you add more options to the dashboard?,Feature Request,30.95,False
ST000010,C0002,2026-03-12 23:02:53,The integration is not syncing correctly.,Integration,12.31,True
ST000011,C0002,2026-04-15 01:26:37,The integration keeps failing.,Integration,55.04,False
ST000012,C0003,2026-01-04 00:00:00,The integration is not syncing correctly.,Integration,19.96,False
ST000013,C0003,2026-01-19 03:34:54,We are having problems connecting our tools.,Integration,8.68,True
ST000014,C0003,2026-01-17 05:13:25,The integration is not syncing correctly.,Integration,4.54,True
ST000015,C0003,2026-01-18 14:57:52,I have a question about the product.,Other,28.5,True
ST000016,C0003,2026-01-15 04:19:10,I need help changing our account settings.,Account,38.39,True
ST000017,C0003,2026-02-13 13:43:25,It would be useful to have this feature.,Feature Request,52.2,True
ST000018,C0003,2026-01-21 20:34:43,I need help changing our account settings.,Account,3.65,True
ST000019,C0003,2026-03-23 22:50:35,Something is not working correctly.,Bug,69.74,False
ST000020,C0004,2026-04-05 00:00:00,The integration keeps failing.,Integration,38.99,True
ST000021,C0004,2026-04-05 00:00:00,The application has become slower recently.,Performance,52.72,False
ST000022,C0004,2026-04-05 00:00:00,Why was my payment charged twice?,Billing,7.04,True
ST000023,C0004,2026-04-05 00:00:00,I found a bug in the dashboard.,Bug,46.24,False
ST000024,C0004,2026-04-05 00:00:00,Can you add more options to the dashboard?,Feature Request,15.32,True
ST000025,C0004,2026-04-05 00:00:00,Why was my payment charged twice?,Billing,21.33,True
ST000026,C0004,2026-04-05 00:00:00,I have a question about my invoice.,Billing,68.26,True
ST000027,C0004,2026-04-05 00:00:00,I have a question about my invoice.,Billing,18.61,False
ST000028,C0005,2026-03-23 06:44:55,The application shows an unexpected error.,Bug,10.74,True
ST000029,C0005,2026-03-15 10:03:05,The integration is not syncing correctly.,Integration,62.35,True
ST000030,C0006,2026-02-15 19:14:13,I need help with something.,Other,40.58,True
ST000031,C0006,2026-04-25 16:47:16,The integration keeps failing.,Integration,41.41,True
ST000032,C0006,2026-02-01 00:00:00,Why was my payment charged twice?,Billing,52.99,True
ST000033,C0007,2026-01-29 00:00:00,Can you add more options to the dashboard?,Feature Request,44.12,True
ST000034,C0007,2026-04-19 17:02:15,I need help with something.,Other,27.25,True
ST000035,C0007,2026-04-14 02:46:08,I need help with something.,Other,47.67,True
ST000036,C0007,2026-02-25 12:55:00,I cannot access my account.,Account,2.65,True
ST000037,C0007,2026-03-20 22:24:46,Something is not working correctly.,Bug,24.14,True
ST000038,C0007,2026-04-23 04:18:13,The dashboard is loading slowly.,Performance,68.56,True
ST000039,C0007,2026-02-22 14:18:20,The application shows an unexpected error.,Bug,51.5,True
ST000040,C0008,2026-04-22 06:32:35,The integration keeps failing.,Integration,62.72,True
ST000041,C0008,2026-03-06 09:35:06,The dashboard is loading slowly.,Performance,13.22,True
ST000042,C0008,2026-02-03 10:33:39,I have a question about the product.,Other,22.71,True
ST000043,C0008,2026-01-18 02:17:42,I have a question about the product.,Other,61.62,True
ST000044,C0008,2026-03-29 11:30:41,I need help with something.,Other,34.88,True
ST000045,C0008,2026-04-09 11:44:27,I have a question about the product.,Other,69.13,False
ST000046,C0009,2026-04-05 00:00:00,Can you add more options to the dashboard?,Feature Request,70.76,True
ST000047,C0009,2026-04-05 00:00:00,I found a bug in the dashboard.,Bug,68.08,True
ST000048,C0009,2026-04-28 12:15:56,We are having problems connecting our tools.,Integration,30.06,True
ST000049,C0009,2026-04-05 00:00:00,Our integration stopped working.,Integration,69.54,True
ST000050,C0009,2026-04-05 00:00:00,I cannot access my account.,Account,44.59,True
ST000051,C0009,2026-04-05 00:00:00,I need help with something.,Other,17.98,True
ST000052,C0010,2026-03-08 21:39:37,We are having problems connecting our tools.,Integration,15.78,True
ST000053,C0010,2026-02-02 19:38:15,The integration keeps failing.,Integration,62.38,True
ST000054,C0010,2026-04-02 16:33:55,I need help with something.,Other,45.56,True
ST000055,C0010,2026-04-06 13:03:58,I found a bug in the dashboard.,Bug,31.87,True
ST000056,C0011,2026-03-28 09:22:48,Our integration stopped working.,Integration,7.5,True
ST000057,C0011,2026-03-28 00:00:00,I need help changing our account settings.,Account,34.49,True
ST000058,C0011,2026-03-28 00:00:00,I cannot access my account.,Account,3.13,True
ST000059,C0011,2026-03-28 00:00:00,Why was my payment charged twice?,Billing,31.58,False
ST000060,C0011,2026-03-28 00:00:00,I found a bug in the dashboard.,Bug,2.49,True
ST000061,C0011,2026-03-28 00:00:00,The integration is not syncing correctly.,Integration,8.61,True
ST000062,C0011,2026-04-07 16:31:18,I need help with something.,Other,17.94,True
ST000063,C0012,2026-04-05 00:00:00,I need help with something.,Other,59.23,True
ST000064,C0013,2026-04-25 00:00:00,The integration is not syncing correctly.,Integration,60.02,False
ST000065,C0013,2026-04-25 00:00:00,I cannot access my account.,Account,3.88,True
ST000066,C0013,2026-04-25 00:00:00,I need help with something.,Other,33.19,True
ST000067,C0013,2026-04-28 00:22:58,Something is not working correctly.,Bug,52.38,True
ST000068,C0013,2026-04-25 00:00:00,Our integration stopped working.,Integration,26.02,False
ST000069,C0013,2026-04-25 00:00:00,The application has become slower recently.,Performance,69.55,True
ST000070,C0014,2026-03-11 00:00:00,The application has become slower recently.,Performance,44.35,True
ST000071,C0014,2026-03-11 00:00:00,Our integration stopped working.,Integration,5.76,False
ST000072,C0014,2026-04-18 15:09:15,I found a bug in the dashboard.,Bug,48.67,False
ST000073,C0015,2026-02-02 11:59:10,The integration is not syncing correctly.,Integration,36.28,True
ST000074,C0015,2026-02-08 18:40:13,I need help with something.,Other,9.29,True
ST000075,C0015,2026-01-12 00:00:00,I need help changing our account settings.,Account,48.24,True
ST000076,C0016,2026-04-16 01:00:42,I have a question about the product.,Other,4.18,True
ST000077,C0016,2026-03-17 00:00:00,The application shows an unexpected error.,Bug,21.81,False
ST000078,C0016,2026-04-13 07:57:10,I need help changing our account settings.,Account,14.68,False
ST000079,C0016,2026-03-17 00:00:00,The integration keeps failing.,Integration,36.84,False
ST000080,C0016,2026-03-17 00:00:00,The dashboard is loading slowly.,Performance,57.46,True
ST000081,C0016,2026-04-01 12:32:15,I cannot access my account.,Account,49.39,False
ST000082,C0016,2026-03-17 00:00:00,I have a question about the product.,Other,1.34,False
ST000083,C0017,2026-03-19 11:55:52,I cannot access my account.,Account,19.41,False
ST000084,C0018,2026-04-03 03:19:34,I need help changing our account settings.,Account,24.81,True
ST000085,C0018,2026-03-16 16:27:13,I have a question about my invoice.,Billing,27.75,True
ST000086,C0019,2026-01-09 19:25:58,Our integration stopped working.,Integration,23.16,True
ST000087,C0020,2026-01-31 22:58:38,Our integration stopped working.,Integration,16.36,True
ST000088,C0020,2026-03-30 04:31:18,I found a bug in the dashboard.,Bug,34.32,True
ST000089,C0020,2026-03-15 23:27:11,I cannot access my account.,Account,18.82,True
ST000090,C0020,2026-02-08 21:18:08,Can you add more options to the dashboard?,Feature Request,42.58,False
ST000091,C0020,2026-02-26 02:54:07,The integration is not syncing correctly.,Integration,64.71,True
ST000092,C0020,2026-03-09 09:02:04,Can you add more options to the dashboard?,Feature Request,69.3,False
ST000093,C0021,2026-02-20 11:45:58,The integration keeps failing.,Integration,4.05,True
ST000094,C0021,2026-04-07 16:39:59,The integration keeps failing.,Integration,59.03,True
ST000095,C0021,2026-02-02 13:21:41,Our integration stopped working.,Integration,16.21,False
ST000096,C0021,2026-04-03 01:43:03,Can you add more options to the dashboard?,Feature Request,16.78,True
ST000097,C0021,2026-03-27 14:20:45,I need help changing our account settings.,Account,54.11,True
ST000098,C0021,2026-01-28 00:00:00,I need help with something.,Other,38.01,True
ST000099,C0021,2026-03-20 09:49:14,I found a bug in the dashboard.,Bug,52.74,True
ST000100,C0021,2026-02-28 03:48:50,The integration is not syncing correctly.,Integration,16.16,True
ST000101,C0022,2026-04-28 12:16:12,The integration keeps failing.,Integration,49.76,True
ST000102,C0022,2026-01-30 00:00:00,I was charged incorrectly this month.,Billing,21.6,True
ST000103,C0022,2026-01-30 00:00:00,The integration keeps failing.,Integration,56.77,True
ST000104,C0022,2026-01-30 00:00:00,Our integration stopped working.,Integration,63.04,False
ST000105,C0023,2026-03-17 04:30:23,I have a question about my invoice.,Billing,27.34,True
ST000106,C0023,2026-04-18 16:33:47,It would be useful to have this feature.,Feature Request,38.85,True
ST000107,C0023,2026-03-06 00:00:00,Can you add more options to the dashboard?,Feature Request,29.58,True
ST000108,C0023,2026-03-24 16:21:40,I was charged incorrectly this month.,Billing,7.69,True
ST000109,C0023,2026-04-18 15:54:01,Something is not working correctly.,Bug,40.24,True
ST000110,C0023,2026-03-06 00:00:00,The application shows an unexpected error.,Bug,70.19,True
ST000111,C0023,2026-04-05 07:49:37,I was charged incorrectly this month.,Billing,65.1,True
ST000112,C0024,2026-03-19 00:00:00,I cannot access my account.,Account,71.29,True
ST000113,C0024,2026-03-19 00:00:00,I found a bug in the dashboard.,Bug,67.68,False
ST000114,C0024,2026-03-19 00:00:00,It would be useful to have this feature.,Feature Request,4.2,True
ST000115,C0025,2026-04-20 15:54:42,Our integration stopped working.,Integration,19.96,False
ST000116,C0025,2026-04-08 13:50:14,I have a question about the product.,Other,11.28,False
ST000117,C0025,2026-02-02 06:41:50,The application has become slower recently.,Performance,16.82,True
ST000118,C0026,2026-03-13 00:00:00,Why was my payment charged twice?,Billing,21.21,True
ST000119,C0026,2026-04-18 21:54:43,I need help changing our account settings.,Account,68.41,False
ST000120,C0026,2026-03-13 00:00:00,I need help with something.,Other,32.66,True
ST000121,C0027,2026-01-26 00:00:00,I found a bug in the dashboard.,Bug,9.51,False
ST000122,C0027,2026-04-16 11:00:15,The dashboard is loading slowly.,Performance,3.77,True
ST000123,C0027,2026-02-28 08:43:20,I need help changing our account settings.,Account,53.47,True
ST000124,C0028,2026-04-05 12:39:58,Something is not working correctly.,Bug,24.47,True
ST000125,C0028,2026-04-02 00:00:00,I cannot access my account.,Account,36.27,False
ST000126,C0028,2026-04-02 00:00:00,I found a bug in the dashboard.,Bug,66.08,False
ST000127,C0028,2026-04-02 00:00:00,We are having problems connecting our tools.,Integration,19.36,True
ST000128,C0029,2026-03-25 00:00:00,I have a question about the product.,Other,36.11,True
ST000129,C0029,2026-04-27 21:06:47,Why was my payment charged twice?,Billing,3.47,True
ST000130,C0029,2026-03-25 00:00:00,I have a question about the product.,Other,20.56,True
ST000131,C0029,2026-03-25 00:00:00,We are having problems connecting our tools.,Integration,45.65,True
ST000132,C0029,2026-03-28 05:59:36,The integration keeps failing.,Integration,13.18,True
ST000133,C0029,2026-04-14 14:36:59,Something is not working correctly.,Bug,53.96,False
ST000134,C0030,2026-04-05 01:38:17,The integration is not syncing correctly.,Integration,3.19,True
ST000135,C0030,2026-03-31 00:00:00,I have a question about my invoice.,Billing,52.69,True
ST000136,C0030,2026-03-31 00:00:00,Why was my payment charged twice?,Billing,52.32,True
ST000137,C0030,2026-03-31 00:00:00,I have a question about the product.,Other,64.05,True
ST000138,C0030,2026-03-31 00:00:00,I need help with something.,Other,5.49,True
ST000139,C0030,2026-03-31 00:00:00,It would be useful to have this feature.,Feature Request,8.45,True
ST000140,C0031,2026-03-11 00:00:00,The integration keeps failing.,Integration,10.75,True
ST000141,C0031,2026-03-11 00:00:00,I have a question about my invoice.,Billing,41.5,True
ST000142,C0031,2026-04-24 11:04:18,The dashboard is loading slowly.,Performance,7.3,True
ST000143,C0032,2026-03-30 07:29:05,Our integration stopped working.,Integration,57.7,True
ST000144,C0032,2026-02-23 00:00:00,I have a question about the product.,Other,46.36,True
ST000145,C0032,2026-02-23 00:00:00,I have a question about the product.,Other,36.03,False
ST000146,C0032,2026-04-15 01:17:04,Our integration stopped working.,Integration,17.54,True
ST000147,C0032,2026-03-21 00:33:29,It would be useful to have this feature.,Feature Request,5.23,True
ST000148,C0032,2026-03-20 06:09:07,The integration keeps failing.,Integration,51.12,True
ST000149,C0033,2026-04-14 10:22:24,The integration keeps failing.,Integration,34.62,True
ST000150,C0033,2026-02-20 21:05:45,I need help with something.,Other,65.03,True
ST000151,C0033,2026-03-27 22:41:35,I was charged incorrectly this month.,Billing,27.96,True
ST000152,C0033,2026-02-08 13:38:28,Our integration stopped working.,Integration,31.89,True
ST000153,C0034,2026-04-01 21:31:29,We are having problems connecting our tools.,Integration,70.3,True
ST000154,C0034,2026-04-22 09:47:11,I need help changing our account settings.,Account,40.49,True
ST000155,C0034,2026-03-07 10:51:07,The application has become slower recently.,Performance,18.34,False
ST000156,C0035,2026-03-17 00:00:00,I need help with something.,Other,23.91,True
ST000157,C0035,2026-03-17 00:00:00,I cannot access my account.,Account,35.38,True
ST000158,C0035,2026-03-17 00:00:00,Our integration stopped working.,Integration,66.02,True
ST000159,C0035,2026-04-01 03:57:45,It would be useful to have this feature.,Feature Request,30.58,False
ST000160,C0035,2026-03-17 00:00:00,It would be useful to have this feature.,Feature Request,15.45,True
ST000161,C0035,2026-03-17 00:00:00,I need help with something.,Other,4.31,False
ST000162,C0036,2026-02-23 22:59:11,Our integration stopped working.,Integration,53.67,True
ST000163,C0036,2026-02-26 11:53:08,The integration keeps failing.,Integration,66.8,True
ST000164,C0037,2026-04-14 00:00:00,I cannot access my account.,Account,35.68,True
ST000165,C0037,2026-04-14 00:00:00,I have a question about my invoice.,Billing,35.9,True
ST000166,C0037,2026-04-14 00:00:00,I cannot access my account.,Account,16.17,True
ST000167,C0037,2026-04-14 00:00:00,I need help with something.,Other,28.77,False
ST000168,C0037,2026-04-14 00:00:00,We are having problems connecting our tools.,Integration,32.88,True
ST000169,C0038,2026-04-22 00:00:00,The application shows an unexpected error.,Bug,19.35,False
ST000170,C0038,2026-04-22 00:00:00,Can you add more options to the dashboard?,Feature Request,38.73,True
ST000171,C0038,2026-04-22 00:00:00,The application shows an unexpected error.,Bug,57.73,True
ST000172,C0038,2026-04-22 00:00:00,I need help changing our account settings.,Account,38.19,False
ST000173,C0038,2026-04-22 00:00:00,We are having problems connecting our tools.,Integration,32.92,False
ST000174,C0038,2026-04-22 00:00:00,I found a bug in the dashboard.,Bug,41.51,True
ST000175,C0038,2026-04-22 00:00:00,I have a question about my invoice.,Billing,37.1,True
ST000176,C0039,2026-01-08 05:38:51,I need help with something.,Other,30.07,True
ST000177,C0039,2026-02-17 04:14:46,The integration keeps failing.,Integration,29.46,True
ST000178,C0039,2026-03-10 10:41:47,I found a bug in the dashboard.,Bug,32.79,True
ST000179,C0040,2026-04-08 00:00:00,The application shows an unexpected error.,Bug,13.92,False
ST000180,C0040,2026-04-08 00:00:00,I need help with something.,Other,34.64,True
ST000181,C0041,2026-04-14 00:00:00,The integration is not syncing correctly.,Integration,44.09,False
ST000182,C0041,2026-04-14 00:00:00,I need help with something.,Other,59.0,True
ST000183,C0041,2026-04-17 12:18:23,I have a question about my invoice.,Billing,28.15,True
ST000184,C0041,2026-04-14 00:00:00,I have a question about the product.,Other,31.45,True
ST000185,C0041,2026-04-14 00:00:00,I found a bug in the dashboard.,Bug,25.91,False
ST000186,C0042,2026-01-21 00:00:00,I found a bug in the dashboard.,Bug,59.67,True
ST000187,C0042,2026-01-31 06:43:24,I have a question about my invoice.,Billing,50.76,True
ST000188,C0042,2026-03-21 15:08:58,I found a bug in the dashboard.,Bug,56.1,False
ST000189,C0042,2026-04-21 13:39:02,Why was my payment charged twice?,Billing,15.72,True
ST000190,C0043,2026-03-31 00:00:00,I found a bug in the dashboard.,Bug,48.28,False
ST000191,C0043,2026-03-31 00:00:00,The dashboard is loading slowly.,Performance,16.42,True
ST000192,C0043,2026-03-31 00:00:00,Why was my payment charged twice?,Billing,41.04,True
ST000193,C0044,2026-03-09 22:14:29,I need help with something.,Other,50.5,True
ST000194,C0044,2026-02-24 00:00:00,I need help with something.,Other,49.49,True
ST000195,C0044,2026-02-24 00:00:00,I need help with something.,Other,22.77,True
ST000196,C0044,2026-02-24 00:00:00,The integration keeps failing.,Integration,37.05,False
ST000197,C0045,2026-03-22 10:01:08,I need help with something.,Other,29.34,True
ST000198,C0046,2026-02-05 00:00:00,I need help changing our account settings.,Account,52.01,False
ST000199,C0046,2026-02-11 23:14:20,The application shows an unexpected error.,Bug,16.33,False
ST000200,C0046,2026-02-09 18:41:16,I found a bug in the dashboard.,Bug,20.2,False
ST000201,C0046,2026-04-25 21:51:57,Can you add more options to the dashboard?,Feature Request,34.52,True
ST000202,C0046,2026-02-24 09:26:43,I need help with something.,Other,64.13,True
ST000203,C0046,2026-02-16 11:54:05,It would be useful to have this feature.,Feature Request,35.09,True
ST000204,C0046,2026-02-19 07:34:33,Can you add more options to the dashboard?,Feature Request,55.53,True
ST000205,C0046,2026-04-13 09:59:56,I was charged incorrectly this month.,Billing,48.09,True
ST000206,C0047,2026-04-15 11:18:26,I need help with something.,Other,34.1,False
ST000207,C0047,2026-02-28 03:09:28,I have a question about the product.,Other,8.0,True
ST000208,C0047,2026-02-17 11:03:15,We are having problems connecting our tools.,Integration,2.53,True
ST000209,C0047,2026-01-20 00:00:00,Our integration stopped working.,Integration,65.33,True
ST000210,C0048,2026-01-28 00:00:00,The integration is not syncing correctly.,Integration,50.95,True
ST000211,C0049,2026-04-08 00:00:00,It would be useful to have this feature.,Feature Request,4.26,False
ST000212,C0049,2026-04-08 00:00:00,We are having problems connecting our tools.,Integration,18.74,True
ST000213,C0049,2026-04-08 00:00:00,I need help changing our account settings.,Account,45.75,True
ST000214,C0049,2026-04-08 00:00:00,I cannot access my account.,Account,42.27,False
ST000215,C0049,2026-04-08 00:00:00,I have a question about my invoice.,Billing,44.68,False
ST000216,C0049,2026-04-08 00:00:00,I need help changing our account settings.,Account,23.99,True
ST000217,C0049,2026-04-08 00:00:00,I found a bug in the dashboard.,Bug,17.17,True
ST000218,C0050,2026-02-13 00:00:00,I need help changing our account settings.,Account,23.88,True
ST000219,C0050,2026-02-13 00:00:00,The dashboard is loading slowly.,Performance,36.79,True
ST000220,C0050,2026-04-16 19:23:14,I was charged incorrectly this month.,Billing,63.25,True
ST000221,C0050,2026-04-07 17:26:10,I cannot access my account.,Account,11.77,True
ST000222,C0050,2026-02-13 00:00:00,I found a bug in the dashboard.,Bug,36.97,True
ST000223,C0050,2026-02-13 00:00:00,The integration is not syncing correctly.,Integration,59.32,True
ST000224,C0050,2026-02-13 00:00:00,We are having problems connecting our tools.,Integration,32.39,False
ST000225,C0050,2026-02-13 00:00:00,I have a question about the product.,Other,65.4,True
ST000226,C0051,2026-01-14 00:00:00,Something is not working correctly.,Bug,54.21,True
ST000227,C0051,2026-01-28 01:13:58,I was charged incorrectly this month.,Billing,46.45,True
ST000228,C0051,2026-01-14 00:00:00,The integration keeps failing.,Integration,14.58,True
ST000229,C0052,2026-03-28 06:02:22,The integration is not syncing correctly.,Integration,29.73,True
ST000230,C0052,2026-04-02 14:47:11,I have a question about the product.,Other,25.33,False
ST000231,C0052,2026-04-18 03:39:47,The integration keeps failing.,Integration,40.62,True
ST000232,C0052,2026-04-03 14:28:33,The application has become slower recently.,Performance,70.48,True
ST000233,C0052,2026-04-22 02:29:54,The dashboard is loading slowly.,Performance,10.12,True
ST000234,C0052,2026-01-15 10:01:50,I need help changing our account settings.,Account,33.67,True
ST000235,C0052,2026-03-30 07:11:25,The application shows an unexpected error.,Bug,37.39,False
ST000236,C0053,2026-04-25 22:25:26,I need help changing our account settings.,Account,68.63,False
ST000237,C0053,2026-03-29 01:37:17,I need help changing our account settings.,Account,67.82,True
ST000238,C0054,2026-04-18 13:45:15,Our integration stopped working.,Integration,56.07,True
ST000239,C0054,2026-01-15 00:50:29,The dashboard is loading slowly.,Performance,4.85,True
ST000240,C0054,2026-01-23 23:03:40,I cannot access my account.,Account,14.53,True
ST000241,C0054,2026-01-21 04:15:32,The dashboard is loading slowly.,Performance,37.99,True
ST000242,C0054,2026-03-06 23:40:43,The integration is not syncing correctly.,Integration,32.68,True
ST000243,C0054,2026-01-13 00:00:00,I need help with something.,Other,48.75,True
ST000244,C0054,2026-04-24 23:31:11,We are having problems connecting our tools.,Integration,23.81,True
ST000245,C0055,2026-03-07 03:39:10,The integration is not syncing correctly.,Integration,69.77,False
ST000246,C0055,2026-04-13 15:43:00,I have a question about the product.,Other,43.84,True
ST000247,C0055,2026-02-15 00:00:00,I have a question about the product.,Other,38.54,True
ST000248,C0056,2026-04-26 11:19:08,I have a question about the product.,Other,40.24,True
ST000249,C0056,2026-04-19 00:00:00,The integration is not syncing correctly.,Integration,64.8,True
ST000250,C0056,2026-04-19 00:00:00,The application shows an unexpected error.,Bug,50.86,False
ST000251,C0056,2026-04-19 00:00:00,I have a question about the product.,Other,3.53,True
ST000252,C0056,2026-04-19 00:00:00,I need help with something.,Other,18.98,False
ST000253,C0056,2026-04-19 00:00:00,I have a question about the product.,Other,6.06,True
ST000254,C0057,2026-04-02 16:38:44,I need help changing our account settings.,Account,69.37,True
ST000255,C0057,2026-02-14 00:00:00,I have a question about the product.,Other,25.51,True
ST000256,C0058,2026-03-26 04:23:37,The application has become slower recently.,Performance,13.66,True
ST000257,C0058,2026-03-19 00:00:00,I need help with something.,Other,29.62,True
ST000258,C0058,2026-03-19 00:00:00,I cannot access my account.,Account,62.72,False
ST000259,C0058,2026-03-19 00:00:00,I need help changing our account settings.,Account,29.46,True
ST000260,C0058,2026-04-24 20:03:15,I have a question about my invoice.,Billing,28.51,False
ST000261,C0059,2026-02-18 14:43:24,The integration keeps failing.,Integration,25.54,False
ST000262,C0059,2026-04-04 22:33:26,I need help with something.,Other,11.07,False
ST000263,C0059,2026-02-03 00:00:00,Something is not working correctly.,Bug,31.82,False
ST000264,C0060,2026-04-14 00:00:00,I need help with something.,Other,23.61,True
ST000265,C0060,2026-04-14 00:00:00,I have a question about the product.,Other,11.66,True
ST000266,C0060,2026-04-14 00:00:00,We are having problems connecting our tools.,Integration,9.69,False
ST000267,C0061,2026-03-26 22:03:00,I need help changing our account settings.,Account,54.18,True
ST000268,C0061,2026-03-07 06:14:02,It would be useful to have this feature.,Feature Request,35.51,False
ST000269,C0062,2026-04-04 00:00:00,The integration is not syncing correctly.,Integration,58.01,True
ST000270,C0062,2026-04-04 00:00:00,The integration keeps failing.,Integration,71.28,True
ST000271,C0063,2026-02-28 00:00:00,I cannot access my account.,Account,17.72,True
ST000272,C0063,2026-04-08 11:43:19,I have a question about my invoice.,Billing,60.11,True
ST000273,C0064,2026-04-27 14:14:56,I found a bug in the dashboard.,Bug,11.75,True
ST000274,C0064,2026-03-30 01:38:31,I need help with something.,Other,29.52,True
ST000275,C0064,2026-03-10 00:00:00,I need help changing our account settings.,Account,25.91,True
ST000276,C0064,2026-03-25 21:18:02,It would be useful to have this feature.,Feature Request,2.86,False
ST000277,C0064,2026-03-21 12:47:38,I have a question about my invoice.,Billing,14.55,True
ST000278,C0064,2026-03-10 00:00:00,The integration keeps failing.,Integration,53.69,True
ST000279,C0065,2026-01-23 04:24:44,I have a question about my invoice.,Billing,32.44,False
ST000280,C0065,2026-01-28 13:55:43,The application shows an unexpected error.,Bug,51.67,True
ST000281,C0065,2026-02-01 22:30:40,Why was my payment charged twice?,Billing,34.75,True
ST000282,C0065,2026-04-08 23:48:58,Can you add more options to the dashboard?,Feature Request,30.02,True
ST000283,C0065,2026-04-13 10:00:02,Can you add more options to the dashboard?,Feature Request,26.07,False
ST000284,C0066,2026-04-29 00:00:00,Can you add more options to the dashboard?,Feature Request,17.3,False
ST000285,C0066,2026-04-29 00:00:00,I need help with something.,Other,23.11,True
ST000286,C0066,2026-04-29 00:00:00,I found a bug in the dashboard.,Bug,1.88,False
ST000287,C0067,2026-04-15 18:03:19,The integration keeps failing.,Integration,58.78,True
ST000288,C0067,2026-02-18 00:00:00,It would be useful to have this feature.,Feature Request,38.24,True
ST000289,C0067,2026-03-21 15:42:23,The application shows an unexpected error.,Bug,51.55,True
ST000290,C0067,2026-04-17 11:53:28,The integration is not syncing correctly.,Integration,58.94,True
ST000291,C0067,2026-04-02 06:30:53,I have a question about the product.,Other,4.18,True
ST000292,C0067,2026-04-25 08:11:42,I cannot access my account.,Account,37.26,True
ST000293,C0067,2026-04-25 11:53:13,I need help changing our account settings.,Account,45.22,True
ST000294,C0068,2026-01-18 23:48:42,I have a question about the product.,Other,62.16,True
ST000295,C0069,2026-04-09 17:05:09,I need help with something.,Other,62.98,True
ST000296,C0069,2026-04-08 13:32:04,The integration keeps failing.,Integration,68.68,True
ST000297,C0069,2026-03-12 00:00:00,I have a question about the product.,Other,21.98,True
ST000298,C0069,2026-03-12 00:00:00,I have a question about my invoice.,Billing,69.2,True
ST000299,C0069,2026-04-28 13:38:35,We are having problems connecting our tools.,Integration,13.59,True
ST000300,C0069,2026-03-12 00:00:00,I was charged incorrectly this month.,Billing,44.18,True
ST000301,C0069,2026-03-12 00:00:00,I need help with something.,Other,38.64,True
ST000302,C0069,2026-03-12 00:00:00,I need help with something.,Other,44.5,True
ST000303,C0070,2026-04-02 00:05:18,I need help with something.,Other,64.85,True
ST000304,C0070,2026-03-22 02:23:10,The application has become slower recently.,Performance,16.96,True
ST000305,C0070,2026-02-07 00:00:00,Can you add more options to the dashboard?,Feature Request,40.69,True
ST000306,C0070,2026-04-11 06:55:06,I found a bug in the dashboard.,Bug,16.82,True
ST000307,C0071,2026-04-17 00:00:00,I cannot access my account.,Account,44.44,False
ST000308,C0071,2026-04-17 00:00:00,I need help changing our account settings.,Account,67.83,True
ST000309,C0071,2026-04-17 00:00:00,I found a bug in the dashboard.,Bug,14.35,True
ST000310,C0071,2026-04-17 00:00:00,I need help changing our account settings.,Account,61.86,True
ST000311,C0071,2026-04-17 00:00:00,The dashboard is loading slowly.,Performance,20.9,True
ST000312,C0072,2026-03-22 00:00:00,The integration is not syncing correctly.,Integration,25.45,False
ST000313,C0072,2026-03-22 00:00:00,I need help changing our account settings.,Account,25.67,True
ST000314,C0072,2026-03-22 00:00:00,Can you add more options to the dashboard?,Feature Request,30.56,False
ST000315,C0072,2026-03-22 00:00:00,Our integration stopped working.,Integration,39.87,True
ST000316,C0073,2026-03-21 00:00:00,Can you add more options to the dashboard?,Feature Request,20.13,False
ST000317,C0073,2026-03-21 00:00:00,I have a question about the product.,Other,66.95,True
ST000318,C0073,2026-04-26 07:52:20,I have a question about my invoice.,Billing,62.83,True
ST000319,C0073,2026-03-21 00:00:00,We are having problems connecting our tools.,Integration,67.62,True
ST000320,C0073,2026-03-21 00:00:00,I have a question about the product.,Other,19.66,True
ST000321,C0074,2026-04-24 00:00:00,I have a question about the product.,Other,46.42,False
ST000322,C0075,2026-04-21 00:00:00,We are having problems connecting our tools.,Integration,59.81,True
ST000323,C0075,2026-04-23 09:22:44,I need help with something.,Other,49.51,False
ST000324,C0075,2026-04-21 00:00:00,The integration keeps failing.,Integration,41.09,False
ST000325,C0075,2026-04-21 00:00:00,The dashboard is loading slowly.,Performance,24.14,False
ST000326,C0075,2026-04-21 02:11:19,I have a question about the product.,Other,42.81,True
ST000327,C0075,2026-04-21 00:00:00,I have a question about the product.,Other,63.68,False
ST000328,C0075,2026-04-21 00:00:00,I need help with something.,Other,67.78,False
ST000329,C0076,2026-02-16 00:00:00,The integration is not syncing correctly.,Integration,1.36,True
ST000330,C0076,2026-03-19 04:24:20,Something is not working correctly.,Bug,53.35,True
ST000331,C0076,2026-02-16 00:00:00,I need help with something.,Other,62.65,True
ST000332,C0076,2026-02-16 00:00:00,I found a bug in the dashboard.,Bug,58.55,False
ST000333,C0076,2026-02-25 10:48:23,It would be useful to have this feature.,Feature Request,13.55,True
ST000334,C0076,2026-03-23 08:12:10,Our integration stopped working.,Integration,60.68,True
ST000335,C0076,2026-02-16 00:00:00,The integration keeps failing.,Integration,3.21,True
ST000336,C0076,2026-03-17 22:20:42,I have a question about the product.,Other,35.73,False
ST000337,C0077,2026-03-15 00:00:00,I need help with something.,Other,47.26,True
ST000338,C0077,2026-03-29 20:06:07,The application has become slower recently.,Performance,28.59,True
ST000339,C0077,2026-03-22 12:37:54,I need help with something.,Other,60.61,True
ST000340,C0077,2026-04-22 21:16:47,The dashboard is loading slowly.,Performance,9.85,False
ST000341,C0077,2026-04-03 04:16:44,Can you add more options to the dashboard?,Feature Request,59.42,False
ST000342,C0077,2026-04-28 18:02:36,The application has become slower recently.,Performance,52.54,True
ST000343,C0077,2026-03-15 00:00:00,The integration keeps failing.,Integration,67.99,True
ST000344,C0078,2026-04-17 05:05:57,I cannot access my account.,Account,45.49,True
ST000345,C0078,2026-01-29 13:51:57,Our integration stopped working.,Integration,40.68,False
ST000346,C0078,2026-04-25 21:30:13,We are having problems connecting our tools.,Integration,55.93,True
ST000347,C0078,2026-03-16 21:42:58,I have a question about my invoice.,Billing,54.49,True
ST000348,C0079,2026-04-01 00:00:00,It would be useful to have this feature.,Feature Request,52.74,True
ST000349,C0079,2026-04-24 00:37:17,Our integration stopped working.,Integration,41.38,True
ST000350,C0079,2026-04-01 00:00:00,I have a question about the product.,Other,49.85,True
ST000351,C0079,2026-04-01 00:00:00,We are having problems connecting our tools.,Integration,12.73,False
ST000352,C0079,2026-04-11 02:44:19,The dashboard is loading slowly.,Performance,42.09,True
ST000353,C0080,2026-01-31 04:37:18,Why was my payment charged twice?,Billing,25.76,True
ST000354,C0080,2026-04-13 22:36:02,I need help with something.,Other,54.23,True
ST000355,C0080,2026-01-31 11:19:01,I have a question about my invoice.,Billing,47.18,True
ST000356,C0080,2026-02-26 23:08:28,The dashboard is loading slowly.,Performance,71.99,True
ST000357,C0080,2026-02-03 23:17:14,The application shows an unexpected error.,Bug,20.09,True
ST000358,C0080,2026-01-09 00:00:00,I cannot access my account.,Account,49.12,True
ST000359,C0080,2026-04-19 04:13:31,I have a question about the product.,Other,16.85,True
ST000360,C0081,2026-03-25 05:12:48,I need help with something.,Other,25.92,True
ST000361,C0081,2026-03-25 10:36:22,Why was my payment charged twice?,Billing,16.69,True
ST000362,C0081,2026-01-06 00:00:00,Something is not working correctly.,Bug,12.62,True
ST000363,C0081,2026-04-28 19:43:05,The integration keeps failing.,Integration,27.12,False
ST000364,C0081,2026-03-28 19:22:06,I have a question about the product.,Other,40.52,True
ST000365,C0081,2026-01-12 01:52:03,I need help with something.,Other,11.68,True
ST000366,C0082,2026-04-26 22:26:38,We are having problems connecting our tools.,Integration,6.99,True
ST000367,C0082,2026-03-26 00:00:00,Why was my payment charged twice?,Billing,20.16,False
ST000368,C0082,2026-03-31 19:17:46,I need help with something.,Other,66.29,False
ST000369,C0082,2026-04-06 09:54:33,I need help changing our account settings.,Account,31.77,True
ST000370,C0082,2026-04-13 08:40:53,It would be useful to have this feature.,Feature Request,64.73,True
ST000371,C0082,2026-03-26 00:00:00,I need help changing our account settings.,Account,56.72,False
ST000372,C0082,2026-03-26 00:00:00,The integration is not syncing correctly.,Integration,24.78,True
ST000373,C0082,2026-03-26 00:00:00,The integration keeps failing.,Integration,52.75,True
ST000374,C0083,2026-04-18 13:40:34,I have a question about the product.,Other,18.57,True
ST000375,C0083,2026-01-30 00:00:00,I have a question about the product.,Other,71.98,True
ST000376,C0083,2026-04-12 16:29:54,I cannot access my account.,Account,54.25,True
ST000377,C0083,2026-01-30 00:00:00,The integration keeps failing.,Integration,10.3,False
ST000378,C0083,2026-03-06 08:31:25,I need help changing our account settings.,Account,65.05,True
ST000379,C0083,2026-01-30 00:00:00,The integration keeps failing.,Integration,23.94,False
ST000380,C0084,2026-04-09 00:00:00,The integration is not syncing correctly.,Integration,37.69,False
ST000381,C0084,2026-04-09 00:00:00,The integration keeps failing.,Integration,68.06,True
ST000382,C0084,2026-04-09 00:00:00,The integration is not syncing correctly.,Integration,12.35,False
ST000383,C0084,2026-04-09 00:00:00,I have a question about the product.,Other,16.99,True
ST000384,C0084,2026-04-09 00:00:00,I have a question about the product.,Other,8.07,True
ST000385,C0084,2026-04-09 00:00:00,Our integration stopped working.,Integration,31.79,False
ST000386,C0085,2026-03-21 15:19:25,I was charged incorrectly this month.,Billing,39.71,True
ST000387,C0085,2026-02-21 20:42:35,I need help with something.,Other,65.34,True
ST000388,C0085,2026-03-05 18:57:53,We are having problems connecting our tools.,Integration,63.62,False
ST000389,C0085,2026-02-14 02:31:30,The application has become slower recently.,Performance,34.7,True
ST000390,C0085,2026-02-07 00:00:00,Something is not working correctly.,Bug,42.15,True
ST000391,C0085,2026-04-20 14:03:16,The application shows an unexpected error.,Bug,25.97,False
ST000392,C0085,2026-04-22 20:39:43,I have a question about the product.,Other,12.32,True
ST000393,C0085,2026-02-07 00:00:00,I need help changing our account settings.,Account,55.27,True
ST000394,C0086,2026-03-29 08:22:01,We are having problems connecting our tools.,Integration,60.79,False
ST000395,C0086,2026-01-24 11:06:27,I have a question about my invoice.,Billing,31.67,True
ST000396,C0086,2026-03-06 07:37:23,Something is not working correctly.,Bug,71.42,True
ST000397,C0086,2026-04-15 03:52:30,The dashboard is loading slowly.,Performance,16.49,False
ST000398,C0086,2026-03-14 01:51:08,I have a question about the product.,Other,35.52,True
ST000399,C0086,2026-01-19 23:29:21,The application shows an unexpected error.,Bug,69.63,True
ST000400,C0086,2026-04-05 05:41:10,The integration is not syncing correctly.,Integration,12.7,True
ST000401,C0086,2026-04-16 11:33:08,Something is not working correctly.,Bug,38.31,True
ST000402,C0087,2026-04-20 00:00:00,We are having problems connecting our tools.,Integration,18.52,False
ST000403,C0087,2026-04-20 00:00:00,I cannot access my account.,Account,27.45,True
ST000404,C0087,2026-04-20 00:00:00,Can you add more options to the dashboard?,Feature Request,52.06,True
ST000405,C0087,2026-04-20 00:00:00,I have a question about the product.,Other,70.68,True
ST000406,C0087,2026-04-20 00:00:00,The application has become slower recently.,Performance,52.26,True
ST000407,C0087,2026-04-20 00:00:00,It would be useful to have this feature.,Feature Request,21.22,True
ST000408,C0087,2026-04-20 00:00:00,Our integration stopped working.,Integration,36.01,True
ST000409,C0087,2026-04-20 00:00:00,I found a bug in the dashboard.,Bug,7.44,True
ST000410,C0088,2026-03-01 09:49:04,The application shows an unexpected error.,Bug,70.56,False
ST000411,C0088,2026-03-21 21:46:42,The application shows an unexpected error.,Bug,59.13,True
ST000412,C0088,2026-03-15 03:45:30,The application has become slower recently.,Performance,21.47,True
ST000413,C0088,2026-03-04 01:51:33,I need help with something.,Other,50.15,True
ST000414,C0088,2026-01-30 00:00:00,I was charged incorrectly this month.,Billing,37.58,True
ST000415,C0088,2026-02-03 01:27:28,Can you add more options to the dashboard?,Feature Request,36.91,True
ST000416,C0088,2026-04-09 15:30:10,We are having problems connecting our tools.,Integration,70.58,True
ST000417,C0089,2026-04-21 00:00:00,I cannot access my account.,Account,58.44,True
ST000418,C0089,2026-04-21 00:00:00,Why was my payment charged twice?,Billing,65.77,False
ST000419,C0090,2026-04-17 06:19:52,The application shows an unexpected error.,Bug,25.25,True
ST000420,C0090,2026-04-18 22:30:07,I have a question about the product.,Other,41.99,True
ST000421,C0090,2026-01-19 05:31:30,I need help with something.,Other,69.44,False
ST000422,C0090,2026-02-10 18:19:05,I have a question about the product.,Other,27.86,True
ST000423,C0090,2026-01-28 16:15:48,I have a question about the product.,Other,55.32,True
ST000424,C0090,2026-03-07 04:15:46,I need help changing our account settings.,Account,30.43,True
ST000425,C0090,2026-01-21 02:46:33,I was charged incorrectly this month.,Billing,46.2,True
ST000426,C0090,2026-03-12 19:26:16,I need help with something.,Other,59.66,True
ST000427,C0091,2026-02-18 00:00:00,Our integration stopped working.,Integration,28.07,True
ST000428,C0091,2026-02-24 16:47:33,I found a bug in the dashboard.,Bug,50.55,True
ST000429,C0092,2026-02-05 00:00:00,Our integration stopped working.,Integration,41.39,False
ST000430,C0092,2026-03-31 12:44:36,The application shows an unexpected error.,Bug,16.38,True
ST000431,C0092,2026-02-12 16:21:03,The dashboard is loading slowly.,Performance,3.09,False
ST000432,C0093,2026-02-28 00:00:00,I have a question about the product.,Other,19.76,True
ST000433,C0093,2026-02-28 00:00:00,I cannot access my account.,Account,57.8,False
ST000434,C0093,2026-04-13 14:02:21,I have a question about the product.,Other,16.22,False
ST000435,C0093,2026-02-28 00:00:00,I need help changing our account settings.,Account,45.82,True
ST000436,C0093,2026-02-28 00:00:00,I have a question about the product.,Other,60.55,True
ST000437,C0093,2026-02-28 00:00:00,I have a question about my invoice.,Billing,46.81,True
ST000438,C0093,2026-02-28 00:00:00,I need help changing our account settings.,Account,59.92,True
ST000439,C0093,2026-04-09 21:52:28,Something is not working correctly.,Bug,36.22,False
ST000440,C0094,2026-03-23 00:00:00,Can you add more options to the dashboard?,Feature Request,20.04,True
ST000441,C0094,2026-03-23 00:00:00,I cannot access my account.,Account,19.27,True
ST000442,C0095,2026-04-17 00:00:00,The application has become slower recently.,Performance,55.49,True
ST000443,C0095,2026-04-17 00:00:00,I need help changing our account settings.,Account,15.27,True
ST000444,C0096,2026-04-01 03:30:20,I have a question about the product.,Other,26.93,True
ST000445,C0097,2026-04-27 17:38:25,I have a question about the product.,Other,13.02,False
ST000446,C0097,2026-02-25 12:07:08,Something is not working correctly.,Bug,37.36,True
ST000447,C0097,2026-01-21 00:00:00,We are having problems connecting our tools.,Integration,52.66,False
ST000448,C0097,2026-02-18 07:33:02,The integration keeps failing.,Integration,50.52,False
ST000449,C0097,2026-03-17 16:32:34,I found a bug in the dashboard.,Bug,68.38,False
ST000450,C0097,2026-02-12 12:59:33,The dashboard is loading slowly.,Performance,46.41,True
ST000451,C0098,2026-02-17 00:00:00,We are having problems connecting our tools.,Integration,46.54,True
ST000452,C0098,2026-03-12 05:28:56,I cannot access my account.,Account,5.06,False
ST000453,C0098,2026-02-25 10:12:08,I found a bug in the dashboard.,Bug,33.14,False
ST000454,C0099,2026-03-05 10:51:08,Can you add more options to the dashboard?,Feature Request,16.54,True
ST000455,C0099,2026-04-04 14:34:26,The application has become slower recently.,Performance,25.33,True
ST000456,C0099,2026-02-15 00:00:00,I have a question about the product.,Other,4.51,False
ST000457,C0099,2026-02-15 00:00:00,I need help with something.,Other,47.56,False
ST000458,C0099,2026-03-08 06:25:01,It would be useful to have this feature.,Feature Request,15.27,True
ST000459,C0099,2026-03-04 15:35:09,I need help with something.,Other,54.34,True
ST000460,C0100,2026-04-12 14:40:50,The application shows an unexpected error.,Bug,12.35,True
ST000461,C0100,2026-03-14 07:23:05,I need help with something.,Other,12.17,True
ST000462,C0100,2026-01-27 00:00:00,Our integration stopped working.,Integration,39.06,True
ST000463,C0100,2026-01-27 00:00:00,I have a question about the product.,Other,45.39,True
ST000464,C0100,2026-01-27 00:00:00,The application shows an unexpected error.,Bug,43.93,True
ST000465,C0100,2026-01-27 00:00:00,I need help with something.,Other,48.33,True
ST000466,C0100,2026-02-02 21:56:52,I need help with something.,Other,42.65,True
ST000467,C0100,2026-02-06 13:30:31,We are having problems connecting our tools.,Integration,27.09,False
ST000468,C0101,2026-03-27 00:00:00,The application has become slower recently.,Performance,44.16,True
ST000469,C0101,2026-04-19 06:53:58,Why was my payment charged twice?,Billing,62.01,False
ST000470,C0101,2026-03-27 00:00:00,I need help changing our account settings.,Account,50.61,True
ST000471,C0101,2026-03-27 00:00:00,I cannot access my account.,Account,35.58,True
ST000472,C0101,2026-03-27 00:00:00,Can you add more options to the dashboard?,Feature Request,51.69,True
ST000473,C0102,2026-02-04 00:00:00,I found a bug in the dashboard.,Bug,6.65,True
ST000474,C0102,2026-02-04 00:00:00,The dashboard is loading slowly.,Performance,69.22,True
ST000475,C0102,2026-04-19 08:04:11,The application has become slower recently.,Performance,11.68,True
ST000476,C0102,2026-02-04 00:00:00,I need help with something.,Other,46.31,True
ST000477,C0103,2026-03-31 00:00:00,The integration keeps failing.,Integration,29.03,True
ST000478,C0103,2026-03-31 00:00:00,The integration is not syncing correctly.,Integration,45.2,False
ST000479,C0103,2026-03-31 00:00:00,The integration is not syncing correctly.,Integration,44.0,True
ST000480,C0103,2026-04-19 16:21:39,Why was my payment charged twice?,Billing,27.76,True
ST000481,C0103,2026-03-31 00:00:00,I have a question about the product.,Other,19.1,True
ST000482,C0104,2026-04-30 00:00:00,I have a question about the product.,Other,17.47,True
ST000483,C0105,2026-04-04 19:52:12,The application has become slower recently.,Performance,4.87,True
ST000484,C0106,2026-04-19 04:43:12,Can you add more options to the dashboard?,Feature Request,66.73,True
ST000485,C0106,2026-03-24 00:00:00,The dashboard is loading slowly.,Performance,11.79,True
ST000486,C0107,2026-02-01 09:10:32,I have a question about the product.,Other,31.68,False
ST000487,C0107,2026-04-25 10:22:53,Can you add more options to the dashboard?,Feature Request,53.1,True
ST000488,C0107,2026-03-16 00:40:34,The integration keeps failing.,Integration,26.97,True
ST000489,C0107,2026-01-10 00:00:00,I need help changing our account settings.,Account,32.92,True
ST000490,C0107,2026-02-25 09:37:00,I need help with something.,Other,67.25,True
ST000491,C0107,2026-01-11 07:33:24,I have a question about the product.,Other,59.29,False
ST000492,C0108,2026-03-19 00:00:00,I cannot access my account.,Account,41.2,False
ST000493,C0108,2026-04-25 08:05:39,I was charged incorrectly this month.,Billing,63.22,True
ST000494,C0108,2026-03-19 00:00:00,I have a question about the product.,Other,11.48,True
ST000495,C0108,2026-04-18 10:13:35,The application shows an unexpected error.,Bug,51.09,True
ST000496,C0109,2026-04-14 07:39:28,Why was my payment charged twice?,Billing,67.34,False
ST000497,C0109,2026-03-23 00:00:00,I have a question about the product.,Other,41.9,True
ST000498,C0109,2026-03-23 00:00:00,It would be useful to have this feature.,Feature Request,68.74,True
ST000499,C0110,2026-04-13 03:19:55,I cannot access my account.,Account,10.58,True
ST000500,C0111,2026-03-21 20:13:17,I have a question about the product.,Other,69.24,True
ST000501,C0111,2026-04-02 11:31:30,I need help with something.,Other,20.38,True
ST000502,C0111,2026-03-10 00:00:00,I have a question about my invoice.,Billing,22.78,True
ST000503,C0111,2026-03-13 08:59:25,I need help with something.,Other,32.09,True
ST000504,C0111,2026-03-30 13:52:36,I have a question about my invoice.,Billing,9.39,True
ST000505,C0111,2026-03-10 00:00:00,The application has become slower recently.,Performance,2.7,True
ST000506,C0111,2026-03-10 00:00:00,The application has become slower recently.,Performance,9.21,True
ST000507,C0112,2026-04-04 00:00:00,Why was my payment charged twice?,Billing,51.03,False
ST000508,C0112,2026-04-04 00:00:00,The application shows an unexpected error.,Bug,44.24,True
ST000509,C0113,2026-03-18 02:25:44,The application shows an unexpected error.,Bug,54.23,True
ST000510,C0113,2026-04-11 17:28:29,The integration is not syncing correctly.,Integration,11.91,True
ST000511,C0113,2026-02-01 00:00:00,The integration is not syncing correctly.,Integration,70.53,True
ST000512,C0113,2026-02-01 00:00:00,Our integration stopped working.,Integration,54.27,False
ST000513,C0113,2026-02-20 04:28:07,Our integration stopped working.,Integration,50.2,True
ST000514,C0113,2026-04-08 17:07:24,I have a question about the product.,Other,13.23,False
ST000515,C0113,2026-03-26 07:50:17,The integration is not syncing correctly.,Integration,44.17,True
ST000516,C0114,2026-04-27 07:47:24,I have a question about the product.,Other,9.19,False
ST000517,C0114,2026-04-21 18:49:42,Can you add more options to the dashboard?,Feature Request,4.5,True
ST000518,C0114,2026-03-08 13:48:14,I cannot access my account.,Account,29.41,True
ST000519,C0114,2026-04-20 20:57:59,Our integration stopped working.,Integration,26.67,True
ST000520,C0114,2026-01-21 00:00:00,Can you add more options to the dashboard?,Feature Request,28.38,True
ST000521,C0114,2026-01-21 00:00:00,I have a question about the product.,Other,22.18,True
ST000522,C0114,2026-01-21 00:00:00,I found a bug in the dashboard.,Bug,44.94,True
ST000523,C0114,2026-03-09 17:07:28,I need help with something.,Other,19.53,False
ST000524,C0115,2026-04-27 10:02:41,The application has become slower recently.,Performance,36.86,True
ST000525,C0115,2026-04-21 06:07:58,Why was my payment charged twice?,Billing,4.86,False
ST000526,C0115,2026-03-02 01:52:44,The application shows an unexpected error.,Bug,63.9,False
ST000527,C0115,2026-04-04 07:47:26,The dashboard is loading slowly.,Performance,3.66,True
ST000528,C0116,2026-03-02 14:09:21,We are having problems connecting our tools.,Integration,46.44,True
ST000529,C0117,2026-03-29 22:47:44,The integration keeps failing.,Integration,26.27,False
ST000530,C0118,2026-04-29 00:00:00,The dashboard is loading slowly.,Performance,55.18,True
ST000531,C0118,2026-04-29 00:00:00,I have a question about the product.,Other,15.6,True
ST000532,C0118,2026-04-29 00:00:00,I was charged incorrectly this month.,Billing,20.56,True
ST000533,C0118,2026-04-29 00:00:00,I need help with something.,Other,24.73,True
ST000534,C0118,2026-04-29 00:00:00,We are having problems connecting our tools.,Integration,68.15,True
ST000535,C0118,2026-04-29 00:00:00,I have a question about the product.,Other,27.8,True
ST000536,C0118,2026-04-29 00:00:00,I need help with something.,Other,39.35,False
ST000537,C0118,2026-04-29 00:00:00,Something is not working correctly.,Bug,66.89,False
ST000538,C0119,2026-04-11 20:26:17,Something is not working correctly.,Bug,69.36,True
ST000539,C0119,2026-04-09 11:43:11,The dashboard is loading slowly.,Performance,3.4,False
ST000540,C0119,2026-04-14 06:26:52,Why was my payment charged twice?,Billing,33.48,True
ST000541,C0119,2026-03-23 00:00:00,I have a question about the product.,Other,12.08,True
ST000542,C0119,2026-04-28 17:10:53,The integration is not syncing correctly.,Integration,64.15,True
ST000543,C0119,2026-03-28 08:13:12,The integration is not syncing correctly.,Integration,60.89,True
ST000544,C0119,2026-03-23 00:00:00,I need help with something.,Other,44.23,True
ST000545,C0120,2026-04-29 08:42:14,The application has become slower recently.,Performance,14.4,True
ST000546,C0120,2026-04-07 01:32:33,Can you add more options to the dashboard?,Feature Request,45.72,True
ST000547,C0120,2026-03-30 00:00:00,The dashboard is loading slowly.,Performance,24.89,True
ST000548,C0120,2026-03-30 00:00:00,Our integration stopped working.,Integration,29.4,True
ST000549,C0120,2026-04-20 23:22:00,Something is not working correctly.,Bug,9.47,True
ST000550,C0120,2026-03-30 00:00:00,I have a question about the product.,Other,49.84,True
ST000551,C0120,2026-03-30 00:00:00,It would be useful to have this feature.,Feature Request,18.52,True
ST000552,C0121,2026-03-13 00:00:00,I need help with something.,Other,37.7,True
ST000553,C0121,2026-03-13 00:00:00,I have a question about the product.,Other,48.81,True
ST000554,C0121,2026-04-19 05:17:49,It would be useful to have this feature.,Feature Request,6.84,True
ST000555,C0121,2026-03-13 00:00:00,I need help with something.,Other,37.52,True
ST000556,C0121,2026-03-18 06:02:43,The dashboard is loading slowly.,Performance,1.76,True
ST000557,C0121,2026-03-13 00:00:00,I need help with something.,Other,25.68,True
ST000558,C0121,2026-03-13 00:00:00,I need help with something.,Other,39.46,False
ST000559,C0122,2026-04-04 13:47:54,I found a bug in the dashboard.,Bug,57.04,True
ST000560,C0122,2026-02-01 00:28:17,Something is not working correctly.,Bug,51.1,False
ST000561,C0123,2026-04-25 01:00:37,The integration keeps failing.,Integration,63.08,False
ST000562,C0123,2026-03-29 00:00:00,The dashboard is loading slowly.,Performance,67.25,False
ST000563,C0123,2026-04-23 21:50:38,I have a question about the product.,Other,26.1,True
ST000564,C0123,2026-04-24 02:05:57,Why was my payment charged twice?,Billing,46.69,True
ST000565,C0124,2026-02-11 00:00:00,Something is not working correctly.,Bug,21.6,True
ST000566,C0124,2026-02-11 00:00:00,The integration is not syncing correctly.,Integration,27.33,True
ST000567,C0124,2026-04-21 16:39:06,It would be useful to have this feature.,Feature Request,66.87,True
ST000568,C0124,2026-02-11 00:00:00,Our integration stopped working.,Integration,29.38,True
ST000569,C0124,2026-02-14 10:12:29,I cannot access my account.,Account,50.69,True
ST000570,C0124,2026-02-27 14:19:19,I found a bug in the dashboard.,Bug,8.13,False
ST000571,C0124,2026-04-18 03:18:36,I found a bug in the dashboard.,Bug,23.68,True
ST000572,C0124,2026-02-19 22:23:15,I found a bug in the dashboard.,Bug,64.81,False
ST000573,C0125,2026-04-18 00:00:00,The application has become slower recently.,Performance,4.08,True
ST000574,C0125,2026-04-18 00:00:00,I was charged incorrectly this month.,Billing,13.4,True
ST000575,C0125,2026-04-18 00:00:00,I need help changing our account settings.,Account,56.49,True
ST000576,C0125,2026-04-18 00:00:00,Why was my payment charged twice?,Billing,30.04,True
ST000577,C0125,2026-04-20 03:14:19,I need help with something.,Other,18.4,True
ST000578,C0125,2026-04-18 00:00:00,I have a question about my invoice.,Billing,6.75,False
ST000579,C0126,2026-04-09 00:00:00,I have a question about the product.,Other,39.43,True
ST000580,C0126,2026-04-09 00:00:00,The integration is not syncing correctly.,Integration,34.44,True
ST000581,C0127,2026-04-10 00:00:00,I cannot access my account.,Account,21.63,False
ST000582,C0127,2026-04-10 00:00:00,The integration is not syncing correctly.,Integration,5.23,True
ST000583,C0127,2026-04-10 00:00:00,I have a question about the product.,Other,9.84,False
ST000584,C0127,2026-04-10 00:00:00,I cannot access my account.,Account,53.16,True
ST000585,C0127,2026-04-10 00:00:00,The dashboard is loading slowly.,Performance,49.65,True
ST000586,C0127,2026-04-10 00:00:00,Can you add more options to the dashboard?,Feature Request,63.91,True
ST000587,C0128,2026-02-03 23:48:57,I have a question about the product.,Other,19.78,False
ST000588,C0128,2026-01-25 22:46:41,Why was my payment charged twice?,Billing,54.44,False
ST000589,C0128,2026-01-20 10:12:11,I need help with something.,Other,39.33,True
ST000590,C0128,2026-03-22 11:01:24,It would be useful to have this feature.,Feature Request,51.66,True
ST000591,C0128,2026-02-12 08:50:20,The dashboard is loading slowly.,Performance,21.86,True
ST000592,C0128,2026-02-21 22:11:01,I need help changing our account settings.,Account,43.95,False
ST000593,C0128,2026-01-22 13:43:33,It would be useful to have this feature.,Feature Request,38.13,True
ST000594,C0129,2026-02-27 22:59:28,I found a bug in the dashboard.,Bug,11.25,True
ST000595,C0129,2026-03-18 06:34:47,It would be useful to have this feature.,Feature Request,13.96,True
ST000596,C0129,2026-01-30 00:00:00,I was charged incorrectly this month.,Billing,31.4,True
ST000597,C0129,2026-04-12 01:41:30,I have a question about the product.,Other,33.64,True
ST000598,C0129,2026-03-23 21:39:55,The integration keeps failing.,Integration,69.25,False
ST000599,C0129,2026-01-30 00:00:00,I have a question about the product.,Other,37.49,False
ST000600,C0129,2026-03-01 07:11:14,Can you add more options to the dashboard?,Feature Request,16.95,True
ST000601,C0130,2026-04-16 00:00:00,I need help with something.,Other,1.94,True
ST000602,C0130,2026-04-16 00:00:00,I have a question about the product.,Other,6.5,False
ST000603,C0130,2026-04-17 16:19:20,It would be useful to have this feature.,Feature Request,2.37,True
ST000604,C0130,2026-04-16 00:00:00,Something is not working correctly.,Bug,71.63,True
ST000605,C0131,2026-04-18 12:59:20,The application shows an unexpected error.,Bug,69.12,False
ST000606,C0131,2026-01-05 00:00:00,I have a question about my invoice.,Billing,14.14,True
ST000607,C0131,2026-03-23 18:00:14,The integration is not syncing correctly.,Integration,5.61,True
ST000608,C0132,2026-04-14 00:00:00,The application has become slower recently.,Performance,2.16,True
ST000609,C0132,2026-04-29 17:46:01,I have a question about the product.,Other,47.91,True
ST000610,C0132,2026-04-14 00:00:00,The application has become slower recently.,Performance,30.56,True
ST000611,C0132,2026-04-21 20:45:04,Our integration stopped working.,Integration,64.74,True
ST000612,C0133,2026-04-10 12:24:26,I need help with something.,Other,34.01,True
ST000613,C0133,2026-02-13 03:04:27,I need help with something.,Other,59.22,False
ST000614,C0133,2026-03-09 22:01:41,The integration is not syncing correctly.,Integration,64.56,True
ST000615,C0133,2026-02-24 14:41:58,Something is not working correctly.,Bug,49.44,True
ST000616,C0134,2026-02-21 00:00:00,The integration keeps failing.,Integration,11.59,True
ST000617,C0134,2026-02-21 00:00:00,Our integration stopped working.,Integration,5.09,True
ST000618,C0135,2026-02-04 00:00:00,I have a question about the product.,Other,21.6,True
ST000619,C0135,2026-02-04 00:00:00,I was charged incorrectly this month.,Billing,21.42,True
ST000620,C0135,2026-04-14 02:49:54,I need help changing our account settings.,Account,15.84,True
ST000621,C0135,2026-04-16 23:10:03,The integration keeps failing.,Integration,55.89,True
ST000622,C0135,2026-04-29 09:06:38,I need help with something.,Other,35.06,True
ST000623,C0135,2026-02-04 00:00:00,I have a question about the product.,Other,69.97,True
ST000624,C0135,2026-02-04 00:00:00,I found a bug in the dashboard.,Bug,60.76,False
ST000625,C0135,2026-03-01 18:16:30,The application shows an unexpected error.,Bug,7.37,True
ST000626,C0136,2026-02-18 16:45:44,Our integration stopped working.,Integration,46.24,True
ST000627,C0136,2026-02-15 06:47:38,I cannot access my account.,Account,12.76,True
ST000628,C0137,2026-03-10 11:08:44,The application shows an unexpected error.,Bug,17.11,True
ST000629,C0137,2026-03-15 13:39:18,We are having problems connecting our tools.,Integration,33.46,True
ST000630,C0137,2026-04-01 17:15:44,We are having problems connecting our tools.,Integration,2.29,False
ST000631,C0137,2026-04-04 07:20:10,We are having problems connecting our tools.,Integration,36.16,True
ST000632,C0137,2026-01-28 00:00:00,I have a question about the product.,Other,37.32,True
ST000633,C0137,2026-03-18 16:38:21,I have a question about the product.,Other,66.58,True
ST000634,C0137,2026-02-14 14:30:38,I need help with something.,Other,28.84,True
ST000635,C0137,2026-02-19 08:42:36,It would be useful to have this feature.,Feature Request,68.47,True
ST000636,C0138,2026-04-27 00:00:00,The application has become slower recently.,Performance,38.91,True
ST000637,C0138,2026-04-27 00:00:00,I have a question about the product.,Other,61.62,True
ST000638,C0138,2026-04-27 00:00:00,The dashboard is loading slowly.,Performance,18.33,False
ST000639,C0138,2026-04-27 00:00:00,The integration keeps failing.,Integration,8.17,True
ST000640,C0138,2026-04-27 00:00:00,It would be useful to have this feature.,Feature Request,59.47,True
ST000641,C0139,2026-03-14 00:00:00,The integration is not syncing correctly.,Integration,70.59,True
ST000642,C0139,2026-03-24 15:05:54,It would be useful to have this feature.,Feature Request,36.67,True
ST000643,C0139,2026-03-18 22:33:57,I have a question about the product.,Other,16.25,True
ST000644,C0139,2026-03-14 00:00:00,I was charged incorrectly this month.,Billing,33.81,False
ST000645,C0139,2026-04-07 18:57:46,The dashboard is loading slowly.,Performance,19.26,True
ST000646,C0140,2026-04-23 00:00:00,I have a question about the product.,Other,27.45,True
ST000647,C0140,2026-04-23 00:00:00,Can you add more options to the dashboard?,Feature Request,45.66,False
ST000648,C0141,2026-04-02 00:00:00,I cannot access my account.,Account,39.12,False
ST000649,C0141,2026-04-03 07:36:47,Can you add more options to the dashboard?,Feature Request,47.42,False
ST000650,C0141,2026-04-02 00:00:00,I have a question about the product.,Other,12.68,True
ST000651,C0141,2026-04-02 00:00:00,I need help with something.,Other,60.85,True
ST000652,C0141,2026-04-02 00:00:00,The application has become slower recently.,Performance,71.15,False
ST000653,C0141,2026-04-02 00:00:00,Can you add more options to the dashboard?,Feature Request,61.72,False
ST000654,C0141,2026-04-02 00:00:00,The integration is not syncing correctly.,Integration,11.09,False
ST000655,C0141,2026-04-02 00:00:00,The dashboard is loading slowly.,Performance,1.67,True
ST000656,C0142,2026-02-17 07:32:37,The integration keeps failing.,Integration,20.93,True
ST000657,C0142,2026-02-12 07:36:29,The integration is not syncing correctly.,Integration,70.48,True
ST000658,C0142,2026-03-29 20:38:17,Can you add more options to the dashboard?,Feature Request,67.67,False
ST000659,C0142,2026-02-10 00:00:00,I have a question about the product.,Other,4.5,False
ST000660,C0142,2026-02-12 02:28:20,We are having problems connecting our tools.,Integration,36.16,False
ST000661,C0142,2026-03-03 20:32:58,I cannot access my account.,Account,6.56,True
ST000662,C0142,2026-03-10 17:01:13,I have a question about the product.,Other,42.38,True
ST000663,C0143,2026-04-10 11:14:06,The dashboard is loading slowly.,Performance,34.31,True
ST000664,C0143,2026-02-01 06:16:38,Our integration stopped working.,Integration,16.09,True
ST000665,C0143,2026-04-08 15:57:18,It would be useful to have this feature.,Feature Request,44.67,False
ST000666,C0143,2026-04-03 20:10:41,I need help changing our account settings.,Account,43.18,False
ST000667,C0143,2026-04-15 20:08:58,I found a bug in the dashboard.,Bug,26.39,True
ST000668,C0144,2026-04-01 02:16:16,I found a bug in the dashboard.,Bug,41.11,True
ST000669,C0144,2026-04-04 19:51:07,The application shows an unexpected error.,Bug,13.95,False
ST000670,C0144,2026-04-22 12:33:42,We are having problems connecting our tools.,Integration,16.9,True
ST000671,C0144,2026-03-25 00:00:00,Can you add more options to the dashboard?,Feature Request,32.82,True
ST000672,C0144,2026-03-25 00:00:00,Can you add more options to the dashboard?,Feature Request,21.68,True
ST000673,C0144,2026-03-25 00:00:00,The integration is not syncing correctly.,Integration,51.58,True
ST000674,C0145,2026-04-02 09:05:21,Something is not working correctly.,Bug,41.28,True
ST000675,C0146,2026-03-17 14:10:06,Our integration stopped working.,Integration,60.53,True
ST000676,C0146,2026-02-20 00:00:00,Can you add more options to the dashboard?,Feature Request,33.49,True
ST000677,C0146,2026-04-07 11:38:12,I need help with something.,Other,16.37,False
ST000678,C0146,2026-02-20 00:00:00,I need help with something.,Other,4.8,False
ST000679,C0146,2026-03-02 21:01:17,The integration is not syncing correctly.,Integration,59.08,False
ST000680,C0146,2026-03-11 00:00:54,The integration keeps failing.,Integration,8.78,True
ST000681,C0146,2026-04-27 19:33:35,The application has become slower recently.,Performance,27.48,True
ST000682,C0147,2026-04-24 00:00:00,The integration is not syncing correctly.,Integration,38.21,True
ST000683,C0147,2026-04-24 00:00:00,I found a bug in the dashboard.,Bug,23.45,False
ST000684,C0147,2026-04-24 00:00:00,I need help with something.,Other,33.82,True
ST000685,C0147,2026-04-24 00:00:00,We are having problems connecting our tools.,Integration,70.36,True
ST000686,C0147,2026-04-24 00:00:00,I have a question about my invoice.,Billing,37.07,True
ST000687,C0147,2026-04-24 00:00:00,Why was my payment charged twice?,Billing,16.0,True
ST000688,C0147,2026-04-24 00:00:00,The application has become slower recently.,Performance,31.1,True
ST000689,C0147,2026-04-24 00:00:00,Why was my payment charged twice?,Billing,25.69,True
ST000690,C0148,2026-04-28 00:00:00,I need help with something.,Other,43.2,True
ST000691,C0148,2026-04-28 00:00:00,The dashboard is loading slowly.,Performance,23.5,True
ST000692,C0148,2026-04-28 00:00:00,I was charged incorrectly this month.,Billing,4.38,True
ST000693,C0148,2026-04-28 00:00:00,I have a question about the product.,Other,48.86,True
ST000694,C0148,2026-04-28 00:00:00,Our integration stopped working.,Integration,49.42,True
ST000695,C0149,2026-03-24 00:00:00,I cannot access my account.,Account,67.93,True
ST000696,C0149,2026-03-24 00:00:00,I need help with something.,Other,35.18,True
ST000697,C0149,2026-03-24 00:00:00,Our integration stopped working.,Integration,49.14,True
ST000698,C0149,2026-04-16 17:37:50,The application has become slower recently.,Performance,30.95,True
ST000699,C0149,2026-03-24 02:51:07,The dashboard is loading slowly.,Performance,12.07,False
ST000700,C0149,2026-03-24 00:00:00,Our integration stopped working.,Integration,28.51,True
ST000701,C0149,2026-03-24 00:00:00,I have a question about the product.,Other,18.63,True
ST000702,C0150,2026-02-28 00:00:00,The integration keeps failing.,Integration,25.01,False
ST000703,C0150,2026-02-28 00:00:00,I was charged incorrectly this month.,Billing,49.02,False
ST000704,C0150,2026-03-12 06:01:14,I have a question about the product.,Other,6.92,True
ST000705,C0150,2026-02-28 00:00:00,I have a question about the product.,Other,21.8,True
ST000706,C0151,2026-01-19 00:00:00,Something is not working correctly.,Bug,49.78,False
ST000707,C0152,2026-03-18 12:36:41,The integration keeps failing.,Integration,50.36,True
ST000708,C0152,2026-04-16 13:00:28,The integration keeps failing.,Integration,4.44,False
ST000709,C0152,2026-04-10 00:12:52,The dashboard is loading slowly.,Performance,62.58,False
ST000710,C0152,2026-02-03 00:00:00,The integration keeps failing.,Integration,7.15,False
ST000711,C0152,2026-02-18 10:29:02,Something is not working correctly.,Bug,33.02,False
ST000712,C0152,2026-03-18 21:17:07,I cannot access my account.,Account,55.59,True
ST000713,C0153,2026-01-18 00:00:00,I need help with something.,Other,59.53,True
ST000714,C0153,2026-01-21 20:20:33,We are having problems connecting our tools.,Integration,45.85,True
ST000715,C0154,2026-02-20 16:34:56,I need help changing our account settings.,Account,54.09,True
ST000716,C0154,2026-04-09 18:43:12,The integration keeps failing.,Integration,70.51,True
ST000717,C0155,2026-04-06 00:00:00,Why was my payment charged twice?,Billing,52.48,False
ST000718,C0156,2026-03-15 06:48:45,Our integration stopped working.,Integration,7.72,False
ST000719,C0156,2026-03-13 00:00:00,I have a question about my invoice.,Billing,31.52,True
ST000720,C0156,2026-03-13 00:00:00,I need help with something.,Other,19.98,True
ST000721,C0157,2026-04-07 17:05:51,It would be useful to have this feature.,Feature Request,14.19,True
ST000722,C0157,2026-04-14 11:04:11,We are having problems connecting our tools.,Integration,1.64,True
ST000723,C0157,2026-03-10 00:00:00,We are having problems connecting our tools.,Integration,10.77,False
ST000724,C0158,2026-02-03 00:00:00,The integration is not syncing correctly.,Integration,70.16,True
ST000725,C0158,2026-02-03 00:00:00,I need help with something.,Other,36.2,True
ST000726,C0158,2026-03-19 20:32:13,Why was my payment charged twice?,Billing,11.76,True
ST000727,C0158,2026-02-03 00:00:00,I have a question about my invoice.,Billing,6.78,True
ST000728,C0158,2026-03-28 15:36:38,Can you add more options to the dashboard?,Feature Request,31.21,True
ST000729,C0159,2026-04-06 00:00:00,I cannot access my account.,Account,43.55,True
ST000730,C0159,2026-04-06 00:00:00,Why was my payment charged twice?,Billing,45.67,True
ST000731,C0159,2026-04-06 00:00:00,The application shows an unexpected error.,Bug,40.76,True
ST000732,C0160,2026-04-16 20:21:21,I have a question about the product.,Other,12.13,True
ST000733,C0160,2026-03-16 00:00:00,The application shows an unexpected error.,Bug,14.57,True
ST000734,C0160,2026-03-16 00:00:00,I was charged incorrectly this month.,Billing,35.1,False
ST000735,C0160,2026-03-24 16:32:34,The integration is not syncing correctly.,Integration,23.57,False
ST000736,C0160,2026-03-18 18:20:00,I have a question about the product.,Other,48.41,False
ST000737,C0160,2026-03-16 00:00:00,I have a question about the product.,Other,12.34,True
ST000738,C0160,2026-03-16 00:00:00,The integration is not syncing correctly.,Integration,45.06,True
ST000739,C0161,2026-04-03 10:11:22,Why was my payment charged twice?,Billing,7.06,True
ST000740,C0161,2026-03-19 14:08:59,The integration is not syncing correctly.,Integration,71.94,True
ST000741,C0161,2026-02-24 00:00:00,The integration is not syncing correctly.,Integration,59.29,True
ST000742,C0161,2026-03-18 00:51:52,Why was my payment charged twice?,Billing,21.29,True
ST000743,C0161,2026-04-26 08:11:50,I was charged incorrectly this month.,Billing,65.1,True
ST000744,C0162,2026-04-25 00:00:00,The dashboard is loading slowly.,Performance,1.61,True
ST000745,C0162,2026-04-25 00:00:00,I need help with something.,Other,63.96,True
ST000746,C0162,2026-04-25 00:00:00,I need help with something.,Other,23.49,True
ST000747,C0162,2026-04-25 00:00:00,I found a bug in the dashboard.,Bug,8.29,True
ST000748,C0162,2026-04-25 00:00:00,I have a question about my invoice.,Billing,60.23,True
ST000749,C0162,2026-04-25 00:00:00,Why was my payment charged twice?,Billing,42.58,True
ST000750,C0162,2026-04-25 00:00:00,Something is not working correctly.,Bug,8.15,True
ST000751,C0162,2026-04-25 00:00:00,Our integration stopped working.,Integration,55.48,True
ST000752,C0163,2026-03-16 00:00:00,I need help changing our account settings.,Account,56.95,True
ST000753,C0163,2026-03-16 00:00:00,Something is not working correctly.,Bug,70.44,False
ST000754,C0163,2026-03-16 00:00:00,I need help changing our account settings.,Account,2.46,False
ST000755,C0163,2026-03-16 00:00:00,It would be useful to have this feature.,Feature Request,9.06,True
ST000756,C0163,2026-04-11 12:37:15,Our integration stopped working.,Integration,67.73,True
ST000757,C0163,2026-04-21 00:24:28,The application shows an unexpected error.,Bug,24.71,True
ST000758,C0163,2026-04-17 19:03:29,I have a question about the product.,Other,12.87,True
ST000759,C0163,2026-04-03 03:02:21,Can you add more options to the dashboard?,Feature Request,22.7,True
ST000760,C0164,2026-02-21 00:00:00,The integration is not syncing correctly.,Integration,41.71,True
ST000761,C0164,2026-03-06 11:04:59,The application shows an unexpected error.,Bug,65.78,True
ST000762,C0164,2026-04-12 03:23:06,I need help with something.,Other,35.87,True
ST000763,C0164,2026-02-21 00:00:00,Can you add more options to the dashboard?,Feature Request,50.41,True
ST000764,C0165,2026-02-16 00:00:00,We are having problems connecting our tools.,Integration,64.01,True
ST000765,C0165,2026-02-16 00:00:00,Can you add more options to the dashboard?,Feature Request,40.81,False
ST000766,C0165,2026-03-01 23:16:29,The application has become slower recently.,Performance,64.45,True
ST000767,C0166,2026-01-29 00:00:00,Why was my payment charged twice?,Billing,59.62,True
ST000768,C0166,2026-01-29 00:00:00,The dashboard is loading slowly.,Performance,41.92,True
ST000769,C0166,2026-01-29 00:00:00,I cannot access my account.,Account,10.02,True
ST000770,C0166,2026-03-17 16:22:44,I have a question about the product.,Other,24.46,True
ST000771,C0166,2026-03-21 01:45:00,I need help with something.,Other,48.11,False
ST000772,C0166,2026-02-20 08:29:14,I need help with something.,Other,52.02,True
ST000773,C0167,2026-02-24 09:34:24,I cannot access my account.,Account,6.26,True
ST000774,C0168,2026-04-22 19:33:35,I have a question about the product.,Other,16.49,True
ST000775,C0168,2026-03-07 00:00:00,I have a question about the product.,Other,32.92,True
ST000776,C0169,2026-03-05 00:00:00,Can you add more options to the dashboard?,Feature Request,9.77,True
ST000777,C0169,2026-03-05 00:00:00,Can you add more options to the dashboard?,Feature Request,57.23,True
ST000778,C0169,2026-03-05 00:00:00,I was charged incorrectly this month.,Billing,5.69,True
ST000779,C0169,2026-03-05 00:00:00,Something is not working correctly.,Bug,70.52,True
ST000780,C0169,2026-03-05 00:00:00,Something is not working correctly.,Bug,69.48,True
ST000781,C0169,2026-03-05 00:00:00,I was charged incorrectly this month.,Billing,41.54,True
ST000782,C0169,2026-03-05 00:00:00,The application has become slower recently.,Performance,68.89,False
ST000783,C0169,2026-03-18 12:17:23,The dashboard is loading slowly.,Performance,34.73,True
ST000784,C0170,2026-04-07 01:23:20,The integration keeps failing.,Integration,35.64,False
ST000785,C0170,2026-01-12 00:00:00,Our integration stopped working.,Integration,64.52,True
ST000786,C0170,2026-02-15 01:02:40,I need help changing our account settings.,Account,4.68,True
ST000787,C0170,2026-04-18 16:50:35,I need help with something.,Other,54.39,True
ST000788,C0170,2026-03-30 21:32:07,I was charged incorrectly this month.,Billing,68.71,True
ST000789,C0171,2026-04-07 00:00:00,The integration keeps failing.,Integration,4.08,False
ST000790,C0171,2026-04-07 00:00:00,I need help with something.,Other,33.29,True
ST000791,C0171,2026-04-19 03:54:25,Something is not working correctly.,Bug,18.01,True
ST000792,C0171,2026-04-07 00:00:00,I found a bug in the dashboard.,Bug,71.98,True
ST000793,C0171,2026-04-11 20:09:53,The application shows an unexpected error.,Bug,39.65,True
ST000794,C0172,2026-04-14 03:35:47,Why was my payment charged twice?,Billing,39.19,True
ST000795,C0172,2026-01-17 16:12:24,Our integration stopped working.,Integration,35.32,True
ST000796,C0172,2026-02-07 22:26:09,I found a bug in the dashboard.,Bug,22.72,True
ST000797,C0172,2026-02-14 15:36:22,I need help with something.,Other,60.98,True
ST000798,C0172,2026-03-16 22:47:21,I have a question about the product.,Other,48.91,False
ST000799,C0173,2026-04-21 00:00:00,I need help changing our account settings.,Account,47.5,True
ST000800,C0173,2026-04-21 00:00:00,I have a question about the product.,Other,65.63,False
ST000801,C0173,2026-04-21 00:00:00,It would be useful to have this feature.,Feature Request,56.53,False
ST000802,C0173,2026-04-21 00:00:00,I have a question about the product.,Other,9.61,True
ST000803,C0173,2026-04-28 17:52:10,Something is not working correctly.,Bug,6.39,True
ST000804,C0173,2026-04-21 00:00:00,It would be useful to have this feature.,Feature Request,68.82,True
ST000805,C0173,2026-04-24 16:55:40,I found a bug in the dashboard.,Bug,19.71,True
ST000806,C0173,2026-04-21 00:00:00,I need help with something.,Other,6.66,True
ST000807,C0174,2026-04-08 01:08:17,I need help with something.,Other,5.92,True
ST000808,C0174,2026-02-08 20:15:49,We are having problems connecting our tools.,Integration,1.07,True
ST000809,C0174,2026-04-06 02:15:27,I need help with something.,Other,37.77,False
ST000810,C0174,2026-03-20 10:38:38,Our integration stopped working.,Integration,22.85,True
ST000811,C0174,2026-03-02 00:50:12,I need help with something.,Other,69.28,False
ST000812,C0174,2026-01-28 03:21:12,The integration is not syncing correctly.,Integration,40.63,True
ST000813,C0175,2026-02-24 23:32:58,Why was my payment charged twice?,Billing,49.64,False
ST000814,C0175,2026-03-05 01:26:57,I have a question about my invoice.,Billing,16.88,True
ST000815,C0175,2026-01-28 05:40:15,I need help with something.,Other,27.52,True
ST000816,C0175,2026-04-15 08:03:08,Something is not working correctly.,Bug,27.21,True
ST000817,C0175,2026-03-04 05:33:35,The integration is not syncing correctly.,Integration,64.92,True
ST000818,C0175,2026-03-15 23:12:22,I need help with something.,Other,16.18,True
ST000819,C0176,2026-04-07 16:34:18,I need help with something.,Other,22.41,True
ST000820,C0176,2026-03-22 00:00:00,I was charged incorrectly this month.,Billing,24.18,True
ST000821,C0176,2026-03-22 00:00:00,I have a question about the product.,Other,15.45,True
ST000822,C0176,2026-03-22 00:00:00,It would be useful to have this feature.,Feature Request,21.76,True
ST000823,C0176,2026-03-22 00:00:00,It would be useful to have this feature.,Feature Request,62.44,False
ST000824,C0176,2026-03-22 00:00:00,The application shows an unexpected error.,Bug,10.14,True
ST000825,C0177,2026-03-17 04:12:51,I cannot access my account.,Account,15.57,True
ST000826,C0177,2026-02-23 08:39:34,I need help with something.,Other,12.23,True
ST000827,C0178,2026-04-12 00:00:00,I have a question about the product.,Other,1.09,True
ST000828,C0178,2026-04-12 00:00:00,I need help with something.,Other,29.68,False
ST000829,C0178,2026-04-12 00:00:00,I have a question about the product.,Other,71.83,True
ST000830,C0178,2026-04-12 00:00:00,I have a question about the product.,Other,40.45,True
ST000831,C0179,2026-03-29 00:00:00,Can you add more options to the dashboard?,Feature Request,4.28,False
ST000832,C0179,2026-03-29 00:00:00,The application has become slower recently.,Performance,9.26,True
ST000833,C0179,2026-03-29 00:00:00,The dashboard is loading slowly.,Performance,62.88,True
ST000834,C0180,2026-02-28 13:11:40,We are having problems connecting our tools.,Integration,31.09,True
ST000835,C0180,2026-04-03 16:44:34,The integration is not syncing correctly.,Integration,63.81,True
ST000836,C0180,2026-04-16 07:32:33,I need help with something.,Other,65.94,False
ST000837,C0180,2026-03-27 16:42:15,The integration is not syncing correctly.,Integration,42.56,False
ST000838,C0181,2026-03-18 00:00:00,I found a bug in the dashboard.,Bug,34.16,True
ST000839,C0181,2026-03-27 14:17:53,I found a bug in the dashboard.,Bug,39.42,True
ST000840,C0181,2026-03-18 00:00:00,I have a question about the product.,Other,52.24,True
ST000841,C0181,2026-04-12 22:38:08,Something is not working correctly.,Bug,13.85,True
ST000842,C0181,2026-03-25 13:54:34,I cannot access my account.,Account,28.65,True
ST000843,C0181,2026-03-18 00:00:00,I have a question about the product.,Other,26.64,True
ST000844,C0182,2026-01-29 08:16:48,I have a question about the product.,Other,56.12,False
ST000845,C0182,2026-02-24 05:18:13,I need help with something.,Other,8.51,True
ST000846,C0182,2026-03-22 10:53:25,It would be useful to have this feature.,Feature Request,53.29,True
ST000847,C0182,2026-01-09 00:00:00,Something is not working correctly.,Bug,60.63,True
ST000848,C0182,2026-01-11 11:28:27,The dashboard is loading slowly.,Performance,24.96,True
ST000849,C0182,2026-04-02 21:12:48,Our integration stopped working.,Integration,26.13,True
ST000850,C0183,2026-04-07 18:50:27,I need help changing our account settings.,Account,2.31,True
ST000851,C0183,2026-02-19 00:00:00,I need help with something.,Other,64.3,False
ST000852,C0183,2026-03-31 09:30:09,I need help changing our account settings.,Account,45.57,False
ST000853,C0183,2026-02-19 00:00:00,Can you add more options to the dashboard?,Feature Request,13.01,False
ST000854,C0183,2026-04-25 02:33:04,I need help with something.,Other,56.33,True
ST000855,C0184,2026-04-23 16:56:59,Why was my payment charged twice?,Billing,48.77,True
ST000856,C0184,2026-02-18 00:00:00,I need help changing our account settings.,Account,18.0,True
ST000857,C0184,2026-02-18 00:00:00,Why was my payment charged twice?,Billing,57.22,False
ST000858,C0184,2026-02-18 00:00:00,I have a question about my invoice.,Billing,25.62,True
ST000859,C0184,2026-02-18 00:00:00,I need help with something.,Other,50.82,False
ST000860,C0185,2026-04-10 08:59:51,I need help with something.,Other,30.76,True
ST000861,C0185,2026-03-18 00:00:00,I need help changing our account settings.,Account,2.93,True
ST000862,C0186,2026-03-01 00:00:00,I need help changing our account settings.,Account,54.58,True
ST000863,C0186,2026-03-01 00:00:00,The dashboard is loading slowly.,Performance,69.4,True
ST000864,C0186,2026-03-01 00:00:00,I was charged incorrectly this month.,Billing,56.19,True
ST000865,C0186,2026-03-16 06:09:24,Why was my payment charged twice?,Billing,12.59,True
ST000866,C0187,2026-03-09 00:00:00,I cannot access my account.,Account,55.38,False
ST000867,C0187,2026-03-09 00:00:00,The integration is not syncing correctly.,Integration,28.81,False
ST000868,C0187,2026-03-09 00:00:00,The integration is not syncing correctly.,Integration,38.25,True
ST000869,C0187,2026-03-09 00:00:00,The integration keeps failing.,Integration,56.63,True
ST000870,C0187,2026-03-09 00:00:00,I have a question about the product.,Other,59.37,True
ST000871,C0187,2026-04-21 10:37:47,The integration keeps failing.,Integration,45.35,True
ST000872,C0188,2026-02-02 00:00:00,I have a question about the product.,Other,15.35,True
ST000873,C0188,2026-02-02 00:00:00,The application shows an unexpected error.,Bug,49.58,True
ST000874,C0188,2026-02-24 22:44:52,The application has become slower recently.,Performance,10.51,True
ST000875,C0189,2026-03-12 00:00:00,Something is not working correctly.,Bug,17.61,True
ST000876,C0190,2026-04-21 00:00:00,It would be useful to have this feature.,Feature Request,31.18,True
ST000877,C0190,2026-04-21 00:00:00,I have a question about my invoice.,Billing,22.76,True
ST000878,C0190,2026-04-21 00:00:00,I need help with something.,Other,47.03,True
ST000879,C0190,2026-04-21 00:00:00,The application has become slower recently.,Performance,42.41,True
ST000880,C0190,2026-04-21 00:00:00,The application shows an unexpected error.,Bug,25.17,True
ST000881,C0191,2026-02-04 21:42:24,I need help changing our account settings.,Account,19.09,True
ST000882,C0191,2026-03-30 13:11:11,The integration keeps failing.,Integration,8.37,True
ST000883,C0191,2026-03-29 15:24:48,I need help with something.,Other,38.33,True
ST000884,C0191,2026-02-07 08:08:45,Our integration stopped working.,Integration,29.44,True
ST000885,C0191,2026-02-18 23:41:26,I cannot access my account.,Account,27.02,True
ST000886,C0192,2026-03-29 00:00:00,The integration is not syncing correctly.,Integration,67.88,True
ST000887,C0192,2026-03-29 00:00:00,I cannot access my account.,Account,1.36,True
ST000888,C0192,2026-03-29 00:00:00,Something is not working correctly.,Bug,54.3,True
ST000889,C0192,2026-04-12 15:46:45,Something is not working correctly.,Bug,65.07,True
ST000890,C0192,2026-03-29 00:00:00,The application has become slower recently.,Performance,59.97,True
ST000891,C0192,2026-04-13 10:00:47,It would be useful to have this feature.,Feature Request,24.02,True
ST000892,C0192,2026-03-29 00:00:00,The integration is not syncing correctly.,Integration,66.47,True
ST000893,C0192,2026-03-29 00:00:00,The dashboard is loading slowly.,Performance,61.5,True
ST000894,C0193,2026-04-19 08:43:29,Our integration stopped working.,Integration,8.0,False
ST000895,C0194,2026-03-12 09:51:23,The integration is not syncing correctly.,Integration,26.12,True
ST000896,C0194,2026-01-15 00:00:00,It would be useful to have this feature.,Feature Request,50.35,True
ST000897,C0194,2026-03-16 00:07:54,I need help changing our account settings.,Account,26.68,False
ST000898,C0194,2026-01-15 00:00:00,We are having problems connecting our tools.,Integration,45.37,False
ST000899,C0194,2026-04-11 23:06:53,The integration is not syncing correctly.,Integration,50.53,False
ST000900,C0194,2026-01-25 08:11:11,I need help with something.,Other,64.25,True
ST000901,C0194,2026-03-02 00:02:40,The dashboard is loading slowly.,Performance,33.39,True
ST000902,C0194,2026-02-07 13:39:38,I have a question about the product.,Other,21.94,True
ST000903,C0195,2026-03-29 00:00:00,The dashboard is loading slowly.,Performance,62.35,True
ST000904,C0196,2026-04-24 00:00:00,I need help changing our account settings.,Account,9.38,True
ST000905,C0196,2026-04-24 00:00:00,The integration keeps failing.,Integration,3.12,True
ST000906,C0196,2026-04-24 00:00:00,The integration keeps failing.,Integration,15.31,True
ST000907,C0196,2026-04-26 19:53:06,The application has become slower recently.,Performance,31.56,True
ST000908,C0196,2026-04-24 00:00:00,Our integration stopped working.,Integration,4.26,False
ST000909,C0196,2026-04-24 00:00:00,I need help changing our account settings.,Account,12.01,True
ST000910,C0196,2026-04-24 00:00:00,The integration is not syncing correctly.,Integration,57.9,True
ST000911,C0196,2026-04-28 18:49:59,Something is not working correctly.,Bug,54.24,True
ST000912,C0197,2026-04-26 15:58:52,I have a question about the product.,Other,3.3,True
ST000913,C0197,2026-03-10 00:00:00,I cannot access my account.,Account,58.37,False
ST000914,C0197,2026-03-10 00:00:00,The dashboard is loading slowly.,Performance,29.89,True
ST000915,C0197,2026-04-06 02:04:09,Can you add more options to the dashboard?,Feature Request,50.15,True
ST000916,C0197,2026-03-10 00:00:00,I need help with something.,Other,24.89,True
ST000917,C0197,2026-03-10 00:00:00,It would be useful to have this feature.,Feature Request,40.79,True
ST000918,C0197,2026-03-10 00:00:00,It would be useful to have this feature.,Feature Request,31.78,True
ST000919,C0198,2026-04-17 15:58:43,I found a bug in the dashboard.,Bug,16.93,False
ST000920,C0198,2026-04-07 00:00:00,I need help with something.,Other,26.96,True
ST000921,C0198,2026-04-07 00:00:00,The application has become slower recently.,Performance,19.11,True
ST000922,C0198,2026-04-07 00:00:00,I have a question about the product.,Other,11.82,False
ST000923,C0198,2026-04-07 00:00:00,Can you add more options to the dashboard?,Feature Request,28.12,True
ST000924,C0198,2026-04-07 00:00:00,I need help with something.,Other,62.36,True
ST000925,C0198,2026-04-07 00:00:00,I have a question about the product.,Other,4.56,True
ST000926,C0198,2026-04-11 00:45:28,I need help with something.,Other,18.16,True
ST000927,C0199,2026-02-04 00:00:00,We are having problems connecting our tools.,Integration,28.03,True
ST000928,C0199,2026-02-04 00:00:00,I have a question about the product.,Other,20.91,True
ST000929,C0199,2026-02-16 01:08:55,The dashboard is loading slowly.,Performance,43.48,True
ST000930,C0199,2026-02-04 00:00:00,It would be useful to have this feature.,Feature Request,33.99,True
ST000931,C0199,2026-04-18 21:19:04,I found a bug in the dashboard.,Bug,63.46,True
ST000932,C0199,2026-02-24 22:41:03,The application has become slower recently.,Performance,6.08,False
ST000933,C0199,2026-02-04 00:00:00,Something is not working correctly.,Bug,11.95,True
ST000934,C0200,2026-04-09 00:00:00,It would be useful to have this feature.,Feature Request,66.0,True
ST000935,C0200,2026-04-20 19:25:17,The integration is not syncing correctly.,Integration,9.01,True
ST000936,C0200,2026-04-09 00:00:00,The application has become slower recently.,Performance,56.81,True
ST000937,C0200,2026-04-09 00:00:00,I need help with something.,Other,58.05,True
ST000938,C0200,2026-04-09 00:00:00,The application shows an unexpected error.,Bug,56.95,False
ST000939,C0201,2026-03-24 00:00:00,It would be useful to have this feature.,Feature Request,8.27,True
ST000940,C0202,2026-02-13 00:00:00,Something is not working correctly.,Bug,69.8,False
ST000941,C0203,2026-03-30 11:59:28,I was charged incorrectly this month.,Billing,2.75,False
ST000942,C0204,2026-02-11 07:36:22,The application has become slower recently.,Performance,62.33,True
ST000943,C0204,2026-02-07 00:00:00,I have a question about the product.,Other,38.98,False
ST000944,C0204,2026-04-28 03:31:55,The integration keeps failing.,Integration,53.54,True
ST000945,C0204,2026-03-18 06:11:19,Our integration stopped working.,Integration,57.53,False
ST000946,C0204,2026-02-07 00:00:00,The integration is not syncing correctly.,Integration,3.51,True
ST000947,C0204,2026-03-02 12:52:57,The integration is not syncing correctly.,Integration,31.83,False
ST000948,C0204,2026-02-07 00:00:00,I have a question about my invoice.,Billing,42.95,True
ST000949,C0205,2026-02-25 00:00:00,I was charged incorrectly this month.,Billing,64.49,True
ST000950,C0205,2026-03-19 17:04:24,I need help with something.,Other,41.81,False
ST000951,C0206,2026-03-19 02:38:26,We are having problems connecting our tools.,Integration,67.76,True
ST000952,C0206,2026-01-21 00:00:00,Something is not working correctly.,Bug,59.45,False
ST000953,C0206,2026-02-11 03:48:22,The dashboard is loading slowly.,Performance,37.86,True
ST000954,C0206,2026-03-05 15:13:35,The application shows an unexpected error.,Bug,2.44,False
ST000955,C0207,2026-04-04 00:41:52,Can you add more options to the dashboard?,Feature Request,70.69,False
ST000956,C0208,2026-02-15 11:03:41,I need help with something.,Other,51.0,True
ST000957,C0208,2026-04-23 16:34:32,I found a bug in the dashboard.,Bug,71.74,True
ST000958,C0209,2026-04-03 00:00:00,I need help with something.,Other,13.81,True
ST000959,C0210,2026-04-23 00:00:00,Why was my payment charged twice?,Billing,29.27,True
ST000960,C0211,2026-04-03 00:00:00,I have a question about the product.,Other,14.9,False
ST000961,C0211,2026-04-03 00:00:00,It would be useful to have this feature.,Feature Request,24.7,False
ST000962,C0211,2026-04-03 00:00:00,The application has become slower recently.,Performance,4.79,False
ST000963,C0211,2026-04-08 07:27:36,I need help with something.,Other,23.02,True
ST000964,C0211,2026-04-03 00:00:00,I have a question about the product.,Other,8.55,True
ST000965,C0211,2026-04-03 00:00:00,The dashboard is loading slowly.,Performance,25.58,False
ST000966,C0212,2026-04-20 05:51:30,Our integration stopped working.,Integration,54.5,True
ST000967,C0213,2026-03-20 10:26:29,I need help with something.,Other,35.08,True
ST000968,C0213,2026-03-18 16:54:25,It would be useful to have this feature.,Feature Request,48.03,True
ST000969,C0214,2026-04-08 00:00:00,I found a bug in the dashboard.,Bug,17.59,True
ST000970,C0214,2026-04-24 17:15:55,I have a question about my invoice.,Billing,8.14,False
ST000971,C0214,2026-04-22 07:15:16,The dashboard is loading slowly.,Performance,23.46,True
ST000972,C0214,2026-04-20 08:54:59,I need help with something.,Other,32.14,True
ST000973,C0214,2026-04-12 11:43:57,We are having problems connecting our tools.,Integration,24.1,True
ST000974,C0214,2026-04-08 00:00:00,I have a question about the product.,Other,17.64,False
ST000975,C0215,2026-04-17 19:58:49,The integration keeps failing.,Integration,62.87,True
ST000976,C0215,2026-03-12 00:00:13,Our integration stopped working.,Integration,63.47,True
ST000977,C0215,2026-01-23 00:00:00,I need help with something.,Other,13.66,True
ST000978,C0215,2026-04-05 00:36:06,Our integration stopped working.,Integration,19.48,True
ST000979,C0215,2026-04-09 12:36:29,The application has become slower recently.,Performance,19.8,False
ST000980,C0215,2026-03-16 21:11:26,The application shows an unexpected error.,Bug,17.92,True
ST000981,C0216,2026-04-24 04:13:35,I have a question about the product.,Other,19.0,True
ST000982,C0216,2026-03-06 00:00:00,Something is not working correctly.,Bug,54.02,True
ST000983,C0216,2026-04-19 04:59:55,The application has become slower recently.,Performance,44.38,True
ST000984,C0216,2026-03-06 00:00:00,Can you add more options to the dashboard?,Feature Request,38.02,True
ST000985,C0216,2026-03-06 00:00:00,I need help with something.,Other,60.01,True
ST000986,C0216,2026-04-24 01:46:55,I have a question about my invoice.,Billing,16.44,True
ST000987,C0217,2026-04-27 00:00:00,I have a question about the product.,Other,67.22,True
ST000988,C0218,2026-03-08 15:06:25,Something is not working correctly.,Bug,42.61,False
ST000989,C0218,2026-01-17 09:54:45,I cannot access my account.,Account,59.18,True
ST000990,C0218,2026-01-30 08:11:24,Something is not working correctly.,Bug,18.19,True
ST000991,C0218,2026-04-13 15:01:36,I need help with something.,Other,23.0,True
ST000992,C0219,2026-04-24 19:06:12,Why was my payment charged twice?,Billing,38.29,True
ST000993,C0219,2026-04-22 00:00:00,I was charged incorrectly this month.,Billing,50.94,True
ST000994,C0219,2026-04-22 00:00:00,I was charged incorrectly this month.,Billing,49.85,True
ST000995,C0219,2026-04-22 00:00:00,I have a question about my invoice.,Billing,41.39,True
ST000996,C0219,2026-04-22 00:00:00,I need help changing our account settings.,Account,21.15,True
ST000997,C0219,2026-04-22 00:00:00,The application shows an unexpected error.,Bug,16.17,True
ST000998,C0219,2026-04-22 00:00:00,The application shows an unexpected error.,Bug,62.0,True
ST000999,C0220,2026-03-22 00:00:00,Our integration stopped working.,Integration,25.57,True
ST001000,C0220,2026-04-24 02:04:02,I need help with something.,Other,42.4,False
ST001001,C0220,2026-03-22 00:00:00,The application has become slower recently.,Performance,6.13,True
ST001002,C0220,2026-03-26 07:51:14,I cannot access my account.,Account,55.95,False
ST001003,C0220,2026-03-22 00:00:00,I need help changing our account settings.,Account,3.47,True
ST001004,C0220,2026-03-22 00:00:00,I need help with something.,Other,62.2,True
ST001005,C0220,2026-03-22 00:00:00,It would be useful to have this feature.,Feature Request,42.19,True
ST001006,C0221,2026-02-27 13:08:36,I have a question about the product.,Other,3.63,True
ST001007,C0221,2026-03-20 08:02:16,I need help changing our account settings.,Account,68.2,False
ST001008,C0221,2026-02-08 00:00:00,I need help with something.,Other,36.75,True
ST001009,C0221,2026-02-08 00:00:00,I need help with something.,Other,39.86,True
ST001010,C0221,2026-03-23 08:23:07,I need help with something.,Other,38.15,False
ST001011,C0221,2026-04-13 03:46:27,Why was my payment charged twice?,Billing,22.02,True
ST001012,C0222,2026-04-18 00:00:00,I need help with something.,Other,28.29,True
ST001013,C0222,2026-04-18 00:00:00,The integration keeps failing.,Integration,25.71,True
ST001014,C0222,2026-04-18 00:00:00,The integration keeps failing.,Integration,24.55,False
ST001015,C0222,2026-04-18 00:00:00,We are having problems connecting our tools.,Integration,36.05,True
ST001016,C0222,2026-04-18 00:00:00,Can you add more options to the dashboard?,Feature Request,21.46,True
ST001017,C0222,2026-04-18 00:00:00,The dashboard is loading slowly.,Performance,41.52,True
ST001018,C0223,2026-03-23 00:00:00,I have a question about the product.,Other,65.59,True
ST001019,C0223,2026-03-23 00:00:00,Our integration stopped working.,Integration,65.42,True
ST001020,C0223,2026-03-23 00:00:00,Our integration stopped working.,Integration,22.22,True
ST001021,C0223,2026-03-23 00:00:00,The dashboard is loading slowly.,Performance,4.21,False
ST001022,C0224,2026-04-19 11:17:36,The application has become slower recently.,Performance,66.41,True
ST001023,C0225,2026-04-16 02:41:11,It would be useful to have this feature.,Feature Request,50.14,True
ST001024,C0225,2026-04-08 17:08:23,I need help with something.,Other,4.46,True
ST001025,C0225,2026-03-19 00:00:00,Can you add more options to the dashboard?,Feature Request,32.24,False
ST001026,C0225,2026-03-19 00:00:00,I need help changing our account settings.,Account,4.94,True
ST001027,C0226,2026-01-31 17:04:40,The dashboard is loading slowly.,Performance,27.7,True
ST001028,C0227,2026-03-11 10:42:40,I have a question about my invoice.,Billing,55.82,True
ST001029,C0227,2026-04-16 21:32:12,I found a bug in the dashboard.,Bug,30.19,True
ST001030,C0228,2026-02-18 07:17:54,I found a bug in the dashboard.,Bug,69.83,True
ST001031,C0228,2026-04-05 01:42:22,The integration keeps failing.,Integration,70.21,False
ST001032,C0228,2026-03-11 20:42:36,Something is not working correctly.,Bug,35.04,True
ST001033,C0229,2026-04-08 00:00:00,I have a question about the product.,Other,13.14,False
ST001034,C0229,2026-04-08 00:00:00,Something is not working correctly.,Bug,8.54,True
ST001035,C0229,2026-04-08 00:00:00,Can you add more options to the dashboard?,Feature Request,67.7,True
ST001036,C0229,2026-04-08 00:00:00,I have a question about my invoice.,Billing,58.29,True
ST001037,C0230,2026-01-27 17:55:31,The application has become slower recently.,Performance,47.38,False
ST001038,C0230,2026-02-28 08:20:40,I need help with something.,Other,37.88,False
ST001039,C0230,2026-02-25 14:54:02,I need help with something.,Other,69.84,True
ST001040,C0230,2026-02-25 19:33:18,I found a bug in the dashboard.,Bug,69.28,True
ST001041,C0230,2026-04-08 00:52:16,Can you add more options to the dashboard?,Feature Request,3.16,False
ST001042,C0230,2026-03-25 00:05:46,The dashboard is loading slowly.,Performance,48.65,True
ST001043,C0231,2026-03-19 14:59:14,The application shows an unexpected error.,Bug,64.46,True
ST001044,C0231,2026-03-11 00:00:00,It would be useful to have this feature.,Feature Request,29.52,True
ST001045,C0231,2026-03-11 00:00:00,The integration is not syncing correctly.,Integration,70.58,True
ST001046,C0232,2026-04-10 00:00:00,Our integration stopped working.,Integration,50.3,True
ST001047,C0232,2026-04-10 00:00:00,The application shows an unexpected error.,Bug,31.07,True
ST001048,C0232,2026-04-10 00:00:00,I found a bug in the dashboard.,Bug,45.36,True
ST001049,C0232,2026-04-10 00:00:00,I need help changing our account settings.,Account,31.56,True
ST001050,C0232,2026-04-10 00:00:00,I cannot access my account.,Account,26.25,True
ST001051,C0232,2026-04-10 00:00:00,I cannot access my account.,Account,60.66,True
ST001052,C0232,2026-04-26 13:05:51,I need help with something.,Other,11.39,True
ST001053,C0233,2026-04-29 00:00:00,I need help with something.,Other,38.41,False
ST001054,C0233,2026-04-29 00:00:00,I need help changing our account settings.,Account,24.22,True
ST001055,C0233,2026-04-29 00:00:00,I need help with something.,Other,25.36,True
ST001056,C0233,2026-04-29 00:00:00,It would be useful to have this feature.,Feature Request,56.9,True
ST001057,C0233,2026-04-29 00:00:00,I cannot access my account.,Account,35.54,True
ST001058,C0233,2026-04-29 00:00:00,I was charged incorrectly this month.,Billing,28.45,True
ST001059,C0233,2026-04-29 00:00:00,I found a bug in the dashboard.,Bug,25.1,False
ST001060,C0234,2026-04-11 20:23:12,I need help with something.,Other,22.64,True
ST001061,C0234,2026-03-09 00:00:00,I have a question about the product.,Other,50.19,True
ST001062,C0234,2026-04-10 00:23:00,The application shows an unexpected error.,Bug,36.41,True
ST001063,C0234,2026-03-09 00:00:00,Our integration stopped working.,Integration,30.16,True
ST001064,C0235,2026-04-28 00:00:00,The application shows an unexpected error.,Bug,25.8,True
ST001065,C0236,2026-03-02 17:31:45,The application shows an unexpected error.,Bug,8.76,True
ST001066,C0236,2026-01-13 04:13:21,We are having problems connecting our tools.,Integration,63.17,True
ST001067,C0236,2026-04-23 16:29:03,Can you add more options to the dashboard?,Feature Request,47.19,True
ST001068,C0236,2026-03-29 00:37:14,I found a bug in the dashboard.,Bug,14.05,False
ST001069,C0237,2026-03-25 06:14:04,I need help with something.,Other,64.85,True
ST001070,C0237,2026-03-18 00:00:00,I need help with something.,Other,67.38,True
ST001071,C0237,2026-03-18 00:00:00,The application has become slower recently.,Performance,34.66,False
ST001072,C0237,2026-03-18 00:00:00,I was charged incorrectly this month.,Billing,58.6,False
ST001073,C0237,2026-03-18 00:00:00,The dashboard is loading slowly.,Performance,18.43,True
ST001074,C0238,2026-02-11 00:00:00,I need help with something.,Other,52.21,True
ST001075,C0238,2026-02-28 17:20:42,I have a question about my invoice.,Billing,71.87,True
ST001076,C0238,2026-03-27 17:50:43,I cannot access my account.,Account,6.9,True
ST001077,C0238,2026-04-21 16:38:05,It would be useful to have this feature.,Feature Request,50.44,True
ST001078,C0238,2026-02-11 00:00:00,Our integration stopped working.,Integration,61.08,False
ST001079,C0238,2026-02-11 00:00:00,The application shows an unexpected error.,Bug,55.83,True
ST001080,C0238,2026-04-11 20:56:52,I have a question about the product.,Other,52.7,True
ST001081,C0238,2026-02-11 00:00:00,I was charged incorrectly this month.,Billing,5.76,True
ST001082,C0239,2026-03-04 00:00:00,The integration is not syncing correctly.,Integration,34.43,True
ST001083,C0239,2026-03-04 00:00:00,I have a question about the product.,Other,57.71,True
ST001084,C0240,2026-03-07 21:43:43,Something is not working correctly.,Bug,4.09,True
ST001085,C0240,2026-02-01 05:31:27,I found a bug in the dashboard.,Bug,40.96,True
ST001086,C0240,2026-01-28 10:52:45,I need help with something.,Other,71.11,True
ST001087,C0240,2026-03-21 00:12:27,I have a question about the product.,Other,54.65,True
ST001088,C0240,2026-02-25 18:06:53,I have a question about the product.,Other,34.22,True
ST001089,C0241,2026-04-19 19:35:33,The integration keeps failing.,Integration,40.84,True
ST001090,C0241,2026-01-24 01:35:22,I have a question about the product.,Other,60.21,True
ST001091,C0242,2026-04-29 00:00:00,I was charged incorrectly this month.,Billing,18.96,True
ST001092,C0242,2026-04-29 00:00:00,The integration is not syncing correctly.,Integration,27.65,False
ST001093,C0242,2026-04-29 00:00:00,I have a question about the product.,Other,23.58,True
ST001094,C0242,2026-04-29 00:00:00,Can you add more options to the dashboard?,Feature Request,37.79,True
ST001095,C0243,2026-02-27 07:30:27,The integration keeps failing.,Integration,20.97,False
ST001096,C0243,2026-02-28 00:10:26,The dashboard is loading slowly.,Performance,59.67,True
ST001097,C0243,2026-03-31 07:52:25,The integration is not syncing correctly.,Integration,51.97,True
ST001098,C0243,2026-04-25 08:36:53,I have a question about the product.,Other,5.15,True
ST001099,C0244,2026-04-23 00:00:00,I have a question about the product.,Other,50.77,False
ST001100,C0245,2026-04-17 00:00:00,The integration keeps failing.,Integration,65.33,True
ST001101,C0245,2026-04-17 00:00:00,I have a question about the product.,Other,59.86,True
ST001102,C0245,2026-04-17 00:00:00,I have a question about the product.,Other,36.31,False
ST001103,C0245,2026-04-17 00:00:00,Our integration stopped working.,Integration,27.24,True
ST001104,C0245,2026-04-17 00:00:00,The integration keeps failing.,Integration,58.09,True
ST001105,C0245,2026-04-17 00:00:00,The dashboard is loading slowly.,Performance,26.67,True
ST001106,C0245,2026-04-17 00:00:00,I was charged incorrectly this month.,Billing,34.35,False
ST001107,C0245,2026-04-17 00:00:00,The integration is not syncing correctly.,Integration,60.82,True
ST001108,C0246,2026-04-14 00:00:00,Our integration stopped working.,Integration,37.62,True
ST001109,C0246,2026-04-14 00:00:00,I have a question about the product.,Other,1.01,True
ST001110,C0246,2026-04-14 00:00:00,We are having problems connecting our tools.,Integration,45.43,True
ST001111,C0246,2026-04-14 00:00:00,The dashboard is loading slowly.,Performance,3.44,True
ST001112,C0246,2026-04-27 21:05:48,I have a question about the product.,Other,21.63,True
ST001113,C0246,2026-04-14 00:00:00,The integration is not syncing correctly.,Integration,33.77,True
ST001114,C0246,2026-04-14 00:00:00,The application has become slower recently.,Performance,44.68,True
ST001115,C0247,2026-03-23 06:10:30,The application shows an unexpected error.,Bug,66.78,True
ST001116,C0247,2026-02-09 00:00:00,I need help changing our account settings.,Account,67.19,False
ST001117,C0247,2026-03-14 03:26:13,The application has become slower recently.,Performance,7.06,True
ST001118,C0247,2026-03-07 05:39:36,The integration keeps failing.,Integration,54.56,True
ST001119,C0247,2026-02-09 20:12:21,I have a question about the product.,Other,28.98,True
ST001120,C0248,2026-03-15 04:09:41,I need help with something.,Other,22.99,True
ST001121,C0248,2026-01-31 00:00:00,Why was my payment charged twice?,Billing,66.06,False
ST001122,C0248,2026-02-28 03:18:36,The application has become slower recently.,Performance,71.33,True
ST001123,C0248,2026-04-08 19:24:37,The application has become slower recently.,Performance,69.17,False
ST001124,C0249,2026-02-11 04:07:49,I cannot access my account.,Account,12.36,True
ST001125,C0249,2026-02-24 10:07:16,The dashboard is loading slowly.,Performance,43.7,True
ST001126,C0249,2026-03-31 14:56:40,The dashboard is loading slowly.,Performance,51.98,True
ST001127,C0249,2026-01-25 19:38:33,I need help with something.,Other,10.05,True
ST001128,C0249,2026-04-24 10:08:07,I need help changing our account settings.,Account,36.34,True
ST001129,C0249,2026-01-25 08:21:30,The application has become slower recently.,Performance,8.18,True
ST001130,C0249,2026-02-23 04:28:15,It would be useful to have this feature.,Feature Request,44.45,False
ST001131,C0250,2026-01-31 00:00:00,I have a question about the product.,Other,10.86,True
ST001132,C0251,2026-04-23 00:00:00,Something is not working correctly.,Bug,48.5,True
ST001133,C0251,2026-04-23 00:00:00,We are having problems connecting our tools.,Integration,21.55,True
ST001134,C0251,2026-04-23 00:00:00,The integration is not syncing correctly.,Integration,64.92,False
ST001135,C0251,2026-04-23 00:00:00,I found a bug in the dashboard.,Bug,47.77,False
ST001136,C0252,2026-03-14 00:00:00,I cannot access my account.,Account,59.05,True
ST001137,C0252,2026-03-14 00:00:00,The application has become slower recently.,Performance,15.7,True
ST001138,C0252,2026-04-03 22:52:08,The application has become slower recently.,Performance,67.36,True
ST001139,C0253,2026-03-26 08:33:39,I need help with something.,Other,51.45,True
ST001140,C0253,2026-04-02 05:01:38,The integration keeps failing.,Integration,41.23,False
ST001141,C0253,2026-02-24 02:21:47,I need help changing our account settings.,Account,25.98,True
ST001142,C0253,2026-02-01 02:03:52,The dashboard is loading slowly.,Performance,19.54,True
ST001143,C0253,2026-04-01 04:06:19,The application shows an unexpected error.,Bug,57.37,True
ST001144,C0254,2026-03-03 13:17:27,Our integration stopped working.,Integration,71.4,True
ST001145,C0254,2026-02-28 19:15:54,I found a bug in the dashboard.,Bug,2.18,True
ST001146,C0254,2026-03-13 19:37:39,I have a question about the product.,Other,54.75,True
ST001147,C0254,2026-01-25 17:50:27,I cannot access my account.,Account,48.08,True
ST001148,C0255,2026-04-04 00:00:00,I have a question about the product.,Other,4.47,False
ST001149,C0255,2026-04-25 11:38:09,Something is not working correctly.,Bug,24.46,False
ST001150,C0255,2026-04-29 11:33:16,Our integration stopped working.,Integration,60.13,True
ST001151,C0255,2026-04-10 17:09:06,The dashboard is loading slowly.,Performance,62.04,True
ST001152,C0255,2026-04-04 00:00:00,The application shows an unexpected error.,Bug,27.23,True
ST001153,C0255,2026-04-04 00:00:00,I found a bug in the dashboard.,Bug,47.58,False
ST001154,C0255,2026-04-04 00:00:00,I have a question about the product.,Other,44.26,True
ST001155,C0255,2026-04-04 00:00:00,I need help changing our account settings.,Account,13.24,True
ST001156,C0256,2026-03-04 00:00:00,The application shows an unexpected error.,Bug,28.13,True
ST001157,C0256,2026-03-27 12:38:11,Our integration stopped working.,Integration,6.12,True
ST001158,C0257,2026-04-21 11:53:23,I need help with something.,Other,58.29,False
ST001159,C0257,2026-04-15 00:00:00,I need help with something.,Other,63.79,True
ST001160,C0258,2026-04-15 13:40:57,The integration keeps failing.,Integration,59.47,True
ST001161,C0258,2026-04-02 21:21:43,I have a question about the product.,Other,59.25,True
ST001162,C0258,2026-01-09 00:00:00,We are having problems connecting our tools.,Integration,28.81,True
ST001163,C0258,2026-02-05 01:22:33,I have a question about the product.,Other,57.65,True
ST001164,C0258,2026-03-29 22:52:51,The dashboard is loading slowly.,Performance,1.48,True
ST001165,C0259,2026-04-08 00:00:00,I need help changing our account settings.,Account,31.56,True
ST001166,C0259,2026-04-29 06:49:20,The application shows an unexpected error.,Bug,67.52,True
ST001167,C0259,2026-04-08 00:00:00,I found a bug in the dashboard.,Bug,16.36,True
ST001168,C0259,2026-04-08 00:00:00,Why was my payment charged twice?,Billing,6.86,True
ST001169,C0260,2026-03-18 06:13:01,I need help changing our account settings.,Account,48.39,True
ST001170,C0260,2026-03-10 00:00:00,I have a question about my invoice.,Billing,1.73,True
ST001171,C0261,2026-04-09 00:00:00,I need help with something.,Other,49.87,True
ST001172,C0261,2026-04-09 00:00:00,The application shows an unexpected error.,Bug,18.91,False
ST001173,C0261,2026-04-09 00:00:00,Why was my payment charged twice?,Billing,18.33,True
ST001174,C0262,2026-03-19 03:06:50,Can you add more options to the dashboard?,Feature Request,33.95,True
ST001175,C0263,2026-02-13 05:20:33,I need help with something.,Other,28.61,True
ST001176,C0263,2026-04-01 08:12:10,Why was my payment charged twice?,Billing,13.65,True
ST001177,C0263,2026-04-29 18:19:36,I need help with something.,Other,24.8,True
ST001178,C0263,2026-01-17 00:00:00,Why was my payment charged twice?,Billing,4.23,True
ST001179,C0263,2026-04-13 07:42:06,I need help with something.,Other,11.9,True
ST001180,C0263,2026-04-06 14:40:39,It would be useful to have this feature.,Feature Request,30.81,True
ST001181,C0263,2026-03-17 15:31:44,Our integration stopped working.,Integration,23.2,True
ST001182,C0263,2026-03-09 09:21:04,The application has become slower recently.,Performance,39.49,True
ST001183,C0264,2026-03-29 09:36:04,I have a question about the product.,Other,45.9,True
ST001184,C0264,2026-03-26 00:00:00,I have a question about the product.,Other,14.31,True
ST001185,C0264,2026-03-26 00:00:00,I was charged incorrectly this month.,Billing,21.67,True
ST001186,C0264,2026-03-26 00:00:00,I need help with something.,Other,43.3,True
ST001187,C0264,2026-04-12 07:37:14,I cannot access my account.,Account,36.84,False
ST001188,C0265,2026-03-02 00:00:00,The dashboard is loading slowly.,Performance,57.79,True
ST001189,C0265,2026-03-02 00:00:00,I was charged incorrectly this month.,Billing,10.5,False
ST001190,C0265,2026-04-01 17:50:15,I found a bug in the dashboard.,Bug,22.9,False
ST001191,C0265,2026-03-19 02:34:58,The dashboard is loading slowly.,Performance,71.33,True
ST001192,C0265,2026-03-24 12:56:02,It would be useful to have this feature.,Feature Request,10.99,True
ST001193,C0266,2026-03-12 00:00:00,I need help with something.,Other,19.49,True
ST001194,C0266,2026-03-12 00:00:00,I have a question about my invoice.,Billing,60.98,False
ST001195,C0266,2026-03-12 00:00:00,Something is not working correctly.,Bug,34.07,True
ST001196,C0266,2026-03-16 14:47:15,I need help changing our account settings.,Account,70.86,True
ST001197,C0266,2026-04-28 16:47:11,The integration keeps failing.,Integration,41.1,True
ST001198,C0266,2026-03-12 00:00:00,I have a question about the product.,Other,34.76,True
ST001199,C0266,2026-03-12 00:00:00,The application has become slower recently.,Performance,56.68,True
ST001200,C0266,2026-03-12 00:00:00,I cannot access my account.,Account,7.94,True
ST001201,C0267,2026-02-02 12:09:56,The application shows an unexpected error.,Bug,13.04,False
ST001202,C0267,2026-03-01 13:14:57,We are having problems connecting our tools.,Integration,43.29,False
ST001203,C0267,2026-03-24 12:05:26,Why was my payment charged twice?,Billing,67.63,True
ST001204,C0267,2026-03-29 15:23:24,We are having problems connecting our tools.,Integration,25.52,False
ST001205,C0267,2026-02-16 20:08:50,The application shows an unexpected error.,Bug,15.38,True
ST001206,C0268,2026-03-05 17:02:55,I have a question about the product.,Other,16.54,True
ST001207,C0268,2026-02-06 10:39:43,I have a question about the product.,Other,28.23,False
ST001208,C0268,2026-02-19 15:58:30,It would be useful to have this feature.,Feature Request,52.31,True
ST001209,C0269,2026-03-09 00:00:00,Can you add more options to the dashboard?,Feature Request,13.99,True
ST001210,C0269,2026-03-09 00:00:00,The application shows an unexpected error.,Bug,21.45,True
ST001211,C0269,2026-04-24 22:28:03,The integration is not syncing correctly.,Integration,8.46,True
ST001212,C0269,2026-03-09 00:00:00,I cannot access my account.,Account,32.92,True
ST001213,C0269,2026-03-09 00:00:00,I need help with something.,Other,42.8,True
ST001214,C0269,2026-03-09 00:00:00,I have a question about the product.,Other,35.61,True
ST001215,C0270,2026-04-22 00:00:00,I have a question about my invoice.,Billing,12.51,True
ST001216,C0270,2026-04-22 00:00:00,The application has become slower recently.,Performance,27.65,False
ST001217,C0270,2026-04-22 00:00:00,I need help with something.,Other,63.76,True
ST001218,C0270,2026-04-27 19:28:08,I have a question about the product.,Other,5.34,True
ST001219,C0270,2026-04-22 00:00:00,I need help with something.,Other,56.13,True
ST001220,C0270,2026-04-22 00:00:00,We are having problems connecting our tools.,Integration,38.64,True
ST001221,C0270,2026-04-24 12:35:41,I found a bug in the dashboard.,Bug,28.91,True
ST001222,C0270,2026-04-22 00:00:00,The integration is not syncing correctly.,Integration,37.23,True
ST001223,C0271,2026-03-19 00:00:00,I need help with something.,Other,70.56,False
ST001224,C0272,2026-02-24 00:00:00,I have a question about the product.,Other,69.18,True
ST001225,C0272,2026-03-17 06:56:14,Why was my payment charged twice?,Billing,3.14,False
ST001226,C0272,2026-03-09 20:38:44,Our integration stopped working.,Integration,57.95,True
ST001227,C0273,2026-02-01 02:18:51,Can you add more options to the dashboard?,Feature Request,65.21,True
ST001228,C0273,2026-03-06 08:41:54,Our integration stopped working.,Integration,16.34,True
ST001229,C0273,2026-02-06 12:49:57,I need help with something.,Other,4.77,True
ST001230,C0273,2026-02-24 08:17:25,I found a bug in the dashboard.,Bug,5.48,True
ST001231,C0273,2026-03-21 12:08:55,I found a bug in the dashboard.,Bug,51.29,True
ST001232,C0273,2026-01-28 00:00:00,Something is not working correctly.,Bug,61.9,False
ST001233,C0274,2026-04-29 00:00:00,I found a bug in the dashboard.,Bug,37.57,True
ST001234,C0274,2026-04-29 00:00:00,I need help changing our account settings.,Account,12.23,True
ST001235,C0274,2026-04-29 00:00:00,The integration keeps failing.,Integration,62.62,True
ST001236,C0274,2026-04-29 00:00:00,The integration is not syncing correctly.,Integration,18.91,True
ST001237,C0274,2026-04-29 00:00:00,The integration is not syncing correctly.,Integration,22.43,True
ST001238,C0274,2026-04-29 00:00:00,The integration is not syncing correctly.,Integration,37.62,True
ST001239,C0275,2026-03-11 00:00:00,Can you add more options to the dashboard?,Feature Request,19.8,True
ST001240,C0276,2026-04-07 00:00:00,I have a question about the product.,Other,34.2,True
ST001241,C0276,2026-04-07 00:00:00,The dashboard is loading slowly.,Performance,38.94,True
ST001242,C0276,2026-04-07 00:00:00,The integration is not syncing correctly.,Integration,65.24,True
ST001243,C0277,2026-04-04 00:00:00,I have a question about the product.,Other,37.44,True
ST001244,C0277,2026-04-04 00:00:00,I cannot access my account.,Account,13.08,True
ST001245,C0277,2026-04-04 00:00:00,I need help with something.,Other,55.57,True
ST001246,C0277,2026-04-16 08:59:42,I was charged incorrectly this month.,Billing,13.17,False
ST001247,C0277,2026-04-04 00:00:00,The application has become slower recently.,Performance,3.1,False
ST001248,C0277,2026-04-05 16:54:57,Can you add more options to the dashboard?,Feature Request,38.73,True
ST001249,C0277,2026-04-25 12:39:41,The integration keeps failing.,Integration,62.97,False
ST001250,C0278,2026-03-30 00:00:00,I cannot access my account.,Account,71.48,True
ST001251,C0278,2026-03-30 00:00:00,I found a bug in the dashboard.,Bug,15.68,True
ST001252,C0278,2026-03-31 23:07:04,I have a question about the product.,Other,53.32,False
ST001253,C0278,2026-03-30 00:00:00,I need help with something.,Other,25.05,True
ST001254,C0278,2026-03-30 00:00:00,I need help with something.,Other,61.08,True
ST001255,C0278,2026-03-30 00:00:00,I found a bug in the dashboard.,Bug,34.68,True
ST001256,C0278,2026-03-30 00:00:00,The application shows an unexpected error.,Bug,21.34,True
ST001257,C0279,2026-02-20 21:28:28,The dashboard is loading slowly.,Performance,35.01,False
ST001258,C0279,2026-01-26 00:00:00,We are having problems connecting our tools.,Integration,15.44,True
ST001259,C0279,2026-04-05 09:33:51,It would be useful to have this feature.,Feature Request,23.7,True
ST001260,C0279,2026-01-26 00:00:00,I found a bug in the dashboard.,Bug,8.56,False
ST001261,C0279,2026-04-20 15:46:09,I have a question about my invoice.,Billing,20.81,True
ST001262,C0279,2026-01-26 00:00:00,The integration is not syncing correctly.,Integration,38.47,True
ST001263,C0279,2026-01-26 00:00:00,Why was my payment charged twice?,Billing,23.81,True
ST001264,C0279,2026-01-26 00:00:00,The integration keeps failing.,Integration,44.78,False
ST001265,C0280,2026-04-02 00:00:00,I have a question about my invoice.,Billing,54.1,True
ST001266,C0280,2026-04-02 00:00:00,The application has become slower recently.,Performance,3.02,False
ST001267,C0280,2026-04-13 15:30:39,Something is not working correctly.,Bug,69.11,True
ST001268,C0280,2026-04-20 05:41:11,The dashboard is loading slowly.,Performance,7.13,False
ST001269,C0280,2026-04-02 00:00:00,I need help with something.,Other,2.65,False
ST001270,C0280,2026-04-02 00:00:00,The application shows an unexpected error.,Bug,22.95,True
ST001271,C0281,2026-02-27 19:50:26,I have a question about the product.,Other,69.79,True
ST001272,C0281,2026-02-09 00:00:00,The application has become slower recently.,Performance,49.84,False
ST001273,C0281,2026-02-16 05:33:14,I cannot access my account.,Account,19.85,True
ST001274,C0281,2026-04-27 12:47:09,Can you add more options to the dashboard?,Feature Request,6.76,False
ST001275,C0281,2026-04-02 15:10:19,I need help with something.,Other,43.58,True
ST001276,C0281,2026-02-09 00:00:00,I have a question about the product.,Other,64.23,False
ST001277,C0281,2026-04-17 13:59:53,The application has become slower recently.,Performance,15.57,True
ST001278,C0281,2026-02-09 00:00:00,I have a question about my invoice.,Billing,45.67,False
ST001279,C0282,2026-02-21 00:00:00,We are having problems connecting our tools.,Integration,28.35,True
ST001280,C0282,2026-02-21 00:00:00,I have a question about the product.,Other,33.02,True
ST001281,C0282,2026-03-14 09:06:40,I was charged incorrectly this month.,Billing,4.05,False
ST001282,C0282,2026-04-13 01:38:11,The dashboard is loading slowly.,Performance,16.2,False
ST001283,C0282,2026-02-21 00:00:00,The application shows an unexpected error.,Bug,26.67,False
ST001284,C0282,2026-04-09 04:20:29,Our integration stopped working.,Integration,3.86,True
ST001285,C0283,2026-03-27 00:00:00,The integration is not syncing correctly.,Integration,32.01,False
ST001286,C0284,2026-04-13 21:33:20,The integration is not syncing correctly.,Integration,47.88,True
ST001287,C0284,2026-03-25 00:00:00,I was charged incorrectly this month.,Billing,38.89,True
ST001288,C0284,2026-03-30 00:27:25,Can you add more options to the dashboard?,Feature Request,35.41,False
ST001289,C0284,2026-03-25 00:00:00,The integration keeps failing.,Integration,40.57,False
ST001290,C0284,2026-03-25 00:00:00,Can you add more options to the dashboard?,Feature Request,50.14,True
ST001291,C0285,2026-02-17 00:00:00,The application shows an unexpected error.,Bug,60.92,True
ST001292,C0285,2026-02-21 14:58:25,Can you add more options to the dashboard?,Feature Request,59.95,True
ST001293,C0285,2026-02-17 00:00:00,The application shows an unexpected error.,Bug,38.88,True
ST001294,C0285,2026-03-31 12:52:21,The dashboard is loading slowly.,Performance,53.65,False
ST001295,C0285,2026-03-19 22:46:09,The integration keeps failing.,Integration,9.27,True
ST001296,C0285,2026-02-17 00:00:00,Why was my payment charged twice?,Billing,37.32,False
ST001297,C0285,2026-02-17 00:00:00,I cannot access my account.,Account,30.66,False
ST001298,C0286,2026-02-26 00:00:00,We are having problems connecting our tools.,Integration,38.84,True
ST001299,C0286,2026-03-25 02:01:06,Our integration stopped working.,Integration,3.4,True
ST001300,C0286,2026-04-02 03:51:16,The dashboard is loading slowly.,Performance,1.45,False
ST001301,C0286,2026-03-16 00:59:23,Something is not working correctly.,Bug,21.32,False
ST001302,C0286,2026-02-26 00:00:00,Our integration stopped working.,Integration,13.05,True
ST001303,C0286,2026-02-26 00:00:00,I have a question about the product.,Other,17.14,True
ST001304,C0287,2026-04-26 00:00:00,I cannot access my account.,Account,53.22,True
ST001305,C0287,2026-04-26 00:00:00,I need help with something.,Other,59.52,True
ST001306,C0287,2026-04-26 00:00:00,It would be useful to have this feature.,Feature Request,51.0,True
ST001307,C0287,2026-04-26 00:00:00,Our integration stopped working.,Integration,31.87,False
ST001308,C0287,2026-04-26 00:00:00,Can you add more options to the dashboard?,Feature Request,57.58,False
ST001309,C0288,2026-04-15 06:27:11,I found a bug in the dashboard.,Bug,64.11,True
ST001310,C0288,2026-03-08 00:00:00,Why was my payment charged twice?,Billing,31.07,True
ST001311,C0288,2026-03-20 23:34:40,The application shows an unexpected error.,Bug,10.6,True
ST001312,C0288,2026-03-08 00:00:00,It would be useful to have this feature.,Feature Request,41.28,False
ST001313,C0288,2026-03-08 00:00:00,I was charged incorrectly this month.,Billing,13.04,False
ST001314,C0288,2026-03-08 00:00:00,I need help with something.,Other,44.33,True
ST001315,C0289,2026-04-03 23:03:03,The integration keeps failing.,Integration,40.18,False
ST001316,C0289,2026-04-09 00:32:21,The integration keeps failing.,Integration,71.2,True
ST001317,C0289,2026-02-27 00:00:00,The application shows an unexpected error.,Bug,17.73,False
ST001318,C0289,2026-04-21 12:58:57,The application shows an unexpected error.,Bug,14.24,True
ST001319,C0289,2026-03-13 12:23:32,Our integration stopped working.,Integration,38.8,True
ST001320,C0290,2026-03-09 04:35:58,Why was my payment charged twice?,Billing,44.39,False
ST001321,C0290,2026-03-30 04:39:36,Can you add more options to the dashboard?,Feature Request,69.86,True
ST001322,C0291,2026-03-18 07:40:28,It would be useful to have this feature.,Feature Request,37.44,True
ST001323,C0291,2026-02-01 00:00:00,I have a question about my invoice.,Billing,49.39,True
ST001324,C0291,2026-04-21 14:11:08,The integration keeps failing.,Integration,31.55,True
ST001325,C0291,2026-04-02 18:17:11,It would be useful to have this feature.,Feature Request,31.86,True
ST001326,C0291,2026-02-07 15:42:39,Something is not working correctly.,Bug,4.29,False
ST001327,C0292,2026-03-18 02:00:29,The integration is not syncing correctly.,Integration,68.45,False
ST001328,C0292,2026-01-29 00:00:00,I have a question about the product.,Other,6.11,True
ST001329,C0292,2026-04-27 16:19:09,I need help changing our account settings.,Account,1.92,True
ST001330,C0292,2026-03-13 17:01:33,Why was my payment charged twice?,Billing,37.94,False
ST001331,C0292,2026-04-15 12:20:57,Can you add more options to the dashboard?,Feature Request,9.16,True
ST001332,C0292,2026-02-04 16:06:01,I need help with something.,Other,60.53,True
ST001333,C0292,2026-01-29 00:00:00,I need help with something.,Other,41.82,True
ST001334,C0292,2026-04-06 08:54:21,I need help with something.,Other,62.13,True
ST001335,C0293,2026-03-13 00:30:36,I have a question about the product.,Other,44.77,True
ST001336,C0293,2026-04-23 17:00:46,The application has become slower recently.,Performance,71.73,False
ST001337,C0293,2026-01-16 16:56:08,The application has become slower recently.,Performance,25.23,True
ST001338,C0293,2026-03-18 05:04:16,Something is not working correctly.,Bug,25.14,True
ST001339,C0293,2026-01-31 12:40:02,It would be useful to have this feature.,Feature Request,15.69,True
ST001340,C0293,2026-01-19 13:23:40,I need help with something.,Other,9.74,True
ST001341,C0294,2026-02-13 00:00:00,The application shows an unexpected error.,Bug,46.14,True
ST001342,C0295,2026-02-13 14:59:26,It would be useful to have this feature.,Feature Request,57.41,True
ST001343,C0295,2026-02-07 21:27:06,The dashboard is loading slowly.,Performance,50.12,True
ST001344,C0295,2026-01-19 03:56:26,I need help with something.,Other,49.89,False
ST001345,C0296,2026-04-10 15:36:57,I need help with something.,Other,36.93,True
ST001346,C0296,2026-03-17 00:00:00,I need help with something.,Other,62.72,True
ST001347,C0297,2026-03-12 00:00:00,The application shows an unexpected error.,Bug,15.82,True
ST001348,C0297,2026-03-12 00:00:00,Why was my payment charged twice?,Billing,15.68,False
ST001349,C0297,2026-03-12 00:00:00,We are having problems connecting our tools.,Integration,35.15,True
ST001350,C0297,2026-03-12 00:00:00,Something is not working correctly.,Bug,14.97,True
ST001351,C0297,2026-03-12 00:00:00,I found a bug in the dashboard.,Bug,12.65,True
ST001352,C0298,2026-04-08 06:38:43,I cannot access my account.,Account,8.15,False
ST001353,C0298,2026-01-30 04:20:59,I need help with something.,Other,38.22,True
ST001354,C0298,2026-04-21 00:24:11,We are having problems connecting our tools.,Integration,35.46,True
ST001355,C0298,2026-02-16 18:16:52,Can you add more options to the dashboard?,Feature Request,45.28,False
ST001356,C0298,2026-03-19 11:58:51,Our integration stopped working.,Integration,55.3,False
ST001357,C0298,2026-01-30 00:00:00,I have a question about the product.,Other,67.2,True
ST001358,C0298,2026-03-07 07:07:18,I have a question about the product.,Other,15.69,False
ST001359,C0298,2026-02-26 21:29:30,I was charged incorrectly this month.,Billing,7.13,True
ST001360,C0299,2026-03-30 23:30:43,I have a question about the product.,Other,52.7,True
ST001361,C0299,2026-03-17 00:00:00,I need help changing our account settings.,Account,39.91,True
ST001362,C0299,2026-03-17 00:00:00,The application has become slower recently.,Performance,28.09,False
ST001363,C0299,2026-04-03 23:31:53,We are having problems connecting our tools.,Integration,70.32,True
ST001364,C0299,2026-03-17 00:00:00,I have a question about the product.,Other,31.95,True
ST001365,C0299,2026-03-17 00:00:00,We are having problems connecting our tools.,Integration,56.91,True
ST001366,C0299,2026-04-10 21:11:57,I have a question about the product.,Other,34.87,True
ST001367,C0300,2026-04-01 03:05:49,Can you add more options to the dashboard?,Feature Request,8.96,True
ST001368,C0300,2026-04-15 10:05:27,The application has become slower recently.,Performance,47.43,True
ST001369,C0300,2026-02-27 05:28:03,Can you add more options to the dashboard?,Feature Request,42.81,True
ST001370,C0300,2026-04-11 08:31:57,I need help with something.,Other,10.8,True
ST001371,C0301,2026-01-01 20:34:16,I need help changing our account settings.,Account,44.63,True
ST001372,C0301,2026-02-14 03:31:34,We are having problems connecting our tools.,Integration,31.15,False
ST001373,C0301,2026-04-25 08:26:38,The integration is not syncing correctly.,Integration,68.81,True
ST001374,C0301,2026-02-24 05:47:36,Why was my payment charged twice?,Billing,7.14,True
ST001375,C0301,2026-04-24 00:26:17,I need help with something.,Other,2.67,True
ST001376,C0301,2026-04-28 14:37:12,Something is not working correctly.,Bug,49.86,True
ST001377,C0302,2026-02-02 07:06:28,Why was my payment charged twice?,Billing,40.29,True
ST001378,C0302,2026-01-24 08:24:47,The application shows an unexpected error.,Bug,58.35,True
ST001379,C0302,2026-04-23 22:53:40,I found a bug in the dashboard.,Bug,67.16,True
ST001380,C0302,2026-04-22 13:08:21,Can you add more options to the dashboard?,Feature Request,43.44,False
ST001381,C0303,2026-04-01 00:00:00,I have a question about the product.,Other,22.69,True
ST001382,C0303,2026-04-09 23:34:53,It would be useful to have this feature.,Feature Request,14.64,False
ST001383,C0303,2026-04-01 00:00:00,The application shows an unexpected error.,Bug,29.27,True
ST001384,C0304,2026-04-26 10:49:24,I have a question about the product.,Other,67.47,True
ST001385,C0304,2026-04-15 03:09:23,The integration is not syncing correctly.,Integration,1.7,True
ST001386,C0304,2026-03-22 00:00:00,Our integration stopped working.,Integration,63.83,False
ST001387,C0304,2026-04-29 04:25:32,Something is not working correctly.,Bug,20.8,True
ST001388,C0304,2026-03-22 00:00:00,I need help changing our account settings.,Account,28.85,True
ST001389,C0304,2026-03-22 00:00:00,I need help with something.,Other,61.99,True
ST001390,C0304,2026-03-22 00:00:00,We are having problems connecting our tools.,Integration,67.34,True
ST001391,C0305,2026-04-29 08:52:43,The integration is not syncing correctly.,Integration,15.07,False
ST001392,C0305,2026-01-13 23:32:47,We are having problems connecting our tools.,Integration,16.99,True
ST001393,C0305,2026-03-24 17:29:47,The dashboard is loading slowly.,Performance,65.42,True
ST001394,C0305,2026-04-12 15:18:48,I found a bug in the dashboard.,Bug,30.7,False
ST001395,C0305,2026-03-10 04:05:03,I need help with something.,Other,70.74,True
ST001396,C0305,2026-01-29 23:27:24,I have a question about my invoice.,Billing,7.92,True
ST001397,C0305,2026-01-08 00:00:00,The application has become slower recently.,Performance,22.36,True
ST001398,C0306,2026-04-20 09:35:09,Can you add more options to the dashboard?,Feature Request,10.76,False
ST001399,C0306,2026-04-06 19:22:12,We are having problems connecting our tools.,Integration,3.99,True
ST001400,C0306,2026-01-30 00:00:00,Why was my payment charged twice?,Billing,2.38,True
ST001401,C0306,2026-02-14 17:59:18,I have a question about the product.,Other,68.46,False
ST001402,C0306,2026-03-05 15:59:08,Can you add more options to the dashboard?,Feature Request,6.97,True
ST001403,C0306,2026-03-17 03:07:29,I found a bug in the dashboard.,Bug,10.76,False
ST001404,C0306,2026-02-04 11:11:42,We are having problems connecting our tools.,Integration,49.36,True
ST001405,C0307,2026-02-06 06:46:13,It would be useful to have this feature.,Feature Request,34.3,True
ST001406,C0307,2026-04-02 19:45:11,The integration is not syncing correctly.,Integration,11.63,True
ST001407,C0307,2026-01-31 06:14:21,Something is not working correctly.,Bug,17.06,False
ST001408,C0307,2026-02-23 20:02:50,I have a question about my invoice.,Billing,12.19,True
ST001409,C0308,2026-04-28 01:43:46,Our integration stopped working.,Integration,30.24,True
ST001410,C0309,2026-02-28 08:19:40,I need help changing our account settings.,Account,23.33,True
ST001411,C0309,2026-03-01 16:30:25,I cannot access my account.,Account,44.62,False
ST001412,C0309,2026-02-10 11:46:24,I need help with something.,Other,29.49,True
ST001413,C0309,2026-04-08 21:24:46,I need help with something.,Other,41.2,True
ST001414,C0310,2026-04-21 00:00:00,Our integration stopped working.,Integration,63.43,True
ST001415,C0310,2026-04-21 00:00:00,I have a question about my invoice.,Billing,34.27,True
ST001416,C0310,2026-04-21 00:00:00,I have a question about the product.,Other,46.57,True
ST001417,C0310,2026-04-21 00:00:00,Can you add more options to the dashboard?,Feature Request,36.47,False
ST001418,C0310,2026-04-21 00:00:00,Our integration stopped working.,Integration,35.35,True
ST001419,C0311,2026-03-08 15:01:09,Can you add more options to the dashboard?,Feature Request,54.7,True
ST001420,C0311,2026-02-12 00:00:00,Something is not working correctly.,Bug,51.14,False
ST001421,C0311,2026-04-10 01:43:22,Something is not working correctly.,Bug,68.78,True
ST001422,C0312,2026-03-11 14:45:04,The application has become slower recently.,Performance,49.12,False
ST001423,C0312,2026-02-12 07:58:32,I need help with something.,Other,28.53,True
ST001424,C0313,2026-03-07 00:00:00,I need help with something.,Other,16.02,True
ST001425,C0313,2026-03-21 10:35:09,The dashboard is loading slowly.,Performance,45.38,True
ST001426,C0313,2026-03-07 00:00:00,I need help changing our account settings.,Account,1.62,True
ST001427,C0313,2026-03-07 00:00:00,I cannot access my account.,Account,63.93,True
ST001428,C0313,2026-04-06 01:22:28,The dashboard is loading slowly.,Performance,59.3,True
ST001429,C0313,2026-03-28 21:32:31,Why was my payment charged twice?,Billing,23.01,True
ST001430,C0314,2026-01-31 00:00:00,Something is not working correctly.,Bug,12.66,True
ST001431,C0314,2026-03-04 02:41:58,I cannot access my account.,Account,49.72,True
ST001432,C0314,2026-02-05 01:30:47,The application shows an unexpected error.,Bug,48.09,True
ST001433,C0314,2026-01-31 00:00:00,The integration is not syncing correctly.,Integration,49.01,True
ST001434,C0314,2026-02-11 04:02:57,I have a question about the product.,Other,56.73,False
ST001435,C0315,2026-04-15 16:18:17,Something is not working correctly.,Bug,21.99,True
ST001436,C0315,2026-03-23 16:58:32,The application shows an unexpected error.,Bug,31.23,False
ST001437,C0315,2026-02-06 08:22:52,Something is not working correctly.,Bug,7.4,True
ST001438,C0315,2026-02-05 20:29:37,Can you add more options to the dashboard?,Feature Request,57.66,False
ST001439,C0315,2026-02-07 02:06:05,Something is not working correctly.,Bug,34.84,True
ST001440,C0315,2026-04-05 06:49:14,It would be useful to have this feature.,Feature Request,18.13,True
ST001441,C0316,2026-03-27 00:00:00,The integration is not syncing correctly.,Integration,18.62,False
ST001442,C0316,2026-03-27 00:00:00,I need help with something.,Other,33.03,False
ST001443,C0316,2026-03-27 00:00:00,The dashboard is loading slowly.,Performance,59.09,True
ST001444,C0316,2026-03-29 22:13:39,I need help with something.,Other,16.25,False
ST001445,C0316,2026-03-27 11:19:48,I found a bug in the dashboard.,Bug,62.52,True
ST001446,C0316,2026-03-27 00:00:00,I need help with something.,Other,21.39,True
ST001447,C0316,2026-03-27 00:00:00,I need help with something.,Other,1.75,True
ST001448,C0317,2026-04-29 00:12:02,Our integration stopped working.,Integration,26.53,True
ST001449,C0318,2026-01-28 00:00:00,The application shows an unexpected error.,Bug,38.5,True
ST001450,C0318,2026-04-06 12:52:49,I found a bug in the dashboard.,Bug,17.68,True
ST001451,C0318,2026-03-15 17:17:33,I have a question about the product.,Other,25.93,True
ST001452,C0319,2026-04-28 06:19:10,I need help with something.,Other,33.86,True
ST001453,C0319,2026-03-11 00:00:00,It would be useful to have this feature.,Feature Request,21.88,True
ST001454,C0319,2026-03-11 00:00:00,I have a question about the product.,Other,15.7,True
ST001455,C0319,2026-03-19 05:56:09,Why was my payment charged twice?,Billing,65.04,True
ST001456,C0319,2026-03-11 00:00:00,I have a question about the product.,Other,21.22,True
ST001457,C0319,2026-03-26 15:10:08,I need help changing our account settings.,Account,5.04,True
ST001458,C0319,2026-04-19 21:33:24,The integration is not syncing correctly.,Integration,20.64,True
ST001459,C0320,2026-01-17 22:09:12,I need help changing our account settings.,Account,62.72,True
ST001460,C0321,2026-04-03 00:00:00,I need help changing our account settings.,Account,55.32,False
ST001461,C0321,2026-04-26 00:34:00,I found a bug in the dashboard.,Bug,34.14,True
ST001462,C0321,2026-04-03 00:00:00,I need help with something.,Other,34.71,True
ST001463,C0321,2026-04-10 06:09:19,I cannot access my account.,Account,28.62,False
ST001464,C0321,2026-04-03 00:00:00,The application shows an unexpected error.,Bug,45.74,True
ST001465,C0322,2026-04-30 00:00:00,Why was my payment charged twice?,Billing,17.27,True
ST001466,C0322,2026-04-30 00:00:00,I found a bug in the dashboard.,Bug,49.68,True
ST001467,C0322,2026-04-30 00:00:00,The dashboard is loading slowly.,Performance,51.63,True
ST001468,C0322,2026-04-30 00:00:00,We are having problems connecting our tools.,Integration,69.98,True
ST001469,C0323,2026-04-23 00:00:00,I need help with something.,Other,38.92,True
ST001470,C0323,2026-04-23 00:00:00,I have a question about the product.,Other,34.53,True
ST001471,C0323,2026-04-23 00:00:00,I need help changing our account settings.,Account,5.09,False
ST001472,C0323,2026-04-23 00:00:00,We are having problems connecting our tools.,Integration,38.78,False
ST001473,C0323,2026-04-23 00:00:00,We are having problems connecting our tools.,Integration,66.15,True
ST001474,C0323,2026-04-23 00:00:00,I have a question about the product.,Other,37.74,True
ST001475,C0324,2026-03-15 00:00:00,The integration is not syncing correctly.,Integration,63.2,False
ST001476,C0324,2026-04-28 01:55:24,It would be useful to have this feature.,Feature Request,6.43,True
ST001477,C0324,2026-04-26 23:59:11,I found a bug in the dashboard.,Bug,52.99,False
ST001478,C0325,2026-03-15 00:00:00,The application has become slower recently.,Performance,46.43,True
ST001479,C0325,2026-04-13 12:50:07,We are having problems connecting our tools.,Integration,33.08,True
ST001480,C0325,2026-04-25 20:09:49,Our integration stopped working.,Integration,33.46,False
ST001481,C0325,2026-03-15 00:00:00,I need help with something.,Other,32.07,True
ST001482,C0325,2026-03-15 00:00:00,I need help with something.,Other,1.99,False
ST001483,C0326,2026-03-02 00:00:00,I need help with something.,Other,28.71,True
ST001484,C0326,2026-04-27 02:43:01,I need help with something.,Other,41.92,True
ST001485,C0326,2026-03-02 00:00:00,The application shows an unexpected error.,Bug,35.05,True
ST001486,C0326,2026-04-23 13:57:16,The application shows an unexpected error.,Bug,2.16,True
ST001487,C0326,2026-03-02 00:00:00,Can you add more options to the dashboard?,Feature Request,67.96,True
ST001488,C0326,2026-03-28 05:49:55,Can you add more options to the dashboard?,Feature Request,61.65,True
ST001489,C0326,2026-03-10 20:07:43,I have a question about the product.,Other,47.72,True
ST001490,C0327,2026-04-06 09:58:04,I need help changing our account settings.,Account,30.82,True
ST001491,C0327,2026-04-13 02:05:27,I have a question about my invoice.,Billing,66.71,True
ST001492,C0327,2026-04-02 14:20:31,I found a bug in the dashboard.,Bug,56.48,True
ST001493,C0327,2026-03-24 09:18:54,I have a question about the product.,Other,18.28,True
ST001494,C0327,2026-02-16 01:16:27,I need help with something.,Other,70.25,True
ST001495,C0328,2026-04-27 14:47:55,I need help changing our account settings.,Account,69.64,False
ST001496,C0328,2026-04-11 00:00:00,The integration is not syncing correctly.,Integration,2.34,True
ST001497,C0328,2026-04-11 00:00:00,The dashboard is loading slowly.,Performance,9.17,False
ST001498,C0328,2026-04-11 00:00:00,I have a question about the product.,Other,71.46,True
ST001499,C0328,2026-04-11 00:00:00,I need help with something.,Other,36.96,True
ST001500,C0328,2026-04-11 00:00:00,Can you add more options to the dashboard?,Feature Request,26.91,True
ST001501,C0328,2026-04-28 11:57:01,We are having problems connecting our tools.,Integration,45.02,True
ST001502,C0328,2026-04-11 00:00:00,I cannot access my account.,Account,9.03,True
ST001503,C0329,2026-04-28 22:58:30,I have a question about the product.,Other,24.62,False
ST001504,C0329,2026-04-12 10:53:18,I have a question about the product.,Other,44.87,True
ST001505,C0329,2026-04-26 19:29:16,I need help with something.,Other,65.13,True
ST001506,C0329,2026-04-16 16:49:12,The integration is not syncing correctly.,Integration,40.07,True
ST001507,C0329,2026-03-02 00:00:00,We are having problems connecting our tools.,Integration,56.88,False
ST001508,C0329,2026-03-02 00:00:00,I have a question about my invoice.,Billing,24.24,True
ST001509,C0329,2026-03-02 00:00:00,The application shows an unexpected error.,Bug,47.04,True
ST001510,C0330,2026-04-14 00:00:00,The application shows an unexpected error.,Bug,64.31,True
ST001511,C0330,2026-04-14 00:00:00,The application shows an unexpected error.,Bug,3.56,False
ST001512,C0331,2026-04-12 12:27:16,I cannot access my account.,Account,33.55,True
ST001513,C0331,2026-03-30 21:15:58,I need help with something.,Other,5.78,True
ST001514,C0331,2026-03-09 16:26:27,The dashboard is loading slowly.,Performance,27.97,True
ST001515,C0331,2026-04-10 00:46:11,It would be useful to have this feature.,Feature Request,19.48,True
ST001516,C0331,2026-03-24 15:18:08,I have a question about the product.,Other,68.58,True
ST001517,C0332,2026-02-09 15:47:09,I need help changing our account settings.,Account,49.63,True
ST001518,C0332,2026-03-20 07:11:56,The application has become slower recently.,Performance,30.81,False
ST001519,C0332,2026-03-14 10:40:21,Why was my payment charged twice?,Billing,66.25,True
ST001520,C0332,2026-03-03 07:58:07,The dashboard is loading slowly.,Performance,71.81,True
ST001521,C0332,2026-01-25 00:00:00,Something is not working correctly.,Bug,56.57,True
ST001522,C0333,2026-03-22 04:26:16,The application has become slower recently.,Performance,44.95,True
ST001523,C0333,2026-02-28 08:00:09,Why was my payment charged twice?,Billing,29.86,True
ST001524,C0333,2026-02-11 18:07:59,I found a bug in the dashboard.,Bug,60.57,True
ST001525,C0334,2026-02-07 04:25:22,I need help with something.,Other,68.88,True
ST001526,C0334,2026-03-12 11:13:26,Something is not working correctly.,Bug,18.81,True
ST001527,C0334,2026-03-01 13:59:31,I have a question about the product.,Other,44.61,True
ST001528,C0334,2026-02-01 03:27:03,Something is not working correctly.,Bug,6.66,True
ST001529,C0334,2026-02-25 17:17:29,Can you add more options to the dashboard?,Feature Request,2.44,True
ST001530,C0334,2026-01-13 10:42:22,I have a question about the product.,Other,40.18,True
ST001531,C0335,2026-03-26 00:00:00,Can you add more options to the dashboard?,Feature Request,25.96,True
ST001532,C0335,2026-03-26 00:00:00,We are having problems connecting our tools.,Integration,50.93,True
ST001533,C0335,2026-03-26 00:00:00,Something is not working correctly.,Bug,15.31,False
ST001534,C0335,2026-03-26 00:00:00,Why was my payment charged twice?,Billing,29.64,True
ST001535,C0336,2026-02-25 00:00:00,I found a bug in the dashboard.,Bug,46.45,True
ST001536,C0336,2026-02-25 00:00:00,I have a question about my invoice.,Billing,49.75,False
ST001537,C0337,2026-02-23 11:26:58,We are having problems connecting our tools.,Integration,44.27,False
ST001538,C0337,2026-02-15 00:00:00,It would be useful to have this feature.,Feature Request,64.34,True
ST001539,C0337,2026-03-25 23:42:40,It would be useful to have this feature.,Feature Request,46.47,False
ST001540,C0338,2026-04-21 18:32:13,I need help changing our account settings.,Account,5.52,True
ST001541,C0338,2026-02-24 00:00:00,I need help with something.,Other,65.51,True
ST001542,C0338,2026-03-24 13:22:35,I found a bug in the dashboard.,Bug,71.4,False
ST001543,C0338,2026-04-14 20:59:12,I found a bug in the dashboard.,Bug,64.82,True
ST001544,C0338,2026-03-18 03:04:32,The application shows an unexpected error.,Bug,40.59,True
ST001545,C0339,2026-02-22 00:00:00,I have a question about the product.,Other,47.8,True
ST001546,C0339,2026-02-22 00:00:00,Can you add more options to the dashboard?,Feature Request,10.65,True
ST001547,C0339,2026-02-22 00:00:00,I found a bug in the dashboard.,Bug,7.73,True
ST001548,C0340,2026-03-01 00:00:00,Our integration stopped working.,Integration,42.49,True
ST001549,C0340,2026-03-01 00:00:00,Why was my payment charged twice?,Billing,53.39,True
ST001550,C0340,2026-03-01 00:00:00,I have a question about the product.,Other,32.15,True
ST001551,C0340,2026-03-01 00:00:00,The application shows an unexpected error.,Bug,27.13,True
ST001552,C0341,2026-04-21 00:00:00,I have a question about the product.,Other,19.94,False
ST001553,C0341,2026-04-24 05:45:44,I have a question about my invoice.,Billing,63.35,True
ST001554,C0341,2026-04-21 00:00:00,I need help changing our account settings.,Account,70.37,True
ST001555,C0342,2026-04-04 00:00:00,I have a question about the product.,Other,8.83,True
ST001556,C0342,2026-04-04 00:00:00,I need help with something.,Other,10.59,True
ST001557,C0343,2026-04-03 07:08:16,I have a question about my invoice.,Billing,14.01,True
ST001558,C0343,2026-04-16 15:27:28,The application has become slower recently.,Performance,36.7,False
ST001559,C0343,2026-01-13 15:41:24,Can you add more options to the dashboard?,Feature Request,18.43,False
ST001560,C0343,2026-01-31 05:17:19,The application has become slower recently.,Performance,24.33,True
ST001561,C0343,2026-02-02 12:39:06,It would be useful to have this feature.,Feature Request,37.86,True
ST001562,C0343,2026-02-24 08:22:15,I have a question about the product.,Other,27.71,True
ST001563,C0343,2026-03-23 08:20:55,I found a bug in the dashboard.,Bug,23.68,True
ST001564,C0344,2026-04-03 11:20:30,I found a bug in the dashboard.,Bug,12.7,True
ST001565,C0344,2026-04-07 12:51:13,Can you add more options to the dashboard?,Feature Request,70.46,True
ST001566,C0344,2026-04-14 09:24:09,I have a question about the product.,Other,9.54,True
ST001567,C0344,2026-03-28 00:00:00,I have a question about my invoice.,Billing,9.27,True
ST001568,C0344,2026-03-28 00:00:00,I need help with something.,Other,27.72,False
ST001569,C0344,2026-03-28 00:00:00,The integration keeps failing.,Integration,49.0,True
ST001570,C0344,2026-03-28 00:00:00,The integration keeps failing.,Integration,19.98,True
ST001571,C0345,2026-04-28 18:42:49,I have a question about the product.,Other,10.69,True
ST001572,C0345,2026-03-25 00:00:00,It would be useful to have this feature.,Feature Request,13.59,True
ST001573,C0345,2026-03-25 00:00:00,The dashboard is loading slowly.,Performance,23.94,True
ST001574,C0345,2026-03-25 00:00:00,Our integration stopped working.,Integration,18.61,True
ST001575,C0345,2026-03-27 21:47:11,The integration is not syncing correctly.,Integration,4.78,False
ST001576,C0345,2026-03-25 00:00:00,Can you add more options to the dashboard?,Feature Request,24.42,True
ST001577,C0346,2026-03-24 00:00:00,The integration is not syncing correctly.,Integration,57.19,True
ST001578,C0347,2026-04-28 08:54:53,I cannot access my account.,Account,30.21,True
ST001579,C0347,2026-02-25 03:14:16,I have a question about the product.,Other,65.98,True
ST001580,C0347,2026-04-11 16:12:13,The dashboard is loading slowly.,Performance,36.61,False
ST001581,C0347,2026-03-10 12:55:37,We are having problems connecting our tools.,Integration,31.01,True
ST001582,C0347,2026-03-14 12:36:07,The integration keeps failing.,Integration,42.39,False
ST001583,C0347,2026-03-09 19:55:50,The integration is not syncing correctly.,Integration,26.45,True
ST001584,C0347,2026-03-31 05:32:06,The dashboard is loading slowly.,Performance,69.61,True
ST001585,C0347,2026-01-13 00:00:00,Our integration stopped working.,Integration,5.26,True
ST001586,C0348,2026-02-19 21:30:48,I cannot access my account.,Account,12.98,True
ST001587,C0349,2026-04-06 08:11:59,I have a question about the product.,Other,64.0,True
ST001588,C0349,2026-04-21 14:06:09,The integration keeps failing.,Integration,46.77,True
ST001589,C0349,2026-03-24 12:36:08,I have a question about the product.,Other,8.0,False
ST001590,C0349,2026-02-21 00:00:00,I need help with something.,Other,10.08,False
ST001591,C0349,2026-02-21 00:00:00,I was charged incorrectly this month.,Billing,14.55,False
ST001592,C0350,2026-04-04 00:00:00,Can you add more options to the dashboard?,Feature Request,34.88,True
ST001593,C0350,2026-04-04 00:00:00,I need help changing our account settings.,Account,49.0,True
ST001594,C0350,2026-04-28 04:46:54,I have a question about the product.,Other,19.67,True
ST001595,C0350,2026-04-04 00:00:00,It would be useful to have this feature.,Feature Request,41.76,True
ST001596,C0350,2026-04-04 00:00:00,I need help with something.,Other,21.47,False
ST001597,C0350,2026-04-04 00:00:00,The application has become slower recently.,Performance,1.14,False
ST001598,C0351,2026-04-12 00:47:09,The dashboard is loading slowly.,Performance,47.9,True
ST001599,C0351,2026-02-13 00:00:00,I have a question about my invoice.,Billing,34.49,False
ST001600,C0351,2026-04-08 05:06:06,We are having problems connecting our tools.,Integration,52.01,True
ST001601,C0352,2026-04-13 00:00:00,It would be useful to have this feature.,Feature Request,6.08,True
ST001602,C0352,2026-04-13 00:00:00,I need help with something.,Other,7.98,True
ST001603,C0352,2026-04-13 00:00:00,The application shows an unexpected error.,Bug,49.98,True
ST001604,C0352,2026-04-24 03:34:59,I have a question about the product.,Other,40.93,True
ST001605,C0353,2026-04-21 00:00:00,I found a bug in the dashboard.,Bug,8.36,True
ST001606,C0353,2026-04-21 00:00:00,I need help changing our account settings.,Account,55.44,True
ST001607,C0353,2026-04-21 00:00:00,I found a bug in the dashboard.,Bug,54.89,True
ST001608,C0353,2026-04-21 00:00:00,I need help changing our account settings.,Account,4.07,False
ST001609,C0354,2026-04-17 09:42:44,I need help with something.,Other,9.83,False
ST001610,C0355,2026-04-20 21:45:38,The application has become slower recently.,Performance,37.75,True
ST001611,C0355,2026-02-16 02:06:08,I was charged incorrectly this month.,Billing,4.01,True
ST001612,C0355,2026-03-25 17:12:30,The integration keeps failing.,Integration,62.85,True
ST001613,C0355,2026-02-01 00:00:00,I have a question about the product.,Other,58.38,True
ST001614,C0356,2026-02-15 13:02:53,The integration keeps failing.,Integration,45.02,True
ST001615,C0357,2026-04-07 02:27:33,I need help changing our account settings.,Account,50.56,True
ST001616,C0357,2026-03-31 12:54:10,Our integration stopped working.,Integration,2.01,True
ST001617,C0357,2026-02-03 08:17:25,I need help with something.,Other,60.5,True
ST001618,C0357,2026-02-13 21:26:39,Our integration stopped working.,Integration,61.6,True
ST001619,C0357,2026-03-16 17:55:43,I found a bug in the dashboard.,Bug,44.93,True
ST001620,C0358,2026-04-01 18:52:52,I found a bug in the dashboard.,Bug,9.36,True
ST001621,C0358,2026-03-10 00:00:00,I cannot access my account.,Account,42.21,True
ST001622,C0358,2026-04-18 11:03:50,I have a question about the product.,Other,8.17,True
ST001623,C0358,2026-03-22 18:00:44,I need help with something.,Other,31.2,True
ST001624,C0359,2026-02-27 00:00:00,I found a bug in the dashboard.,Bug,60.04,True
ST001625,C0359,2026-03-25 20:02:50,I have a question about the product.,Other,2.12,True
ST001626,C0359,2026-02-27 00:00:00,The integration keeps failing.,Integration,35.46,True
ST001627,C0359,2026-03-29 22:01:30,I cannot access my account.,Account,7.51,True
ST001628,C0359,2026-02-27 00:00:00,The application shows an unexpected error.,Bug,63.35,True
ST001629,C0359,2026-02-27 00:00:00,Why was my payment charged twice?,Billing,5.35,True
ST001630,C0359,2026-02-27 00:00:00,The integration is not syncing correctly.,Integration,71.72,True
ST001631,C0360,2026-04-07 04:09:21,I need help with something.,Other,28.49,True
ST001632,C0360,2026-04-13 15:22:33,I need help with something.,Other,2.49,True
ST001633,C0360,2026-03-22 05:32:41,The dashboard is loading slowly.,Performance,28.3,False
ST001634,C0360,2026-04-05 19:44:11,I need help with something.,Other,48.56,False
ST001635,C0360,2026-03-05 16:50:12,Can you add more options to the dashboard?,Feature Request,3.59,True
ST001636,C0361,2026-04-24 20:00:57,Why was my payment charged twice?,Billing,33.19,True
ST001637,C0361,2026-02-24 00:00:00,I need help with something.,Other,27.99,True
ST001638,C0362,2026-04-14 04:02:59,The dashboard is loading slowly.,Performance,17.44,True
ST001639,C0362,2026-01-27 14:22:59,I need help with something.,Other,66.07,False
ST001640,C0363,2026-03-11 17:23:47,I need help changing our account settings.,Account,6.59,False
ST001641,C0364,2026-03-01 00:00:00,It would be useful to have this feature.,Feature Request,27.54,True
ST001642,C0364,2026-03-01 00:00:00,Why was my payment charged twice?,Billing,5.03,True
ST001643,C0364,2026-03-01 00:00:00,The application has become slower recently.,Performance,19.97,True
ST001644,C0364,2026-04-17 22:22:15,The dashboard is loading slowly.,Performance,4.63,True
ST001645,C0364,2026-03-01 00:00:00,The dashboard is loading slowly.,Performance,47.64,False
ST001646,C0364,2026-03-01 00:00:00,It would be useful to have this feature.,Feature Request,22.88,False
ST001647,C0364,2026-03-23 10:27:29,I have a question about the product.,Other,44.16,True
ST001648,C0364,2026-03-01 00:00:00,The integration keeps failing.,Integration,48.46,False
ST001649,C0365,2026-04-25 03:10:11,The integration keeps failing.,Integration,69.8,True
ST001650,C0365,2026-03-09 16:38:33,I have a question about the product.,Other,26.84,True
ST001651,C0366,2026-04-22 00:00:00,I have a question about the product.,Other,32.65,True
ST001652,C0366,2026-04-22 00:00:00,Our integration stopped working.,Integration,68.17,True
ST001653,C0366,2026-04-22 00:00:00,I have a question about the product.,Other,3.01,True
ST001654,C0366,2026-04-22 00:00:00,Can you add more options to the dashboard?,Feature Request,15.27,True
ST001655,C0367,2026-04-29 00:00:00,It would be useful to have this feature.,Feature Request,6.69,True
ST001656,C0367,2026-04-29 00:00:00,Can you add more options to the dashboard?,Feature Request,45.83,False
ST001657,C0367,2026-04-29 00:00:00,I need help with something.,Other,39.38,True
ST001658,C0367,2026-04-29 00:00:00,I need help with something.,Other,59.79,True
ST001659,C0367,2026-04-29 00:00:00,I need help with something.,Other,65.8,True
ST001660,C0367,2026-04-29 00:00:00,We are having problems connecting our tools.,Integration,5.54,True
ST001661,C0368,2026-01-16 04:00:02,We are having problems connecting our tools.,Integration,66.29,True
ST001662,C0368,2026-02-12 09:58:59,We are having problems connecting our tools.,Integration,23.42,True
ST001663,C0368,2026-02-16 02:45:25,The integration keeps failing.,Integration,24.58,True
ST001664,C0368,2026-01-25 23:09:28,The application has become slower recently.,Performance,2.87,True
ST001665,C0369,2026-03-16 02:09:38,I found a bug in the dashboard.,Bug,4.3,True
ST001666,C0369,2026-03-17 10:21:46,The integration keeps failing.,Integration,5.65,True
ST001667,C0370,2026-04-14 00:00:00,I found a bug in the dashboard.,Bug,57.98,True
ST001668,C0370,2026-04-14 00:00:00,I cannot access my account.,Account,23.12,True
ST001669,C0370,2026-04-14 00:00:00,I was charged incorrectly this month.,Billing,55.74,True
ST001670,C0370,2026-04-14 00:00:00,I need help with something.,Other,21.17,True
ST001671,C0370,2026-04-14 00:00:00,I need help with something.,Other,41.1,False
ST001672,C0370,2026-04-27 13:49:38,I need help with something.,Other,10.19,True
ST001673,C0371,2026-04-21 00:00:00,I need help with something.,Other,33.29,True
ST001674,C0371,2026-04-21 00:00:00,I need help changing our account settings.,Account,63.54,True
ST001675,C0371,2026-04-21 00:00:00,It would be useful to have this feature.,Feature Request,34.44,True
ST001676,C0371,2026-04-21 00:00:00,I need help with something.,Other,20.88,True
ST001677,C0371,2026-04-21 00:00:00,Can you add more options to the dashboard?,Feature Request,71.84,True
ST001678,C0371,2026-04-24 17:21:48,Why was my payment charged twice?,Billing,37.99,False
ST001679,C0372,2026-04-20 00:00:00,We are having problems connecting our tools.,Integration,58.47,True
ST001680,C0372,2026-04-20 00:00:00,Why was my payment charged twice?,Billing,15.71,True
ST001681,C0372,2026-04-20 00:00:00,Can you add more options to the dashboard?,Feature Request,48.22,True
ST001682,C0372,2026-04-20 00:00:00,I was charged incorrectly this month.,Billing,9.55,True
ST001683,C0372,2026-04-20 00:00:00,I need help with something.,Other,53.75,True
ST001684,C0372,2026-04-20 00:00:00,The application has become slower recently.,Performance,55.4,False
ST001685,C0372,2026-04-20 00:00:00,I have a question about my invoice.,Billing,62.06,True
ST001686,C0372,2026-04-20 00:00:00,Can you add more options to the dashboard?,Feature Request,61.63,True
ST001687,C0373,2026-04-08 02:22:05,The dashboard is loading slowly.,Performance,71.04,True
ST001688,C0374,2026-04-24 11:10:00,The integration is not syncing correctly.,Integration,1.59,True
ST001689,C0374,2026-02-20 10:01:46,Why was my payment charged twice?,Billing,31.67,True
ST001690,C0374,2026-01-31 20:55:19,I have a question about the product.,Other,28.28,True
ST001691,C0374,2026-01-29 20:19:31,Can you add more options to the dashboard?,Feature Request,28.97,True
ST001692,C0375,2026-01-30 21:11:38,The application has become slower recently.,Performance,59.79,False
ST001693,C0375,2026-04-11 18:40:21,I need help with something.,Other,67.68,True
ST001694,C0375,2026-01-29 12:54:33,The integration keeps failing.,Integration,20.13,False
ST001695,C0375,2026-03-29 15:09:07,I have a question about the product.,Other,59.55,True
ST001696,C0375,2026-04-14 23:22:29,Our integration stopped working.,Integration,22.96,True
ST001697,C0375,2026-04-24 23:28:00,We are having problems connecting our tools.,Integration,70.13,False
ST001698,C0375,2026-01-19 03:41:34,The integration keeps failing.,Integration,24.34,True
ST001699,C0375,2026-03-30 04:51:37,I was charged incorrectly this month.,Billing,60.94,True
ST001700,C0376,2026-03-25 00:00:00,I have a question about the product.,Other,40.44,True
ST001701,C0376,2026-03-30 05:06:49,The application has become slower recently.,Performance,67.23,True
ST001702,C0376,2026-04-10 03:27:27,The application shows an unexpected error.,Bug,62.26,True
ST001703,C0376,2026-03-25 00:00:00,The dashboard is loading slowly.,Performance,55.73,False
ST001704,C0376,2026-03-25 00:00:00,The dashboard is loading slowly.,Performance,46.49,True
ST001705,C0376,2026-03-25 00:00:00,The integration keeps failing.,Integration,23.91,False
ST001706,C0377,2026-03-11 00:00:00,I found a bug in the dashboard.,Bug,24.0,True
ST001707,C0377,2026-03-11 00:00:00,I have a question about the product.,Other,6.43,False
ST001708,C0377,2026-03-13 20:30:59,I have a question about the product.,Other,53.32,True
ST001709,C0377,2026-03-11 00:00:00,I need help with something.,Other,6.35,True
ST001710,C0377,2026-03-23 13:53:56,I found a bug in the dashboard.,Bug,59.74,True
ST001711,C0378,2026-04-18 00:00:00,It would be useful to have this feature.,Feature Request,10.78,True
ST001712,C0378,2026-04-18 00:00:00,Can you add more options to the dashboard?,Feature Request,23.78,True
ST001713,C0378,2026-04-18 00:00:00,Something is not working correctly.,Bug,10.99,True
ST001714,C0379,2026-01-03 10:14:37,It would be useful to have this feature.,Feature Request,21.92,False
ST001715,C0379,2026-04-18 20:59:41,I have a question about the product.,Other,51.86,True
ST001716,C0379,2026-02-18 20:38:31,I need help with something.,Other,53.86,False
ST001717,C0380,2026-04-27 20:45:27,The integration is not syncing correctly.,Integration,54.34,True
ST001718,C0380,2026-03-11 01:29:07,I cannot access my account.,Account,30.45,True
ST001719,C0380,2026-02-08 10:55:36,I need help with something.,Other,9.03,True
ST001720,C0380,2026-04-09 06:58:20,I need help with something.,Other,3.6,True
ST001721,C0381,2026-04-29 00:00:00,I need help with something.,Other,15.0,False
ST001722,C0381,2026-04-29 00:00:00,I have a question about the product.,Other,65.05,False
ST001723,C0381,2026-04-29 00:00:00,I have a question about the product.,Other,16.79,True
ST001724,C0381,2026-04-29 00:00:00,The application has become slower recently.,Performance,24.53,True
ST001725,C0381,2026-04-29 00:00:00,I have a question about my invoice.,Billing,40.38,True
ST001726,C0381,2026-04-29 00:00:00,Something is not working correctly.,Bug,2.45,True
ST001727,C0382,2026-04-07 00:00:00,We are having problems connecting our tools.,Integration,33.16,True
ST001728,C0383,2026-04-19 00:00:00,The application has become slower recently.,Performance,35.83,True
ST001729,C0383,2026-04-19 00:00:00,I need help with something.,Other,13.74,True
ST001730,C0383,2026-04-19 00:00:00,The application has become slower recently.,Performance,55.24,True
ST001731,C0383,2026-04-19 00:00:00,I cannot access my account.,Account,58.88,False
ST001732,C0383,2026-04-19 00:00:00,The application shows an unexpected error.,Bug,16.36,True
ST001733,C0383,2026-04-19 00:00:00,I need help changing our account settings.,Account,21.95,True
ST001734,C0384,2026-03-30 15:04:27,I have a question about the product.,Other,26.19,False
ST001735,C0384,2026-04-16 20:36:25,The integration keeps failing.,Integration,45.39,True
ST001736,C0384,2026-04-14 21:14:19,Our integration stopped working.,Integration,8.82,True
ST001737,C0384,2026-02-21 13:22:06,Something is not working correctly.,Bug,12.69,True
ST001738,C0384,2026-01-31 00:00:00,The integration is not syncing correctly.,Integration,58.43,True
ST001739,C0384,2026-02-23 05:41:14,The application has become slower recently.,Performance,30.48,True
ST001740,C0384,2026-03-12 12:22:49,I have a question about the product.,Other,47.75,True
ST001741,C0385,2026-03-10 22:24:19,I have a question about the product.,Other,68.1,True
ST001742,C0385,2026-02-07 00:03:19,We are having problems connecting our tools.,Integration,9.83,True
ST001743,C0385,2026-04-03 13:01:37,We are having problems connecting our tools.,Integration,45.23,True
ST001744,C0385,2026-02-05 07:40:29,The application shows an unexpected error.,Bug,2.51,False
ST001745,C0385,2026-01-22 00:00:00,I found a bug in the dashboard.,Bug,52.29,True
ST001746,C0385,2026-03-26 11:20:51,I need help with something.,Other,52.36,True
ST001747,C0385,2026-02-05 14:15:50,I have a question about the product.,Other,60.08,False
ST001748,C0386,2026-03-21 14:12:48,I have a question about the product.,Other,20.99,True
ST001749,C0386,2026-04-17 00:33:37,I have a question about the product.,Other,69.42,False
ST001750,C0386,2026-04-20 20:54:39,Something is not working correctly.,Bug,56.68,True
ST001751,C0386,2026-04-15 07:54:14,Why was my payment charged twice?,Billing,60.86,True
ST001752,C0386,2026-04-24 02:03:38,Something is not working correctly.,Bug,36.86,True
ST001753,C0386,2026-02-22 00:00:00,I have a question about my invoice.,Billing,37.19,False
ST001754,C0386,2026-02-22 00:00:00,I have a question about the product.,Other,67.01,False
ST001755,C0386,2026-04-16 04:34:25,I was charged incorrectly this month.,Billing,32.21,True
ST001756,C0387,2026-03-10 14:53:12,I have a question about the product.,Other,34.59,True
ST001757,C0387,2026-03-04 00:00:00,I have a question about my invoice.,Billing,20.22,True
ST001758,C0387,2026-04-13 11:53:56,I need help with something.,Other,21.38,True
ST001759,C0387,2026-03-04 00:00:00,Can you add more options to the dashboard?,Feature Request,46.22,True
ST001760,C0387,2026-03-04 00:00:00,I have a question about my invoice.,Billing,41.75,False
ST001761,C0387,2026-03-04 00:00:00,I need help with something.,Other,19.98,True
ST001762,C0387,2026-03-04 00:00:00,The application shows an unexpected error.,Bug,25.85,True
ST001763,C0388,2026-03-14 17:29:22,It would be useful to have this feature.,Feature Request,44.98,False
ST001764,C0388,2026-03-22 03:09:41,Something is not working correctly.,Bug,3.51,True
ST001765,C0388,2026-03-03 00:00:00,Something is not working correctly.,Bug,10.58,True
ST001766,C0388,2026-03-03 00:00:00,I need help with something.,Other,25.44,True
ST001767,C0388,2026-04-26 15:32:42,I have a question about the product.,Other,8.83,True
ST001768,C0388,2026-03-03 00:00:00,I have a question about the product.,Other,33.61,True
ST001769,C0389,2026-01-28 00:00:00,I have a question about the product.,Other,34.94,True
ST001770,C0389,2026-03-14 09:11:45,I need help changing our account settings.,Account,21.32,True
ST001771,C0389,2026-03-20 02:06:31,The integration keeps failing.,Integration,5.5,True
ST001772,C0389,2026-03-22 15:52:45,Can you add more options to the dashboard?,Feature Request,16.37,False
ST001773,C0390,2026-04-21 00:00:00,The dashboard is loading slowly.,Performance,35.89,True
ST001774,C0390,2026-04-21 00:00:00,Why was my payment charged twice?,Billing,15.72,False
ST001775,C0391,2026-02-21 00:00:00,I have a question about the product.,Other,64.75,False
ST001776,C0391,2026-04-25 05:52:50,I have a question about my invoice.,Billing,32.76,True
ST001777,C0391,2026-04-15 04:26:40,I was charged incorrectly this month.,Billing,71.78,True
ST001778,C0391,2026-02-21 00:00:00,I have a question about the product.,Other,64.71,False
ST001779,C0391,2026-02-21 00:00:00,Our integration stopped working.,Integration,43.13,True
ST001780,C0391,2026-04-19 02:23:44,Something is not working correctly.,Bug,2.68,False
ST001781,C0391,2026-03-11 03:41:09,I need help with something.,Other,34.76,True
ST001782,C0392,2026-04-26 00:00:00,I have a question about my invoice.,Billing,57.01,True
ST001783,C0392,2026-04-26 00:00:00,I need help with something.,Other,51.97,False
ST001784,C0392,2026-04-26 00:00:00,Something is not working correctly.,Bug,19.56,True
ST001785,C0392,2026-04-26 00:00:00,Something is not working correctly.,Bug,33.53,False
ST001786,C0392,2026-04-26 00:00:00,I have a question about the product.,Other,4.43,False
ST001787,C0392,2026-04-26 00:00:00,I need help with something.,Other,12.24,True
ST001788,C0392,2026-04-26 00:00:00,I need help with something.,Other,43.97,True
ST001789,C0392,2026-04-26 00:00:00,It would be useful to have this feature.,Feature Request,48.5,True
ST001790,C0393,2026-02-26 15:32:04,The application has become slower recently.,Performance,51.29,True
ST001791,C0393,2026-02-28 12:44:57,I need help changing our account settings.,Account,21.71,True
ST001792,C0393,2026-03-03 10:02:31,The application has become slower recently.,Performance,4.12,True
ST001793,C0393,2026-03-05 16:30:00,I found a bug in the dashboard.,Bug,43.96,False
ST001794,C0393,2026-01-31 13:32:51,Why was my payment charged twice?,Billing,62.44,True
ST001795,C0393,2026-03-23 01:34:46,I need help with something.,Other,46.63,True
ST001796,C0393,2026-02-02 06:22:24,The integration is not syncing correctly.,Integration,21.64,True
ST001797,C0394,2026-04-29 08:46:01,I have a question about the product.,Other,35.43,True
ST001798,C0394,2026-02-23 00:05:04,The integration is not syncing correctly.,Integration,4.52,False
ST001799,C0395,2026-02-18 00:00:00,I need help with something.,Other,32.91,False
ST001800,C0395,2026-04-23 23:15:55,The integration is not syncing correctly.,Integration,8.74,False
ST001801,C0395,2026-02-25 17:34:02,The dashboard is loading slowly.,Performance,35.59,True
ST001802,C0395,2026-02-18 00:00:00,I need help with something.,Other,48.54,False
ST001803,C0396,2026-01-22 04:19:51,I have a question about the product.,Other,48.84,False
ST001804,C0396,2026-04-21 06:15:44,The application shows an unexpected error.,Bug,66.5,True
ST001805,C0397,2026-03-30 12:00:21,I need help with something.,Other,69.6,True
ST001806,C0397,2026-02-19 00:00:00,I have a question about the product.,Other,37.53,False
ST001807,C0397,2026-03-07 07:25:17,I have a question about the product.,Other,21.17,True
ST001808,C0397,2026-04-25 06:27:51,I was charged incorrectly this month.,Billing,62.39,True
ST001809,C0397,2026-02-19 00:30:29,I found a bug in the dashboard.,Bug,65.27,False
ST001810,C0397,2026-02-19 00:00:00,Why was my payment charged twice?,Billing,35.87,True
ST001811,C0397,2026-03-18 18:54:29,The application has become slower recently.,Performance,7.45,False
ST001812,C0397,2026-04-07 07:27:34,Can you add more options to the dashboard?,Feature Request,16.14,False
ST001813,C0398,2026-04-01 05:42:51,I need help with something.,Other,70.16,True
ST001814,C0398,2026-04-12 16:12:26,I cannot access my account.,Account,38.56,True
ST001815,C0398,2026-03-25 03:57:56,I need help with something.,Other,39.51,True
ST001816,C0398,2026-04-09 05:44:46,I cannot access my account.,Account,56.47,True
ST001817,C0398,2026-02-15 04:47:06,I have a question about the product.,Other,25.54,False
ST001818,C0398,2026-03-21 13:21:51,I cannot access my account.,Account,53.12,True
ST001819,C0398,2026-03-04 09:26:21,I found a bug in the dashboard.,Bug,63.08,True
ST001820,C0398,2026-02-14 22:50:18,The dashboard is loading slowly.,Performance,27.59,True
ST001821,C0399,2026-04-29 00:00:00,I need help with something.,Other,43.24,False
ST001822,C0399,2026-04-29 00:00:00,The application shows an unexpected error.,Bug,62.64,True
ST001823,C0399,2026-04-29 00:00:00,I need help with something.,Other,9.56,True
ST001824,C0400,2026-04-18 00:23:34,I need help changing our account settings.,Account,49.54,False
ST001825,C0400,2026-04-11 00:00:00,I cannot access my account.,Account,60.16,True
ST001826,C0401,2026-04-28 03:31:44,I found a bug in the dashboard.,Bug,53.47,True
ST001827,C0401,2026-04-17 10:53:53,Why was my payment charged twice?,Billing,46.41,True
ST001828,C0401,2026-04-11 00:00:00,The application has become slower recently.,Performance,5.68,True
ST001829,C0401,2026-04-11 00:00:00,The application has become slower recently.,Performance,45.26,True
ST001830,C0401,2026-04-11 00:00:00,We are having problems connecting our tools.,Integration,47.04,True
ST001831,C0401,2026-04-11 00:00:00,I found a bug in the dashboard.,Bug,40.22,False
ST001832,C0401,2026-04-11 00:00:00,The application shows an unexpected error.,Bug,15.74,False
ST001833,C0401,2026-04-11 00:00:00,I have a question about the product.,Other,40.03,False
ST001834,C0402,2026-02-28 00:00:00,I have a question about the product.,Other,8.66,True
ST001835,C0402,2026-04-17 11:02:11,The dashboard is loading slowly.,Performance,34.32,False
ST001836,C0402,2026-03-27 00:49:44,I need help with something.,Other,24.23,True
ST001837,C0402,2026-02-28 00:00:00,I found a bug in the dashboard.,Bug,31.7,True
ST001838,C0402,2026-04-03 18:56:03,I need help with something.,Other,22.21,True
ST001839,C0402,2026-04-27 04:09:16,The integration is not syncing correctly.,Integration,64.69,True
ST001840,C0402,2026-04-17 14:26:19,I have a question about the product.,Other,16.15,True
ST001841,C0403,2026-02-25 08:02:09,I cannot access my account.,Account,60.59,True
ST001842,C0404,2026-04-26 07:19:05,It would be useful to have this feature.,Feature Request,24.33,True
ST001843,C0404,2026-02-24 00:00:00,I cannot access my account.,Account,52.99,False
ST001844,C0404,2026-03-27 10:02:51,I was charged incorrectly this month.,Billing,51.13,True
ST001845,C0404,2026-02-24 00:00:00,I cannot access my account.,Account,36.4,True
ST001846,C0404,2026-03-08 03:49:54,Why was my payment charged twice?,Billing,24.17,True
ST001847,C0404,2026-02-24 00:00:00,I have a question about the product.,Other,9.02,True
ST001848,C0404,2026-03-30 03:28:51,Our integration stopped working.,Integration,57.46,True
ST001849,C0405,2026-04-18 17:54:25,I was charged incorrectly this month.,Billing,29.0,True
ST001850,C0405,2026-03-31 00:00:00,I have a question about my invoice.,Billing,22.35,True
ST001851,C0405,2026-03-31 00:00:00,The integration is not syncing correctly.,Integration,16.87,True
ST001852,C0406,2026-04-04 00:00:00,Something is not working correctly.,Bug,23.4,True
ST001853,C0406,2026-04-04 00:00:00,We are having problems connecting our tools.,Integration,50.39,True
ST001854,C0406,2026-04-04 00:00:00,I need help changing our account settings.,Account,43.03,False
ST001855,C0406,2026-04-04 00:00:00,I have a question about the product.,Other,42.49,True
ST001856,C0406,2026-04-22 08:03:22,I have a question about the product.,Other,67.97,True
ST001857,C0406,2026-04-04 00:00:00,The integration is not syncing correctly.,Integration,23.41,True
ST001858,C0406,2026-04-04 00:00:00,I have a question about my invoice.,Billing,7.74,True
ST001859,C0406,2026-04-04 00:00:00,It would be useful to have this feature.,Feature Request,1.24,True
ST001860,C0407,2026-04-11 00:00:00,The integration keeps failing.,Integration,1.98,False
ST001861,C0408,2026-03-13 00:00:00,Something is not working correctly.,Bug,37.98,False
ST001862,C0408,2026-03-13 00:00:00,I cannot access my account.,Account,65.14,True
ST001863,C0408,2026-03-13 00:00:00,Something is not working correctly.,Bug,71.28,True
ST001864,C0408,2026-03-13 00:00:00,I need help with something.,Other,12.11,True
ST001865,C0408,2026-03-13 00:00:00,I need help changing our account settings.,Account,58.7,True
ST001866,C0409,2026-03-26 00:00:00,I need help with something.,Other,8.62,True
ST001867,C0409,2026-03-26 00:00:00,I have a question about the product.,Other,26.1,True
ST001868,C0409,2026-04-15 22:16:31,It would be useful to have this feature.,Feature Request,9.69,True
ST001869,C0409,2026-03-26 00:00:00,I cannot access my account.,Account,52.41,True
ST001870,C0409,2026-03-26 00:00:00,The dashboard is loading slowly.,Performance,6.01,True
ST001871,C0409,2026-04-16 17:45:05,The application shows an unexpected error.,Bug,54.69,True
ST001872,C0409,2026-04-02 13:56:29,I have a question about the product.,Other,6.54,True
ST001873,C0409,2026-03-26 00:00:00,I have a question about the product.,Other,6.11,True
ST001874,C0410,2026-04-23 10:08:50,I have a question about the product.,Other,33.02,True
ST001875,C0410,2026-04-02 00:00:00,The dashboard is loading slowly.,Performance,13.45,True
ST001876,C0410,2026-04-02 00:00:00,I have a question about the product.,Other,43.12,False
ST001877,C0411,2026-03-04 00:00:00,I need help with something.,Other,13.41,True
ST001878,C0411,2026-03-04 00:00:00,The dashboard is loading slowly.,Performance,47.21,False
ST001879,C0411,2026-03-04 00:00:00,Why was my payment charged twice?,Billing,8.43,True
ST001880,C0411,2026-03-22 02:37:48,I have a question about my invoice.,Billing,10.75,True
ST001881,C0412,2026-04-14 04:35:02,I have a question about the product.,Other,15.81,False
ST001882,C0412,2026-03-12 10:13:55,I have a question about my invoice.,Billing,25.67,False
ST001883,C0412,2026-02-21 14:34:24,It would be useful to have this feature.,Feature Request,67.73,False
ST001884,C0413,2026-03-21 02:15:14,I have a question about the product.,Other,25.35,True
ST001885,C0413,2026-02-25 01:23:26,Something is not working correctly.,Bug,50.95,True
ST001886,C0413,2026-03-15 04:59:26,We are having problems connecting our tools.,Integration,12.9,False
ST001887,C0413,2026-02-27 03:41:03,I cannot access my account.,Account,51.95,True
ST001888,C0413,2026-01-25 00:00:00,Can you add more options to the dashboard?,Feature Request,6.85,True
ST001889,C0414,2026-04-26 03:18:23,The dashboard is loading slowly.,Performance,47.57,True
ST001890,C0414,2026-02-07 00:00:00,It would be useful to have this feature.,Feature Request,26.47,True
ST001891,C0415,2026-02-09 17:25:23,It would be useful to have this feature.,Feature Request,35.57,False
ST001892,C0415,2026-01-28 00:00:00,I have a question about the product.,Other,38.42,True
ST001893,C0415,2026-03-29 06:49:30,Something is not working correctly.,Bug,21.85,False
ST001894,C0416,2026-02-14 03:07:16,Why was my payment charged twice?,Billing,35.5,True
ST001895,C0416,2026-01-24 02:36:11,The integration keeps failing.,Integration,22.49,True
ST001896,C0416,2026-01-11 07:47:31,I have a question about the product.,Other,43.44,True
ST001897,C0416,2026-02-01 19:45:20,The dashboard is loading slowly.,Performance,43.52,True
ST001898,C0416,2026-01-09 19:06:25,I need help with something.,Other,8.88,False
ST001899,C0416,2026-02-26 10:26:59,Our integration stopped working.,Integration,6.29,False
ST001900,C0416,2026-01-28 01:10:31,Something is not working correctly.,Bug,25.05,True
ST001901,C0417,2026-03-16 00:00:00,I need help with something.,Other,54.06,True
ST001902,C0418,2026-04-05 00:00:00,I need help with something.,Other,24.59,True
ST001903,C0418,2026-04-05 00:00:00,I need help changing our account settings.,Account,20.71,True
ST001904,C0418,2026-04-05 00:00:00,The integration keeps failing.,Integration,53.68,True
ST001905,C0419,2026-03-11 00:00:00,I have a question about the product.,Other,39.9,True
ST001906,C0419,2026-04-24 21:52:24,The application has become slower recently.,Performance,22.83,True
ST001907,C0419,2026-03-11 00:00:00,I have a question about the product.,Other,1.34,True
ST001908,C0419,2026-03-11 00:00:00,Our integration stopped working.,Integration,20.09,True
ST001909,C0419,2026-04-08 06:30:55,I have a question about the product.,Other,37.61,True
ST001910,C0419,2026-03-11 00:00:00,The application has become slower recently.,Performance,29.21,False
ST001911,C0420,2026-02-16 12:50:16,It would be useful to have this feature.,Feature Request,24.6,True
ST001912,C0420,2026-02-10 06:46:24,I have a question about the product.,Other,47.17,True
ST001913,C0420,2026-04-03 20:47:04,The integration is not syncing correctly.,Integration,8.99,True
ST001914,C0420,2026-02-15 10:49:05,I cannot access my account.,Account,62.18,False
ST001915,C0421,2026-04-06 00:00:00,I have a question about my invoice.,Billing,2.51,True
ST001916,C0421,2026-04-06 00:00:00,I have a question about the product.,Other,29.19,False
ST001917,C0421,2026-04-10 00:18:53,I was charged incorrectly this month.,Billing,47.93,False
ST001918,C0421,2026-04-06 00:00:00,I cannot access my account.,Account,11.01,True
ST001919,C0421,2026-04-06 00:00:00,I cannot access my account.,Account,48.54,False
ST001920,C0422,2026-02-24 09:35:18,Can you add more options to the dashboard?,Feature Request,48.55,True
ST001921,C0422,2026-02-10 00:00:00,I was charged incorrectly this month.,Billing,30.25,False
ST001922,C0423,2026-02-04 22:47:25,I have a question about the product.,Other,35.14,True
ST001923,C0423,2026-01-19 07:46:50,I have a question about the product.,Other,65.17,True
ST001924,C0423,2026-04-04 15:20:32,The application shows an unexpected error.,Bug,42.29,True
ST001925,C0423,2026-02-07 10:08:18,I need help with something.,Other,36.28,True
ST001926,C0423,2026-01-30 02:42:36,I have a question about my invoice.,Billing,7.62,False
ST001927,C0423,2026-03-03 09:27:46,I need help with something.,Other,68.98,False
ST001928,C0423,2026-02-02 16:57:11,I have a question about my invoice.,Billing,36.1,True
ST001929,C0424,2026-04-10 14:43:42,The integration is not syncing correctly.,Integration,28.11,True
ST001930,C0425,2026-03-30 14:56:07,I was charged incorrectly this month.,Billing,3.02,True
ST001931,C0425,2026-03-27 09:19:49,The integration keeps failing.,Integration,39.96,True
ST001932,C0425,2026-03-16 00:00:00,I need help changing our account settings.,Account,22.09,True
ST001933,C0425,2026-03-16 00:00:00,Can you add more options to the dashboard?,Feature Request,3.51,True
ST001934,C0426,2026-03-03 00:00:00,We are having problems connecting our tools.,Integration,64.61,True
ST001935,C0426,2026-04-20 10:05:39,I have a question about the product.,Other,16.29,True
ST001936,C0426,2026-03-06 23:34:04,The application shows an unexpected error.,Bug,19.32,True
ST001937,C0426,2026-03-03 00:00:00,It would be useful to have this feature.,Feature Request,71.99,True
ST001938,C0426,2026-03-28 22:49:58,I cannot access my account.,Account,4.89,False
ST001939,C0426,2026-03-21 21:36:38,Can you add more options to the dashboard?,Feature Request,13.38,True
ST001940,C0426,2026-03-03 00:00:00,It would be useful to have this feature.,Feature Request,40.21,True
ST001941,C0427,2026-03-06 00:00:00,I found a bug in the dashboard.,Bug,55.63,False
ST001942,C0428,2026-04-28 00:00:00,We are having problems connecting our tools.,Integration,48.69,True
ST001943,C0428,2026-04-28 00:00:00,Something is not working correctly.,Bug,68.79,False
ST001944,C0428,2026-04-28 00:00:00,I cannot access my account.,Account,22.22,False
ST001945,C0428,2026-04-28 00:00:00,Something is not working correctly.,Bug,65.46,True
ST001946,C0428,2026-04-28 00:00:00,I have a question about my invoice.,Billing,49.59,True
ST001947,C0428,2026-04-28 00:00:00,I need help changing our account settings.,Account,67.91,True
ST001948,C0428,2026-04-28 00:00:00,I was charged incorrectly this month.,Billing,5.29,True
ST001949,C0429,2026-04-20 00:00:00,I need help with something.,Other,49.2,False
ST001950,C0429,2026-04-21 18:18:41,Something is not working correctly.,Bug,71.09,True
ST001951,C0429,2026-04-20 00:00:00,Why was my payment charged twice?,Billing,62.34,False
ST001952,C0429,2026-04-20 00:00:00,Can you add more options to the dashboard?,Feature Request,18.33,True
ST001953,C0429,2026-04-20 00:00:00,I cannot access my account.,Account,50.04,True
ST001954,C0430,2026-03-13 02:44:03,I need help with something.,Other,9.09,True
ST001955,C0430,2026-03-09 00:00:00,The dashboard is loading slowly.,Performance,8.73,True
ST001956,C0430,2026-03-09 00:00:00,The dashboard is loading slowly.,Performance,62.93,True
ST001957,C0430,2026-03-09 00:00:00,It would be useful to have this feature.,Feature Request,10.09,True
ST001958,C0430,2026-03-11 23:28:26,I was charged incorrectly this month.,Billing,49.24,True
ST001959,C0430,2026-03-09 00:00:00,The application shows an unexpected error.,Bug,29.82,True
ST001960,C0431,2026-04-01 11:59:25,We are having problems connecting our tools.,Integration,44.39,True
ST001961,C0431,2026-02-11 02:35:52,I have a question about the product.,Other,35.03,True
ST001962,C0431,2026-03-30 13:32:34,Our integration stopped working.,Integration,15.4,False
ST001963,C0431,2026-02-21 18:09:11,I need help with something.,Other,38.17,True
ST001964,C0431,2026-02-01 18:06:13,I need help with something.,Other,66.62,False
ST001965,C0431,2026-03-24 00:23:46,I cannot access my account.,Account,38.58,True
ST001966,C0431,2026-03-03 02:07:31,I was charged incorrectly this month.,Billing,43.12,False
ST001967,C0432,2026-01-26 09:19:05,I have a question about the product.,Other,36.66,False
ST001968,C0432,2026-01-08 00:00:00,Our integration stopped working.,Integration,57.12,True
ST001969,C0432,2026-03-03 08:46:56,I need help with something.,Other,28.3,True
ST001970,C0432,2026-01-20 01:56:34,I need help with something.,Other,12.89,True
ST001971,C0432,2026-03-09 11:09:53,Our integration stopped working.,Integration,23.28,False
ST001972,C0432,2026-01-10 13:58:39,I need help changing our account settings.,Account,34.17,False
ST001973,C0432,2026-04-13 08:14:24,I need help changing our account settings.,Account,27.31,True
ST001974,C0432,2026-04-02 05:26:27,The application has become slower recently.,Performance,5.7,True
ST001975,C0433,2026-03-07 00:00:00,It would be useful to have this feature.,Feature Request,37.0,True
ST001976,C0434,2026-04-15 02:43:39,I found a bug in the dashboard.,Bug,42.83,False
ST001977,C0434,2026-02-23 08:53:11,I need help with something.,Other,2.43,True
ST001978,C0434,2026-01-11 00:00:00,Why was my payment charged twice?,Billing,40.86,False
ST001979,C0434,2026-03-17 08:22:53,Our integration stopped working.,Integration,26.66,True
ST001980,C0434,2026-02-28 10:46:52,I have a question about the product.,Other,60.87,True
ST001981,C0435,2026-04-19 00:00:00,We are having problems connecting our tools.,Integration,24.12,True
ST001982,C0435,2026-04-19 00:00:00,Our integration stopped working.,Integration,17.78,True
ST001983,C0435,2026-04-19 00:00:00,I need help changing our account settings.,Account,44.7,True
ST001984,C0435,2026-04-19 00:00:00,I need help changing our account settings.,Account,42.37,False
ST001985,C0435,2026-04-19 00:00:00,I need help with something.,Other,25.95,True
ST001986,C0435,2026-04-19 00:00:00,I need help with something.,Other,9.61,False
ST001987,C0435,2026-04-19 00:00:00,Can you add more options to the dashboard?,Feature Request,53.57,True
ST001988,C0436,2026-04-07 23:37:44,I found a bug in the dashboard.,Bug,9.77,True
ST001989,C0436,2026-02-06 01:00:13,The dashboard is loading slowly.,Performance,18.07,True
ST001990,C0436,2026-03-21 06:05:15,The dashboard is loading slowly.,Performance,19.2,True
ST001991,C0437,2026-02-20 15:08:54,I have a question about the product.,Other,44.25,False
ST001992,C0437,2026-01-09 00:00:00,We are having problems connecting our tools.,Integration,13.98,True
ST001993,C0437,2026-01-09 00:00:00,I was charged incorrectly this month.,Billing,13.28,False
ST001994,C0437,2026-03-31 15:05:38,It would be useful to have this feature.,Feature Request,7.52,False
ST001995,C0437,2026-01-09 00:00:00,The application has become slower recently.,Performance,32.76,True
ST001996,C0438,2026-04-07 19:00:56,I need help with something.,Other,47.78,True
ST001997,C0438,2026-03-18 00:00:00,It would be useful to have this feature.,Feature Request,68.14,True
ST001998,C0438,2026-03-18 00:00:00,Why was my payment charged twice?,Billing,18.16,True
ST001999,C0439,2026-01-09 10:48:26,The dashboard is loading slowly.,Performance,20.2,True
ST002000,C0440,2026-03-28 00:00:00,I cannot access my account.,Account,12.93,False
ST002001,C0440,2026-03-28 00:00:00,I cannot access my account.,Account,47.26,True
ST002002,C0440,2026-03-28 00:00:00,The integration keeps failing.,Integration,4.49,False
ST002003,C0441,2026-04-21 00:00:00,The application shows an unexpected error.,Bug,38.47,False
ST002004,C0441,2026-04-27 02:20:02,I found a bug in the dashboard.,Bug,56.71,True
ST002005,C0441,2026-04-21 00:00:00,The integration keeps failing.,Integration,64.65,True
ST002006,C0442,2026-03-28 21:27:46,Can you add more options to the dashboard?,Feature Request,66.99,True
ST002007,C0442,2026-03-09 21:27:37,The application shows an unexpected error.,Bug,28.81,True
ST002008,C0442,2026-01-31 14:56:32,I need help with something.,Other,42.32,True
ST002009,C0442,2026-04-08 05:00:46,Our integration stopped working.,Integration,10.87,True
ST002010,C0443,2026-04-25 15:33:58,It would be useful to have this feature.,Feature Request,65.29,True
ST002011,C0444,2026-03-02 12:25:01,Our integration stopped working.,Integration,40.97,True
ST002012,C0444,2026-03-25 12:53:11,I have a question about the product.,Other,44.08,True
ST002013,C0444,2026-03-10 10:19:15,The application has become slower recently.,Performance,23.69,True
ST002014,C0444,2026-04-06 01:52:39,The dashboard is loading slowly.,Performance,42.9,True
ST002015,C0445,2026-04-24 00:00:00,I have a question about the product.,Other,54.91,True
ST002016,C0445,2026-04-24 00:00:00,Something is not working correctly.,Bug,47.5,True
ST002017,C0446,2026-03-14 00:00:00,Our integration stopped working.,Integration,13.47,True
ST002018,C0446,2026-03-19 13:26:01,The dashboard is loading slowly.,Performance,24.96,True
ST002019,C0446,2026-03-14 00:00:00,I need help with something.,Other,52.87,True
ST002020,C0446,2026-03-29 10:22:04,The integration is not syncing correctly.,Integration,54.58,True
ST002021,C0447,2026-04-15 07:03:57,Something is not working correctly.,Bug,69.71,True
ST002022,C0447,2026-02-27 17:41:42,I have a question about the product.,Other,58.14,True
ST002023,C0448,2026-03-16 00:00:00,I was charged incorrectly this month.,Billing,56.47,True
ST002024,C0448,2026-03-17 03:28:53,The dashboard is loading slowly.,Performance,47.73,True
ST002025,C0448,2026-04-26 12:57:01,The integration keeps failing.,Integration,46.68,True
ST002026,C0448,2026-04-19 06:28:17,Why was my payment charged twice?,Billing,59.98,True
ST002027,C0448,2026-04-01 21:58:27,I need help changing our account settings.,Account,34.95,False
ST002028,C0448,2026-03-16 00:00:00,I need help with something.,Other,28.44,True
ST002029,C0449,2026-03-25 01:23:57,I need help with something.,Other,38.88,True
ST002030,C0449,2026-03-25 13:14:58,I need help with something.,Other,30.28,True
ST002031,C0450,2026-01-26 01:23:55,I need help with something.,Other,50.45,True
ST002032,C0450,2026-03-21 13:27:02,I cannot access my account.,Account,52.71,True
ST002033,C0450,2026-02-19 19:37:04,The integration keeps failing.,Integration,67.34,True
ST002034,C0450,2026-02-19 01:57:52,I have a question about the product.,Other,6.9,False
ST002035,C0450,2026-01-09 15:04:51,I was charged incorrectly this month.,Billing,14.85,True
ST002036,C0450,2026-02-12 06:00:56,We are having problems connecting our tools.,Integration,4.92,True
ST002037,C0451,2026-04-22 19:42:03,We are having problems connecting our tools.,Integration,22.94,True
ST002038,C0451,2026-03-21 00:00:00,Our integration stopped working.,Integration,51.33,True
ST002039,C0451,2026-03-21 00:00:00,The integration is not syncing correctly.,Integration,50.52,True
ST002040,C0451,2026-03-26 15:52:23,It would be useful to have this feature.,Feature Request,30.03,True
ST002041,C0451,2026-03-21 00:00:00,Can you add more options to the dashboard?,Feature Request,40.09,False
ST002042,C0451,2026-04-11 17:20:51,Something is not working correctly.,Bug,50.01,True
ST002043,C0451,2026-03-23 10:52:19,I need help with something.,Other,54.97,False
ST002044,C0452,2026-03-18 19:48:37,We are having problems connecting our tools.,Integration,52.81,True
ST002045,C0452,2026-01-26 00:04:33,The integration is not syncing correctly.,Integration,6.39,False
ST002046,C0452,2026-03-04 14:40:25,Can you add more options to the dashboard?,Feature Request,4.24,True
ST002047,C0452,2026-03-20 04:15:30,I need help with something.,Other,36.64,True
ST002048,C0452,2026-03-03 00:51:11,Our integration stopped working.,Integration,39.47,True
ST002049,C0452,2026-02-16 11:21:06,It would be useful to have this feature.,Feature Request,52.75,False
ST002050,C0453,2026-02-23 00:00:00,I found a bug in the dashboard.,Bug,7.8,True
ST002051,C0453,2026-02-23 00:00:00,I have a question about the product.,Other,22.18,True
ST002052,C0453,2026-02-23 00:00:00,I need help with something.,Other,31.65,False
ST002053,C0453,2026-02-23 00:00:00,We are having problems connecting our tools.,Integration,27.7,True
ST002054,C0453,2026-04-21 00:37:56,Why was my payment charged twice?,Billing,5.77,False
ST002055,C0454,2026-03-26 00:00:00,Can you add more options to the dashboard?,Feature Request,38.46,False
ST002056,C0455,2026-04-03 06:43:27,The dashboard is loading slowly.,Performance,54.57,False
ST002057,C0455,2026-03-22 16:01:54,It would be useful to have this feature.,Feature Request,26.9,True
ST002058,C0455,2026-04-04 04:05:58,I need help with something.,Other,65.73,True
ST002059,C0455,2026-03-27 03:58:37,The integration keeps failing.,Integration,57.54,True
ST002060,C0455,2026-03-16 00:00:00,Why was my payment charged twice?,Billing,51.45,True
ST002061,C0456,2026-03-14 00:00:00,Our integration stopped working.,Integration,17.84,False
ST002062,C0457,2026-03-11 00:50:05,It would be useful to have this feature.,Feature Request,20.11,True
ST002063,C0457,2026-03-08 00:00:00,Can you add more options to the dashboard?,Feature Request,59.29,False
ST002064,C0457,2026-03-08 00:00:00,I was charged incorrectly this month.,Billing,38.45,True
ST002065,C0457,2026-03-08 23:32:53,I found a bug in the dashboard.,Bug,8.94,True
ST002066,C0457,2026-03-22 15:40:34,The dashboard is loading slowly.,Performance,23.53,True
ST002067,C0457,2026-04-29 00:54:37,The dashboard is loading slowly.,Performance,20.92,True
ST002068,C0457,2026-03-08 00:00:00,I was charged incorrectly this month.,Billing,36.9,True
ST002069,C0458,2026-03-05 19:17:07,I need help changing our account settings.,Account,50.42,False
ST002070,C0458,2026-02-28 12:00:21,I need help with something.,Other,8.72,True
ST002071,C0458,2026-04-11 16:42:10,Something is not working correctly.,Bug,3.45,True
ST002072,C0458,2026-04-29 19:02:25,I was charged incorrectly this month.,Billing,25.55,True
ST002073,C0458,2026-02-10 00:00:00,Something is not working correctly.,Bug,60.03,True
ST002074,C0459,2026-04-30 00:00:00,Something is not working correctly.,Bug,49.47,True
ST002075,C0459,2026-04-30 00:00:00,I cannot access my account.,Account,19.62,True
ST002076,C0459,2026-04-30 00:00:00,I have a question about the product.,Other,20.51,False
ST002077,C0460,2026-02-03 00:00:00,I need help with something.,Other,23.61,True
ST002078,C0461,2026-02-23 06:56:48,The application has become slower recently.,Performance,29.24,True
ST002079,C0461,2026-04-17 01:23:34,Our integration stopped working.,Integration,59.54,True
ST002080,C0461,2026-01-27 00:00:00,The integration is not syncing correctly.,Integration,50.5,True
ST002081,C0462,2026-03-27 00:00:00,I have a question about my invoice.,Billing,49.62,True
ST002082,C0462,2026-03-27 00:00:00,I have a question about the product.,Other,45.65,True
ST002083,C0462,2026-03-27 00:00:00,Why was my payment charged twice?,Billing,43.86,True
ST002084,C0462,2026-03-27 00:00:00,The integration is not syncing correctly.,Integration,50.87,True
ST002085,C0462,2026-04-18 03:44:24,I have a question about my invoice.,Billing,61.27,False
ST002086,C0463,2026-04-02 00:00:00,Can you add more options to the dashboard?,Feature Request,32.84,True
ST002087,C0463,2026-04-02 00:00:00,I found a bug in the dashboard.,Bug,23.61,True
ST002088,C0463,2026-04-03 07:52:18,We are having problems connecting our tools.,Integration,26.65,True
ST002089,C0463,2026-04-02 00:00:00,Something is not working correctly.,Bug,35.6,True
ST002090,C0464,2026-02-10 00:00:00,Why was my payment charged twice?,Billing,36.06,True
ST002091,C0464,2026-02-10 00:00:00,I have a question about my invoice.,Billing,39.17,True
ST002092,C0464,2026-02-13 01:32:07,The integration keeps failing.,Integration,1.26,True
ST002093,C0464,2026-03-04 18:44:49,I need help with something.,Other,24.28,True
ST002094,C0464,2026-02-10 00:00:00,I have a question about the product.,Other,32.92,True
ST002095,C0465,2026-02-06 16:26:39,The application has become slower recently.,Performance,44.92,True
ST002096,C0465,2026-04-19 18:15:16,It would be useful to have this feature.,Feature Request,49.23,True
ST002097,C0466,2026-03-22 04:00:29,We are having problems connecting our tools.,Integration,62.46,True
ST002098,C0466,2026-02-03 00:00:00,Can you add more options to the dashboard?,Feature Request,37.08,True
ST002099,C0466,2026-04-26 11:31:02,I need help with something.,Other,61.22,True
ST002100,C0466,2026-02-16 21:59:48,The application has become slower recently.,Performance,62.72,True
ST002101,C0466,2026-03-19 17:03:01,The dashboard is loading slowly.,Performance,40.32,True
ST002102,C0466,2026-03-22 10:37:37,The dashboard is loading slowly.,Performance,57.46,True
ST002103,C0466,2026-02-03 00:00:00,The application shows an unexpected error.,Bug,13.45,False
ST002104,C0466,2026-02-03 00:00:00,I need help with something.,Other,47.07,True
ST002105,C0467,2026-03-10 10:36:24,I need help with something.,Other,48.12,False
ST002106,C0468,2026-03-25 02:06:01,The integration is not syncing correctly.,Integration,58.29,True
ST002107,C0468,2026-04-01 07:55:42,I have a question about the product.,Other,44.76,True
ST002108,C0468,2026-03-19 18:58:05,Our integration stopped working.,Integration,50.63,True
ST002109,C0468,2026-02-15 20:37:38,I found a bug in the dashboard.,Bug,5.07,True
ST002110,C0468,2026-01-25 07:40:31,The application shows an unexpected error.,Bug,13.56,True
ST002111,C0468,2026-01-20 15:50:09,I need help with something.,Other,31.11,False
ST002112,C0469,2026-04-13 01:28:08,I have a question about the product.,Other,47.7,True
ST002113,C0469,2026-04-08 09:01:56,Something is not working correctly.,Bug,61.49,True
ST002114,C0469,2026-03-27 00:00:00,The integration is not syncing correctly.,Integration,22.0,True
ST002115,C0470,2026-03-24 00:00:00,I have a question about the product.,Other,65.35,True
ST002116,C0470,2026-03-24 00:00:00,The application has become slower recently.,Performance,26.13,True
ST002117,C0470,2026-04-14 11:28:50,Something is not working correctly.,Bug,16.22,True
ST002118,C0470,2026-03-24 00:00:00,Can you add more options to the dashboard?,Feature Request,68.76,True
ST002119,C0471,2026-03-12 22:18:05,Our integration stopped working.,Integration,13.03,True
ST002120,C0471,2026-02-21 19:00:05,I found a bug in the dashboard.,Bug,25.89,True
ST002121,C0471,2026-04-01 08:04:37,I have a question about the product.,Other,27.23,False
ST002122,C0471,2026-02-08 00:00:00,Our integration stopped working.,Integration,4.53,True
ST002123,C0471,2026-03-18 18:39:51,Our integration stopped working.,Integration,33.48,False
ST002124,C0471,2026-02-08 00:00:00,I cannot access my account.,Account,68.87,True
ST002125,C0471,2026-02-08 00:00:00,I need help with something.,Other,45.24,False
ST002126,C0472,2026-03-15 19:42:47,I have a question about the product.,Other,24.67,True
ST002127,C0472,2026-02-28 00:00:00,I have a question about the product.,Other,69.38,True
ST002128,C0473,2026-02-10 00:00:00,I need help with something.,Other,40.52,True
ST002129,C0474,2026-04-29 00:00:00,The application shows an unexpected error.,Bug,20.31,True
ST002130,C0474,2026-04-29 00:00:00,I have a question about the product.,Other,57.6,True
ST002131,C0474,2026-04-29 00:00:00,We are having problems connecting our tools.,Integration,67.93,True
ST002132,C0474,2026-04-29 00:00:00,Our integration stopped working.,Integration,23.76,True
ST002133,C0474,2026-04-29 00:00:00,I found a bug in the dashboard.,Bug,14.27,True
ST002134,C0474,2026-04-29 00:00:00,I have a question about the product.,Other,41.23,True
ST002135,C0474,2026-04-29 00:00:00,I found a bug in the dashboard.,Bug,66.37,True
ST002136,C0474,2026-04-29 00:00:00,The integration keeps failing.,Integration,61.57,True
ST002137,C0475,2026-04-07 00:00:00,The application has become slower recently.,Performance,35.18,False
ST002138,C0475,2026-04-16 09:44:41,Something is not working correctly.,Bug,34.54,True
ST002139,C0476,2026-04-30 00:00:00,Can you add more options to the dashboard?,Feature Request,22.4,False
ST002140,C0476,2026-04-30 00:00:00,The integration keeps failing.,Integration,45.56,True
ST002141,C0476,2026-04-30 00:00:00,Our integration stopped working.,Integration,4.16,True
ST002142,C0476,2026-04-30 00:00:00,I have a question about the product.,Other,1.45,True
ST002143,C0476,2026-04-30 00:00:00,Something is not working correctly.,Bug,48.8,True
ST002144,C0476,2026-04-30 00:00:00,I found a bug in the dashboard.,Bug,34.9,True
ST002145,C0477,2026-02-23 21:18:27,Why was my payment charged twice?,Billing,71.55,False
ST002146,C0477,2026-03-08 10:58:05,I have a question about the product.,Other,53.04,True
ST002147,C0477,2026-04-13 19:19:27,Can you add more options to the dashboard?,Feature Request,67.7,True
ST002148,C0477,2026-04-03 13:18:00,I cannot access my account.,Account,38.49,False
ST002149,C0477,2026-02-17 16:05:08,I was charged incorrectly this month.,Billing,17.71,True
ST002150,C0477,2026-02-22 13:46:59,I need help with something.,Other,37.34,False
ST002151,C0477,2026-01-12 07:10:27,I need help with something.,Other,45.3,True
ST002152,C0478,2026-01-05 14:50:35,I need help with something.,Other,68.29,True
ST002153,C0478,2026-01-25 11:24:49,I was charged incorrectly this month.,Billing,57.46,True
ST002154,C0478,2026-03-03 10:09:58,Our integration stopped working.,Integration,63.3,True
ST002155,C0478,2026-03-31 01:01:21,I need help with something.,Other,53.46,True
ST002156,C0478,2026-01-04 07:34:29,I found a bug in the dashboard.,Bug,53.14,False
ST002157,C0478,2026-01-10 18:20:25,Our integration stopped working.,Integration,58.19,True
ST002158,C0478,2026-01-26 15:19:57,Something is not working correctly.,Bug,2.73,False
ST002159,C0479,2026-03-17 00:38:42,Our integration stopped working.,Integration,29.29,False
ST002160,C0479,2026-02-28 00:00:00,The application has become slower recently.,Performance,50.22,True
ST002161,C0479,2026-03-15 15:12:43,I need help with something.,Other,24.89,True
ST002162,C0479,2026-04-27 14:43:36,Can you add more options to the dashboard?,Feature Request,7.76,True
ST002163,C0479,2026-02-28 00:00:00,Can you add more options to the dashboard?,Feature Request,35.54,False
ST002164,C0479,2026-02-28 00:00:00,The application has become slower recently.,Performance,69.1,True
ST002165,C0479,2026-02-28 00:00:00,Can you add more options to the dashboard?,Feature Request,65.24,True
ST002166,C0479,2026-04-05 23:23:21,I have a question about the product.,Other,8.91,True
ST002167,C0480,2026-03-21 00:00:00,I need help changing our account settings.,Account,17.6,True
ST002168,C0481,2026-04-04 13:09:00,I have a question about my invoice.,Billing,5.74,True
ST002169,C0481,2026-04-23 19:47:49,I need help changing our account settings.,Account,29.56,False
ST002170,C0482,2026-01-27 02:37:13,The application has become slower recently.,Performance,22.92,True
ST002171,C0482,2026-04-27 11:40:31,The integration is not syncing correctly.,Integration,66.58,False
ST002172,C0482,2026-04-24 10:08:47,I cannot access my account.,Account,11.15,True
ST002173,C0482,2026-04-03 10:33:12,We are having problems connecting our tools.,Integration,29.06,True
ST002174,C0482,2026-01-13 00:00:00,I found a bug in the dashboard.,Bug,1.95,False
ST002175,C0482,2026-02-17 03:58:41,It would be useful to have this feature.,Feature Request,33.42,False
ST002176,C0482,2026-01-13 00:00:00,The dashboard is loading slowly.,Performance,55.81,True
ST002177,C0482,2026-02-23 03:36:38,The application shows an unexpected error.,Bug,26.83,False
ST002178,C0483,2026-03-16 22:12:20,I need help with something.,Other,71.21,False
ST002179,C0483,2026-02-18 02:06:38,I have a question about the product.,Other,37.51,True
ST002180,C0483,2026-01-17 04:43:48,The dashboard is loading slowly.,Performance,9.12,True
ST002181,C0483,2026-01-30 15:59:11,I found a bug in the dashboard.,Bug,24.16,False
ST002182,C0483,2026-03-13 22:56:02,I have a question about my invoice.,Billing,17.92,True
ST002183,C0484,2026-03-25 14:16:27,Can you add more options to the dashboard?,Feature Request,17.18,False
ST002184,C0484,2026-03-10 00:00:00,I need help with something.,Other,69.58,True
ST002185,C0484,2026-03-10 00:00:00,Can you add more options to the dashboard?,Feature Request,50.51,False
ST002186,C0484,2026-03-10 00:00:00,The application has become slower recently.,Performance,16.42,False
ST002187,C0485,2026-02-23 21:08:55,Something is not working correctly.,Bug,58.74,False
ST002188,C0485,2026-04-23 08:55:28,The application shows an unexpected error.,Bug,26.76,False
ST002189,C0485,2026-04-29 19:29:13,The integration is not syncing correctly.,Integration,8.2,False
ST002190,C0485,2026-04-21 21:50:08,I have a question about my invoice.,Billing,26.0,True
ST002191,C0486,2026-03-06 00:00:00,Something is not working correctly.,Bug,22.16,True
ST002192,C0486,2026-04-19 00:16:54,I need help with something.,Other,32.78,True
ST002193,C0486,2026-03-06 00:00:00,I need help changing our account settings.,Account,31.05,False
ST002194,C0487,2026-02-14 16:22:08,I have a question about the product.,Other,22.38,True
ST002195,C0487,2026-02-06 07:23:52,We are having problems connecting our tools.,Integration,18.38,True
ST002196,C0487,2026-02-03 00:00:00,I found a bug in the dashboard.,Bug,11.34,True
ST002197,C0487,2026-02-05 18:12:02,We are having problems connecting our tools.,Integration,39.29,True
ST002198,C0488,2026-04-29 07:18:00,The application has become slower recently.,Performance,70.59,True
ST002199,C0488,2026-02-01 11:43:02,I need help changing our account settings.,Account,31.69,False
ST002200,C0488,2026-02-21 12:37:52,The integration is not syncing correctly.,Integration,66.0,False
ST002201,C0488,2026-01-17 00:00:00,The application shows an unexpected error.,Bug,47.95,False
ST002202,C0489,2026-04-30 00:00:00,I have a question about the product.,Other,62.62,True
ST002203,C0489,2026-04-30 00:00:00,I found a bug in the dashboard.,Bug,45.89,True
ST002204,C0489,2026-04-30 00:00:00,I cannot access my account.,Account,25.16,False
ST002205,C0489,2026-04-30 00:00:00,I have a question about the product.,Other,30.19,True
ST002206,C0489,2026-04-30 00:00:00,I have a question about my invoice.,Billing,70.17,True
ST002207,C0489,2026-04-30 00:00:00,Why was my payment charged twice?,Billing,41.09,True
ST002208,C0489,2026-04-30 00:00:00,I need help with something.,Other,27.14,True
ST002209,C0489,2026-04-30 00:00:00,I need help with something.,Other,13.13,True
ST002210,C0490,2026-03-29 17:24:08,Our integration stopped working.,Integration,38.27,True
ST002211,C0490,2026-02-14 00:00:00,I need help with something.,Other,5.1,True
ST002212,C0490,2026-04-15 09:43:02,The application shows an unexpected error.,Bug,7.63,True
ST002213,C0490,2026-04-04 01:07:48,The integration keeps failing.,Integration,65.19,True
ST002214,C0490,2026-02-14 00:00:00,The application shows an unexpected error.,Bug,55.13,True
ST002215,C0490,2026-03-23 11:19:14,Can you add more options to the dashboard?,Feature Request,34.36,False
ST002216,C0491,2026-04-23 00:00:00,I need help with something.,Other,52.98,True
ST002217,C0491,2026-04-23 00:00:00,I need help changing our account settings.,Account,10.41,True
ST002218,C0491,2026-04-23 00:00:00,I have a question about the product.,Other,34.45,True
ST002219,C0491,2026-04-23 00:00:00,I have a question about the product.,Other,24.83,True
ST002220,C0491,2026-04-23 00:00:00,I need help with something.,Other,29.81,True
ST002221,C0492,2026-01-09 00:00:00,Why was my payment charged twice?,Billing,58.41,True
ST002222,C0492,2026-02-02 07:05:04,We are having problems connecting our tools.,Integration,38.35,True
ST002223,C0492,2026-02-03 17:02:00,Our integration stopped working.,Integration,35.82,False
ST002224,C0492,2026-04-29 21:34:45,Something is not working correctly.,Bug,70.1,True
ST002225,C0493,2026-04-26 05:23:01,I need help changing our account settings.,Account,63.16,True
ST002226,C0494,2026-02-01 00:00:00,Something is not working correctly.,Bug,21.28,False
ST002227,C0494,2026-02-01 00:00:00,I have a question about my invoice.,Billing,11.79,True
ST002228,C0494,2026-03-08 07:04:43,I need help with something.,Other,5.81,True
ST002229,C0494,2026-02-27 14:43:33,It would be useful to have this feature.,Feature Request,48.14,False
ST002230,C0494,2026-02-16 23:17:47,It would be useful to have this feature.,Feature Request,19.78,True
ST002231,C0495,2026-04-07 16:48:01,Our integration stopped working.,Integration,20.31,True
ST002232,C0495,2026-03-28 18:25:54,The integration is not syncing correctly.,Integration,60.3,True
ST002233,C0495,2026-02-27 16:26:45,We are having problems connecting our tools.,Integration,68.0,True
ST002234,C0495,2026-02-17 00:00:00,I need help with something.,Other,1.67,True
ST002235,C0495,2026-02-17 00:00:00,I found a bug in the dashboard.,Bug,17.34,False
ST002236,C0496,2026-02-06 00:00:00,I was charged incorrectly this month.,Billing,42.18,False
ST002237,C0497,2026-04-03 11:31:56,Our integration stopped working.,Integration,25.11,False
ST002238,C0497,2026-01-21 00:00:00,I need help with something.,Other,33.56,True
ST002239,C0497,2026-04-15 03:29:19,It would be useful to have this feature.,Feature Request,52.67,True
ST002240,C0497,2026-02-03 05:46:47,I have a question about the product.,Other,21.48,False
ST002241,C0497,2026-01-21 00:00:00,Can you add more options to the dashboard?,Feature Request,45.37,True
ST002242,C0498,2026-02-26 00:00:00,Can you add more options to the dashboard?,Feature Request,40.53,False
ST002243,C0498,2026-03-21 10:48:16,The application shows an unexpected error.,Bug,68.91,True
ST002244,C0498,2026-04-13 19:49:14,Something is not working correctly.,Bug,31.46,True
ST002245,C0498,2026-03-02 13:03:44,I need help changing our account settings.,Account,6.04,False
ST002246,C0498,2026-02-26 00:00:00,It would be useful to have this feature.,Feature Request,67.28,False
ST002247,C0499,2026-04-17 00:00:00,I need help changing our account settings.,Account,2.79,True
ST002248,C0499,2026-04-17 00:00:00,I need help with something.,Other,65.94,True
ST002249,C0499,2026-04-29 13:43:54,The integration is not syncing correctly.,Integration,63.25,False
ST002250,C0499,2026-04-29 17:08:13,I have a question about the product.,Other,11.06,True
ST002251,C0499,2026-04-17 00:00:00,I have a question about the product.,Other,54.4,True
ST002252,C0499,2026-04-17 00:00:00,The application shows an unexpected error.,Bug,25.29,True
ST002253,C0499,2026-04-17 00:00:00,I need help changing our account settings.,Account,39.53,True
ST002254,C0499,2026-04-17 00:00:00,The integration keeps failing.,Integration,9.77,True
ST002255,C0500,2026-03-22 09:13:25,Our integration stopped working.,Integration,30.65,False
ST002256,C0500,2026-04-06 22:08:16,I need help with something.,Other,65.38,True
ST002257,C0501,2026-04-01 00:00:00,I need help with something.,Other,61.64,True
ST002258,C0501,2026-04-21 20:42:55,Why was my payment charged twice?,Billing,69.65,False
ST002259,C0502,2026-02-08 00:00:00,Can you add more options to the dashboard?,Feature Request,52.56,False
ST002260,C0502,2026-04-19 15:50:36,Why was my payment charged twice?,Billing,71.48,False
ST002261,C0502,2026-03-22 20:27:04,I have a question about the product.,Other,55.9,True
ST002262,C0502,2026-02-08 00:00:00,I found a bug in the dashboard.,Bug,9.66,False
ST002263,C0502,2026-04-06 22:49:08,I found a bug in the dashboard.,Bug,17.89,True
ST002264,C0502,2026-02-27 15:50:05,The integration keeps failing.,Integration,66.25,True
ST002265,C0502,2026-03-18 08:49:26,We are having problems connecting our tools.,Integration,59.57,True
ST002266,C0502,2026-02-08 00:00:00,I need help with something.,Other,11.9,True
ST002267,C0503,2026-03-20 00:00:00,The integration keeps failing.,Integration,14.86,True
ST002268,C0503,2026-03-20 00:00:00,The application has become slower recently.,Performance,32.35,True
ST002269,C0503,2026-03-20 00:00:00,The integration keeps failing.,Integration,51.04,True
ST002270,C0503,2026-03-20 00:00:00,I was charged incorrectly this month.,Billing,17.88,True
ST002271,C0503,2026-04-07 06:35:50,I need help with something.,Other,20.61,True
ST002272,C0504,2026-04-14 00:00:00,We are having problems connecting our tools.,Integration,69.37,True
ST002273,C0504,2026-04-14 00:00:00,I need help with something.,Other,35.2,True
ST002274,C0505,2026-04-02 15:21:47,I found a bug in the dashboard.,Bug,58.1,True
ST002275,C0505,2026-03-25 00:00:00,The dashboard is loading slowly.,Performance,53.67,True
ST002276,C0505,2026-03-25 00:00:00,The application has become slower recently.,Performance,53.35,True
ST002277,C0505,2026-03-25 00:00:00,It would be useful to have this feature.,Feature Request,4.9,True
ST002278,C0506,2026-03-09 00:00:00,Can you add more options to the dashboard?,Feature Request,6.02,False
ST002279,C0506,2026-03-09 00:00:00,I have a question about my invoice.,Billing,18.42,False
ST002280,C0506,2026-03-09 00:00:00,We are having problems connecting our tools.,Integration,22.04,False
ST002281,C0506,2026-03-09 00:00:00,The application shows an unexpected error.,Bug,40.47,True
ST002282,C0506,2026-04-14 08:16:39,I need help with something.,Other,42.1,True
ST002283,C0507,2026-02-23 10:37:33,Something is not working correctly.,Bug,14.77,True
ST002284,C0507,2026-03-10 15:36:18,I have a question about my invoice.,Billing,61.99,True
ST002285,C0508,2026-03-27 00:00:00,Can you add more options to the dashboard?,Feature Request,37.54,False
ST002286,C0508,2026-03-27 00:00:00,I have a question about the product.,Other,59.62,True
ST002287,C0508,2026-04-01 09:25:53,I need help with something.,Other,45.16,True
ST002288,C0509,2026-04-15 00:00:00,Our integration stopped working.,Integration,10.75,True
ST002289,C0509,2026-04-15 00:00:00,The integration is not syncing correctly.,Integration,69.18,True
ST002290,C0509,2026-04-15 00:00:00,I need help changing our account settings.,Account,40.32,True
ST002291,C0509,2026-04-15 00:00:00,I was charged incorrectly this month.,Billing,5.58,True
ST002292,C0509,2026-04-15 00:00:00,Something is not working correctly.,Bug,4.59,True
ST002293,C0509,2026-04-15 00:00:00,The dashboard is loading slowly.,Performance,21.11,False
ST002294,C0510,2026-03-28 07:23:05,The integration is not syncing correctly.,Integration,52.35,True
ST002295,C0510,2026-03-12 00:00:00,I have a question about my invoice.,Billing,11.73,True
ST002296,C0510,2026-03-12 00:00:00,I need help with something.,Other,33.71,True
ST002297,C0510,2026-04-11 21:20:41,I have a question about the product.,Other,32.52,True
ST002298,C0510,2026-04-22 04:35:31,I was charged incorrectly this month.,Billing,21.61,True
ST002299,C0510,2026-04-23 05:51:45,I found a bug in the dashboard.,Bug,4.55,True
ST002300,C0510,2026-03-12 00:00:00,I have a question about my invoice.,Billing,10.3,True
ST002301,C0511,2026-03-08 09:36:35,I need help with something.,Other,43.31,True
ST002302,C0511,2026-02-24 14:57:33,I have a question about the product.,Other,63.04,True
ST002303,C0511,2026-02-23 06:28:54,The integration keeps failing.,Integration,24.15,False
ST002304,C0511,2026-02-08 00:00:00,I need help with something.,Other,7.72,True
ST002305,C0511,2026-02-19 16:18:48,I have a question about my invoice.,Billing,5.42,True
ST002306,C0511,2026-02-08 00:00:00,It would be useful to have this feature.,Feature Request,53.92,False
ST002307,C0512,2026-04-30 00:00:00,Our integration stopped working.,Integration,59.29,True
ST002308,C0512,2026-04-30 00:00:00,I cannot access my account.,Account,49.73,True
ST002309,C0512,2026-04-30 00:00:00,Our integration stopped working.,Integration,30.7,True
ST002310,C0512,2026-04-30 00:00:00,Can you add more options to the dashboard?,Feature Request,71.52,True
ST002311,C0512,2026-04-30 00:00:00,The application shows an unexpected error.,Bug,18.86,True
ST002312,C0512,2026-04-30 00:00:00,I have a question about the product.,Other,44.04,True
ST002313,C0512,2026-04-30 00:00:00,Our integration stopped working.,Integration,24.91,False
ST002314,C0513,2026-03-26 00:00:00,The dashboard is loading slowly.,Performance,2.9,True
ST002315,C0513,2026-03-26 00:00:00,Our integration stopped working.,Integration,41.39,True
ST002316,C0513,2026-04-25 10:03:43,I have a question about the product.,Other,47.1,True
ST002317,C0513,2026-04-22 17:57:10,Our integration stopped working.,Integration,64.07,False
ST002318,C0513,2026-03-26 00:00:00,The integration is not syncing correctly.,Integration,58.33,True
ST002319,C0513,2026-03-26 00:00:00,I found a bug in the dashboard.,Bug,3.97,False
ST002320,C0513,2026-04-14 09:28:28,The integration is not syncing correctly.,Integration,27.47,True
ST002321,C0513,2026-03-26 00:00:00,I need help changing our account settings.,Account,70.08,True
ST002322,C0514,2026-01-16 01:06:57,Can you add more options to the dashboard?,Feature Request,68.29,True
ST002323,C0514,2026-01-17 22:50:14,I have a question about the product.,Other,46.79,True
ST002324,C0514,2026-03-28 05:46:32,Why was my payment charged twice?,Billing,34.49,True
ST002325,C0514,2026-04-18 11:28:07,Can you add more options to the dashboard?,Feature Request,27.58,True
ST002326,C0515,2026-04-23 00:00:00,I need help with something.,Other,36.32,True
ST002327,C0515,2026-04-23 00:00:00,Why was my payment charged twice?,Billing,60.17,True
ST002328,C0515,2026-04-23 00:00:00,I was charged incorrectly this month.,Billing,10.73,True
ST002329,C0515,2026-04-23 00:00:00,The application has become slower recently.,Performance,1.36,False
ST002330,C0516,2026-03-17 07:28:55,The dashboard is loading slowly.,Performance,10.17,True
ST002331,C0516,2026-03-21 17:14:15,I need help with something.,Other,37.91,False
ST002332,C0516,2026-02-15 22:09:47,I need help with something.,Other,42.03,True
ST002333,C0516,2026-03-22 18:19:47,The integration keeps failing.,Integration,14.67,True
ST002334,C0516,2026-04-24 11:52:16,The integration keeps failing.,Integration,34.16,True
ST002335,C0516,2026-02-23 18:06:05,The application shows an unexpected error.,Bug,32.94,True
ST002336,C0516,2026-01-21 04:28:37,We are having problems connecting our tools.,Integration,49.71,True
ST002337,C0517,2026-02-03 00:00:00,The integration keeps failing.,Integration,35.67,True
ST002338,C0518,2026-04-12 15:47:51,I have a question about the product.,Other,14.29,True
ST002339,C0518,2026-04-01 08:57:02,I was charged incorrectly this month.,Billing,40.43,True
ST002340,C0518,2026-02-13 15:05:54,I have a question about the product.,Other,66.16,True
ST002341,C0518,2026-02-19 22:24:27,The integration is not syncing correctly.,Integration,62.42,True
ST002342,C0518,2026-03-13 09:56:02,I have a question about the product.,Other,20.23,True
ST002343,C0518,2026-02-03 06:29:24,I need help with something.,Other,38.27,True
ST002344,C0518,2026-04-27 11:52:16,I need help changing our account settings.,Account,27.32,True
ST002345,C0518,2026-03-09 13:38:05,We are having problems connecting our tools.,Integration,1.43,True
ST002346,C0519,2026-04-24 00:00:00,I need help with something.,Other,68.78,True
ST002347,C0519,2026-04-24 00:00:00,Our integration stopped working.,Integration,7.58,True
ST002348,C0519,2026-04-24 00:00:00,I have a question about the product.,Other,54.6,True
ST002349,C0519,2026-04-24 00:00:00,I have a question about the product.,Other,33.59,False
ST002350,C0519,2026-04-24 00:00:00,Something is not working correctly.,Bug,30.21,True
ST002351,C0519,2026-04-24 00:00:00,The application shows an unexpected error.,Bug,32.04,True
ST002352,C0519,2026-04-24 00:00:00,I need help with something.,Other,8.4,True
ST002353,C0520,2026-03-28 21:34:19,I found a bug in the dashboard.,Bug,24.77,True
ST002354,C0520,2026-02-17 13:56:59,I need help with something.,Other,47.69,True
ST002355,C0520,2026-04-18 10:03:56,I have a question about the product.,Other,6.45,True
ST002356,C0520,2026-02-24 04:20:57,I need help with something.,Other,21.1,True
ST002357,C0521,2026-04-06 00:00:00,Why was my payment charged twice?,Billing,11.56,False
ST002358,C0521,2026-04-12 08:34:49,I have a question about the product.,Other,52.11,False
ST002359,C0521,2026-04-06 00:00:00,It would be useful to have this feature.,Feature Request,27.47,True
ST002360,C0521,2026-04-06 00:00:00,I need help with something.,Other,8.12,True
ST002361,C0521,2026-04-06 00:00:00,I cannot access my account.,Account,39.83,False
ST002362,C0521,2026-04-06 00:00:00,I have a question about the product.,Other,58.49,True
ST002363,C0521,2026-04-06 00:00:00,The application shows an unexpected error.,Bug,45.84,True
ST002364,C0521,2026-04-06 00:00:00,The dashboard is loading slowly.,Performance,5.2,True
ST002365,C0522,2026-04-17 14:04:01,Can you add more options to the dashboard?,Feature Request,71.33,True
ST002366,C0522,2026-03-12 00:00:00,I cannot access my account.,Account,48.44,True
ST002367,C0522,2026-03-30 22:07:23,It would be useful to have this feature.,Feature Request,55.12,True
ST002368,C0523,2026-04-29 08:13:03,Our integration stopped working.,Integration,57.72,False
ST002369,C0523,2026-03-07 05:05:23,Why was my payment charged twice?,Billing,70.08,True
ST002370,C0524,2026-02-04 00:00:00,I need help changing our account settings.,Account,4.03,True
ST002371,C0524,2026-04-06 16:06:49,Why was my payment charged twice?,Billing,19.88,True
ST002372,C0525,2026-02-08 20:31:06,The dashboard is loading slowly.,Performance,9.69,True
ST002373,C0525,2026-03-04 19:05:06,It would be useful to have this feature.,Feature Request,41.05,True
ST002374,C0526,2026-03-19 00:00:00,I need help with something.,Other,34.35,True
ST002375,C0526,2026-03-19 00:00:00,I cannot access my account.,Account,5.94,True
ST002376,C0526,2026-04-05 16:29:43,We are having problems connecting our tools.,Integration,64.57,True
ST002377,C0526,2026-04-27 13:50:16,The integration is not syncing correctly.,Integration,66.8,True
ST002378,C0527,2026-01-27 00:00:00,We are having problems connecting our tools.,Integration,38.05,False
ST002379,C0528,2026-04-02 00:00:00,It would be useful to have this feature.,Feature Request,2.25,False
ST002380,C0528,2026-04-02 00:00:00,The integration is not syncing correctly.,Integration,55.03,False
ST002381,C0528,2026-04-02 00:00:00,The dashboard is loading slowly.,Performance,18.64,True
ST002382,C0528,2026-04-02 00:00:00,I found a bug in the dashboard.,Bug,9.99,False
ST002383,C0529,2026-04-26 22:46:28,I have a question about the product.,Other,51.89,True
ST002384,C0529,2026-02-13 00:00:00,I need help changing our account settings.,Account,69.67,True
ST002385,C0529,2026-03-20 00:20:17,I was charged incorrectly this month.,Billing,34.13,True
ST002386,C0529,2026-02-13 00:00:00,I need help with something.,Other,9.68,False
ST002387,C0529,2026-04-12 19:09:42,I need help with something.,Other,26.42,True
ST002388,C0529,2026-04-17 11:29:05,Can you add more options to the dashboard?,Feature Request,41.99,True
ST002389,C0529,2026-04-01 07:29:11,The integration is not syncing correctly.,Integration,10.76,True
ST002390,C0529,2026-03-15 13:36:01,Something is not working correctly.,Bug,67.65,False
ST002391,C0530,2026-03-17 09:06:04,Our integration stopped working.,Integration,30.35,False
ST002392,C0530,2026-02-27 10:28:18,I have a question about the product.,Other,59.55,False
ST002393,C0530,2026-04-20 04:52:51,I have a question about the product.,Other,17.1,True
ST002394,C0530,2026-02-25 06:12:10,I was charged incorrectly this month.,Billing,67.71,True
ST002395,C0530,2026-01-27 00:00:00,I was charged incorrectly this month.,Billing,56.34,False
ST002396,C0530,2026-04-16 09:13:26,I have a question about the product.,Other,60.61,True
ST002397,C0530,2026-02-22 08:19:35,Why was my payment charged twice?,Billing,66.11,True
ST002398,C0530,2026-02-27 07:27:02,I need help changing our account settings.,Account,49.82,True
ST002399,C0531,2026-03-29 00:00:00,I need help with something.,Other,46.75,True
ST002400,C0531,2026-03-29 00:00:00,Can you add more options to the dashboard?,Feature Request,41.48,True
ST002401,C0531,2026-03-29 00:00:00,The application has become slower recently.,Performance,49.99,False
ST002402,C0531,2026-03-29 00:00:00,The integration is not syncing correctly.,Integration,43.53,False
ST002403,C0531,2026-03-29 00:00:00,I need help changing our account settings.,Account,34.33,False
ST002404,C0531,2026-03-29 00:00:00,The application has become slower recently.,Performance,13.55,True
ST002405,C0531,2026-04-13 22:30:50,I have a question about my invoice.,Billing,48.2,True
ST002406,C0531,2026-03-29 00:00:00,The application shows an unexpected error.,Bug,69.08,True
ST002407,C0532,2026-03-23 00:00:00,Can you add more options to the dashboard?,Feature Request,56.7,True
ST002408,C0532,2026-03-23 00:00:00,I need help changing our account settings.,Account,17.54,True
ST002409,C0532,2026-03-27 19:20:18,The application shows an unexpected error.,Bug,31.72,True
ST002410,C0532,2026-03-23 00:00:00,Our integration stopped working.,Integration,39.15,True
ST002411,C0533,2026-04-20 00:00:00,I need help with something.,Other,9.23,False
ST002412,C0533,2026-04-20 00:00:00,I cannot access my account.,Account,15.24,True
ST002413,C0534,2026-03-20 21:04:31,I have a question about the product.,Other,11.26,True
ST002414,C0534,2026-03-20 10:38:25,I need help with something.,Other,59.26,True
ST002415,C0535,2026-03-06 00:00:00,We are having problems connecting our tools.,Integration,70.15,True
ST002416,C0535,2026-03-06 00:00:00,Why was my payment charged twice?,Billing,66.85,True
ST002417,C0535,2026-04-06 11:11:04,The dashboard is loading slowly.,Performance,26.22,True
ST002418,C0535,2026-03-06 00:00:00,I need help with something.,Other,61.99,True
ST002419,C0535,2026-04-16 08:08:45,The dashboard is loading slowly.,Performance,42.05,True
ST002420,C0535,2026-03-06 00:00:00,We are having problems connecting our tools.,Integration,55.4,True
ST002421,C0536,2026-04-27 13:06:16,I cannot access my account.,Account,12.46,False
ST002422,C0536,2026-03-04 00:00:00,Our integration stopped working.,Integration,43.43,True
ST002423,C0536,2026-03-04 00:00:00,The application has become slower recently.,Performance,44.53,True
ST002424,C0536,2026-03-04 00:00:00,I need help changing our account settings.,Account,58.54,False
ST002425,C0536,2026-03-04 00:00:00,I need help changing our account settings.,Account,34.71,True
ST002426,C0537,2026-02-13 20:50:56,It would be useful to have this feature.,Feature Request,8.71,True
ST002427,C0537,2026-02-03 20:06:39,The dashboard is loading slowly.,Performance,57.73,True
ST002428,C0537,2026-02-02 00:00:00,I cannot access my account.,Account,63.43,True
ST002429,C0537,2026-03-12 05:08:48,Our integration stopped working.,Integration,33.58,False
ST002430,C0538,2026-04-26 00:00:00,I cannot access my account.,Account,29.19,True
ST002431,C0538,2026-04-26 00:00:00,I have a question about the product.,Other,55.86,False
ST002432,C0539,2026-04-27 00:00:00,The integration keeps failing.,Integration,30.87,True
ST002433,C0539,2026-04-27 00:00:00,The dashboard is loading slowly.,Performance,50.44,False
ST002434,C0539,2026-04-27 00:00:00,Our integration stopped working.,Integration,18.99,True
ST002435,C0539,2026-04-27 00:00:00,I need help with something.,Other,23.83,True
ST002436,C0539,2026-04-27 00:00:00,It would be useful to have this feature.,Feature Request,8.46,True
ST002437,C0539,2026-04-27 00:00:00,I have a question about the product.,Other,66.45,True
ST002438,C0539,2026-04-27 00:00:00,The application shows an unexpected error.,Bug,18.17,True
ST002439,C0539,2026-04-27 00:00:00,Why was my payment charged twice?,Billing,2.92,True
ST002440,C0540,2026-04-19 00:00:00,The application has become slower recently.,Performance,5.65,True
ST002441,C0540,2026-04-19 00:00:00,The dashboard is loading slowly.,Performance,14.68,True
ST002442,C0540,2026-04-19 00:00:00,I have a question about the product.,Other,37.38,True
ST002443,C0540,2026-04-19 00:00:00,The application shows an unexpected error.,Bug,13.07,True
ST002444,C0541,2026-01-08 11:51:05,Can you add more options to the dashboard?,Feature Request,37.15,True
ST002445,C0542,2026-03-12 15:41:21,I cannot access my account.,Account,35.48,False
ST002446,C0542,2026-02-22 14:46:53,The application shows an unexpected error.,Bug,47.46,True
ST002447,C0542,2026-04-14 11:32:58,I have a question about the product.,Other,57.06,True
ST002448,C0543,2026-04-02 03:23:25,I have a question about the product.,Other,35.7,True
ST002449,C0543,2026-03-23 00:00:00,It would be useful to have this feature.,Feature Request,6.55,True
ST002450,C0543,2026-03-23 00:00:00,I have a question about the product.,Other,60.15,False
ST002451,C0543,2026-04-09 05:01:16,I need help changing our account settings.,Account,68.18,True
ST002452,C0543,2026-03-23 00:00:00,The integration keeps failing.,Integration,31.69,False
ST002453,C0543,2026-04-28 19:00:40,Can you add more options to the dashboard?,Feature Request,32.36,True
ST002454,C0543,2026-03-23 00:00:00,I have a question about the product.,Other,38.66,True
ST002455,C0543,2026-03-23 00:00:00,I have a question about the product.,Other,40.9,True
ST002456,C0544,2026-03-17 07:27:15,It would be useful to have this feature.,Feature Request,54.25,True
ST002457,C0544,2026-02-26 06:31:57,The integration is not syncing correctly.,Integration,6.66,True
ST002458,C0544,2026-03-07 23:12:03,Our integration stopped working.,Integration,5.47,False
ST002459,C0544,2026-02-24 00:00:00,I was charged incorrectly this month.,Billing,49.57,True
ST002460,C0544,2026-04-29 22:18:01,Can you add more options to the dashboard?,Feature Request,8.05,False
ST002461,C0544,2026-02-24 00:00:00,Our integration stopped working.,Integration,12.34,True
ST002462,C0544,2026-02-24 00:00:00,I found a bug in the dashboard.,Bug,67.0,True
ST002463,C0545,2026-04-17 00:00:00,The dashboard is loading slowly.,Performance,26.51,True
ST002464,C0545,2026-04-17 00:00:00,The integration keeps failing.,Integration,21.22,True
ST002465,C0545,2026-04-17 00:00:00,It would be useful to have this feature.,Feature Request,46.15,True
ST002466,C0545,2026-04-20 01:44:20,Something is not working correctly.,Bug,62.61,True
ST002467,C0545,2026-04-17 00:00:00,I need help with something.,Other,45.76,True
ST002468,C0545,2026-04-17 00:00:00,I have a question about the product.,Other,23.2,False
ST002469,C0545,2026-04-17 00:00:00,I have a question about the product.,Other,32.43,True
ST002470,C0546,2026-02-05 00:00:00,The application shows an unexpected error.,Bug,61.28,True
ST002471,C0546,2026-03-24 16:08:58,I need help changing our account settings.,Account,13.03,True
ST002472,C0546,2026-03-06 01:06:08,The integration is not syncing correctly.,Integration,29.13,True
ST002473,C0546,2026-02-05 00:00:00,The dashboard is loading slowly.,Performance,35.19,False
ST002474,C0547,2026-01-11 09:11:10,The integration is not syncing correctly.,Integration,32.31,True
ST002475,C0547,2026-04-09 20:35:00,Something is not working correctly.,Bug,30.13,False
ST002476,C0547,2026-03-11 03:33:02,I need help with something.,Other,9.75,True
ST002477,C0547,2026-02-11 21:00:56,Something is not working correctly.,Bug,51.17,True
ST002478,C0548,2026-04-19 17:21:25,Our integration stopped working.,Integration,46.42,False
ST002479,C0549,2026-02-19 11:53:57,The dashboard is loading slowly.,Performance,5.95,True
ST002480,C0550,2026-04-10 12:59:31,I need help with something.,Other,35.94,True
ST002481,C0550,2026-04-09 00:00:00,The dashboard is loading slowly.,Performance,22.93,False
ST002482,C0550,2026-04-09 00:00:00,I have a question about the product.,Other,62.86,True
ST002483,C0550,2026-04-09 00:00:00,Our integration stopped working.,Integration,48.85,True
ST002484,C0550,2026-04-09 00:00:00,The integration is not syncing correctly.,Integration,61.51,True
ST002485,C0551,2026-03-20 00:30:55,I cannot access my account.,Account,5.0,True
ST002486,C0551,2026-03-27 09:40:02,I need help changing our account settings.,Account,45.68,False
ST002487,C0552,2026-04-04 02:06:39,The dashboard is loading slowly.,Performance,43.87,True
ST002488,C0553,2026-02-03 00:00:00,The dashboard is loading slowly.,Performance,7.12,True
ST002489,C0553,2026-02-03 00:00:00,The application shows an unexpected error.,Bug,17.96,False
ST002490,C0553,2026-03-28 04:19:19,I have a question about the product.,Other,42.38,True
ST002491,C0553,2026-03-31 08:46:03,I have a question about the product.,Other,65.09,True
ST002492,C0553,2026-02-18 06:56:19,The integration keeps failing.,Integration,59.97,True
ST002493,C0553,2026-02-28 21:17:40,We are having problems connecting our tools.,Integration,42.13,True
ST002494,C0554,2026-02-13 00:30:13,The integration is not syncing correctly.,Integration,3.93,False
ST002495,C0554,2026-03-03 14:08:46,I have a question about the product.,Other,32.44,False
ST002496,C0554,2026-04-29 06:07:58,I have a question about my invoice.,Billing,24.36,True
ST002497,C0554,2026-04-10 23:20:50,I cannot access my account.,Account,53.84,False
ST002498,C0554,2026-03-19 17:47:58,The application shows an unexpected error.,Bug,53.42,True
ST002499,C0555,2026-04-05 00:00:00,I have a question about the product.,Other,37.49,True
ST002500,C0555,2026-04-05 00:00:00,I found a bug in the dashboard.,Bug,35.97,True
ST002501,C0555,2026-04-18 11:09:07,The application has become slower recently.,Performance,71.21,True
ST002502,C0555,2026-04-10 18:38:01,It would be useful to have this feature.,Feature Request,8.22,False
ST002503,C0555,2026-04-05 00:00:00,I need help with something.,Other,16.78,False
ST002504,C0556,2026-02-26 00:00:00,I have a question about the product.,Other,17.18,True
ST002505,C0556,2026-04-27 18:34:35,I have a question about my invoice.,Billing,33.75,True
ST002506,C0556,2026-03-18 17:29:57,The application shows an unexpected error.,Bug,52.51,True
ST002507,C0556,2026-03-26 18:47:47,I was charged incorrectly this month.,Billing,53.89,False
ST002508,C0556,2026-03-08 08:55:34,I need help changing our account settings.,Account,22.62,True
ST002509,C0556,2026-03-13 19:40:02,Something is not working correctly.,Bug,54.02,True
ST002510,C0557,2026-03-12 00:00:00,I have a question about my invoice.,Billing,71.15,False
ST002511,C0557,2026-03-12 00:00:00,I have a question about the product.,Other,49.36,False
ST002512,C0557,2026-03-12 00:00:00,The application shows an unexpected error.,Bug,53.45,True
ST002513,C0557,2026-04-07 12:30:49,I need help with something.,Other,29.73,True
ST002514,C0557,2026-03-12 00:00:00,I need help changing our account settings.,Account,11.41,True
ST002515,C0557,2026-03-12 00:00:00,I found a bug in the dashboard.,Bug,18.46,True
ST002516,C0557,2026-03-12 00:00:00,I need help with something.,Other,12.56,True
ST002517,C0557,2026-03-22 22:49:29,Why was my payment charged twice?,Billing,43.88,True
ST002518,C0558,2026-04-01 00:00:00,I cannot access my account.,Account,45.31,True
ST002519,C0558,2026-04-01 00:00:00,I have a question about the product.,Other,2.2,True
ST002520,C0558,2026-04-26 17:37:36,Something is not working correctly.,Bug,51.14,False
ST002521,C0558,2026-04-01 00:00:00,The application shows an unexpected error.,Bug,53.01,True
ST002522,C0558,2026-04-14 21:45:28,I cannot access my account.,Account,67.3,True
ST002523,C0559,2026-03-10 09:23:46,I have a question about the product.,Other,51.42,True
ST002524,C0560,2026-04-18 12:04:29,I found a bug in the dashboard.,Bug,51.73,False
ST002525,C0560,2026-03-13 00:00:00,We are having problems connecting our tools.,Integration,40.13,True
ST002526,C0561,2026-01-15 04:22:08,Something is not working correctly.,Bug,30.41,True
ST002527,C0561,2026-04-02 20:01:45,I cannot access my account.,Account,57.91,True
ST002528,C0561,2026-01-15 02:46:16,I have a question about the product.,Other,49.93,True
ST002529,C0561,2026-04-05 06:04:48,I cannot access my account.,Account,71.77,True
ST002530,C0561,2026-04-28 18:26:24,I need help changing our account settings.,Account,10.76,False
ST002531,C0562,2026-01-15 00:00:00,I cannot access my account.,Account,26.81,False
ST002532,C0562,2026-03-18 05:01:20,Can you add more options to the dashboard?,Feature Request,20.59,True
ST002533,C0562,2026-03-24 06:59:51,The dashboard is loading slowly.,Performance,25.31,True
ST002534,C0562,2026-01-28 15:40:47,I have a question about the product.,Other,49.18,True
ST002535,C0562,2026-01-15 00:00:00,The application has become slower recently.,Performance,3.49,True
ST002536,C0562,2026-01-24 20:28:01,I have a question about the product.,Other,37.19,True
ST002537,C0562,2026-02-27 18:38:24,I have a question about my invoice.,Billing,49.3,False
ST002538,C0562,2026-02-25 08:20:53,We are having problems connecting our tools.,Integration,65.95,True
ST002539,C0563,2026-02-13 15:05:55,I was charged incorrectly this month.,Billing,18.61,True
ST002540,C0563,2026-01-10 00:00:00,I need help with something.,Other,29.94,True
ST002541,C0563,2026-01-25 19:39:36,Can you add more options to the dashboard?,Feature Request,5.26,True
ST002542,C0563,2026-02-20 21:55:44,It would be useful to have this feature.,Feature Request,26.91,True
ST002543,C0563,2026-03-06 19:31:39,I have a question about the product.,Other,67.12,True
ST002544,C0563,2026-01-10 00:00:00,I have a question about the product.,Other,64.51,True
ST002545,C0564,2026-04-24 00:00:00,Something is not working correctly.,Bug,24.47,True
ST002546,C0564,2026-04-24 00:00:00,I found a bug in the dashboard.,Bug,64.58,True
ST002547,C0564,2026-04-24 00:00:00,I cannot access my account.,Account,18.49,False
ST002548,C0564,2026-04-24 00:00:00,Something is not working correctly.,Bug,40.08,True
ST002549,C0565,2026-03-30 00:00:00,The application shows an unexpected error.,Bug,8.54,False
ST002550,C0565,2026-04-24 16:11:28,I need help changing our account settings.,Account,27.68,True
ST002551,C0566,2026-04-26 00:00:00,Why was my payment charged twice?,Billing,57.78,True
ST002552,C0566,2026-04-26 00:00:00,The integration is not syncing correctly.,Integration,22.54,True
ST002553,C0566,2026-04-26 00:00:00,It would be useful to have this feature.,Feature Request,64.13,False
ST002554,C0566,2026-04-26 00:00:00,I need help with something.,Other,44.44,True
ST002555,C0567,2026-02-17 02:32:41,Our integration stopped working.,Integration,16.67,False
ST002556,C0567,2026-01-20 00:00:00,I have a question about the product.,Other,54.65,True
ST002557,C0567,2026-01-20 00:00:00,I need help changing our account settings.,Account,31.67,True
ST002558,C0567,2026-04-06 23:40:58,I need help with something.,Other,64.03,False
ST002559,C0567,2026-02-13 07:35:22,The application shows an unexpected error.,Bug,21.03,False
ST002560,C0567,2026-02-14 22:39:51,I need help changing our account settings.,Account,55.69,True
ST002561,C0568,2026-04-13 07:00:09,The dashboard is loading slowly.,Performance,59.83,True
ST002562,C0568,2026-04-04 22:01:27,I cannot access my account.,Account,33.07,False
ST002563,C0568,2026-03-16 03:35:07,I have a question about the product.,Other,62.48,True
ST002564,C0568,2026-03-11 00:00:00,The dashboard is loading slowly.,Performance,64.96,True
ST002565,C0568,2026-03-11 00:00:00,I have a question about the product.,Other,57.75,True
ST002566,C0568,2026-03-11 00:00:00,The application has become slower recently.,Performance,67.74,True
ST002567,C0568,2026-03-11 00:00:00,The application shows an unexpected error.,Bug,48.27,True
ST002568,C0568,2026-03-18 04:15:58,Why was my payment charged twice?,Billing,20.7,True
ST002569,C0569,2026-02-04 15:55:10,I have a question about the product.,Other,63.26,True
ST002570,C0569,2026-02-06 02:53:15,I have a question about my invoice.,Billing,40.18,False
ST002571,C0569,2026-01-23 01:08:58,The application has become slower recently.,Performance,56.0,True
ST002572,C0569,2026-01-30 11:57:14,I have a question about my invoice.,Billing,48.13,True
ST002573,C0570,2026-04-26 19:19:20,Can you add more options to the dashboard?,Feature Request,52.44,True
ST002574,C0570,2026-04-17 00:00:00,The integration keeps failing.,Integration,19.42,True
ST002575,C0570,2026-04-17 00:00:00,I was charged incorrectly this month.,Billing,16.74,False
ST002576,C0570,2026-04-17 00:00:00,I have a question about the product.,Other,5.08,True
ST002577,C0570,2026-04-21 18:07:39,The integration is not syncing correctly.,Integration,60.2,True
ST002578,C0570,2026-04-17 00:00:00,Can you add more options to the dashboard?,Feature Request,34.13,True
ST002579,C0570,2026-04-17 00:00:00,I cannot access my account.,Account,42.36,True
ST002580,C0570,2026-04-17 00:00:00,I need help changing our account settings.,Account,69.39,False
ST002581,C0571,2026-02-17 00:00:00,It would be useful to have this feature.,Feature Request,24.34,False
ST002582,C0571,2026-03-11 03:09:24,The application has become slower recently.,Performance,10.25,True
ST002583,C0571,2026-02-18 16:36:16,The integration is not syncing correctly.,Integration,44.54,True
ST002584,C0571,2026-04-05 13:30:20,Can you add more options to the dashboard?,Feature Request,26.88,True
ST002585,C0572,2026-03-16 00:00:00,It would be useful to have this feature.,Feature Request,32.5,True
ST002586,C0572,2026-03-16 00:00:00,I found a bug in the dashboard.,Bug,60.94,False
ST002587,C0572,2026-03-16 00:00:00,I cannot access my account.,Account,52.59,True
ST002588,C0573,2026-04-05 13:31:37,We are having problems connecting our tools.,Integration,48.89,True
ST002589,C0573,2026-03-12 00:00:00,The integration keeps failing.,Integration,50.59,True
ST002590,C0573,2026-03-14 05:37:20,Can you add more options to the dashboard?,Feature Request,43.11,True
ST002591,C0573,2026-03-25 09:24:56,We are having problems connecting our tools.,Integration,1.7,True
ST002592,C0573,2026-03-12 00:00:00,It would be useful to have this feature.,Feature Request,36.87,False
ST002593,C0573,2026-03-12 00:00:00,I need help changing our account settings.,Account,8.81,True
ST002594,C0573,2026-03-12 00:00:00,I cannot access my account.,Account,46.73,True
ST002595,C0574,2026-01-19 00:00:00,I have a question about my invoice.,Billing,6.26,True
ST002596,C0574,2026-01-19 00:00:00,The application shows an unexpected error.,Bug,41.25,True
ST002597,C0574,2026-04-29 14:34:38,I have a question about the product.,Other,69.54,True
ST002598,C0574,2026-02-08 01:53:18,We are having problems connecting our tools.,Integration,44.75,True
ST002599,C0575,2026-03-04 16:51:19,I have a question about the product.,Other,28.9,True
ST002600,C0575,2026-02-25 00:00:00,Can you add more options to the dashboard?,Feature Request,62.43,True
ST002601,C0575,2026-04-23 10:23:51,I was charged incorrectly this month.,Billing,35.45,False
ST002602,C0576,2026-03-16 03:46:44,I found a bug in the dashboard.,Bug,37.2,True
ST002603,C0576,2026-02-08 08:04:32,The integration keeps failing.,Integration,62.1,True
ST002604,C0576,2026-04-01 13:22:41,I need help changing our account settings.,Account,46.58,True
ST002605,C0576,2026-04-14 15:37:03,I have a question about the product.,Other,71.58,True
ST002606,C0576,2026-04-16 00:26:35,I need help with something.,Other,21.52,True
ST002607,C0576,2026-02-28 00:41:08,The application has become slower recently.,Performance,8.35,False
ST002608,C0577,2026-02-27 20:59:17,I have a question about the product.,Other,70.07,True
ST002609,C0577,2026-03-08 09:05:42,Can you add more options to the dashboard?,Feature Request,48.94,True
ST002610,C0577,2026-04-29 14:22:56,I have a question about the product.,Other,1.61,True
ST002611,C0577,2026-03-24 11:05:11,I need help with something.,Other,6.04,True
ST002612,C0577,2026-01-09 23:28:37,The integration is not syncing correctly.,Integration,59.93,True
ST002613,C0577,2026-04-22 08:30:14,I have a question about my invoice.,Billing,17.34,True
ST002614,C0578,2026-04-27 01:54:43,The application shows an unexpected error.,Bug,30.82,True
ST002615,C0578,2026-03-20 16:27:33,We are having problems connecting our tools.,Integration,40.12,False
ST002616,C0578,2026-02-09 00:00:00,I have a question about the product.,Other,56.96,True
ST002617,C0578,2026-03-09 03:26:24,I need help with something.,Other,51.87,True
ST002618,C0579,2026-02-16 00:00:00,The application shows an unexpected error.,Bug,3.64,True
ST002619,C0579,2026-04-25 15:11:50,It would be useful to have this feature.,Feature Request,5.49,True
ST002620,C0579,2026-04-09 05:39:33,The application shows an unexpected error.,Bug,34.15,False
ST002621,C0579,2026-02-16 00:00:00,The integration is not syncing correctly.,Integration,49.54,True
ST002622,C0580,2026-04-26 00:00:00,We are having problems connecting our tools.,Integration,57.67,True
ST002623,C0580,2026-04-26 00:00:00,We are having problems connecting our tools.,Integration,60.92,True
ST002624,C0580,2026-04-26 00:00:00,I found a bug in the dashboard.,Bug,16.55,True
ST002625,C0580,2026-04-26 00:00:00,I need help with something.,Other,32.7,True
ST002626,C0580,2026-04-26 00:00:00,I need help with something.,Other,58.57,True
ST002627,C0581,2026-04-30 00:00:00,I need help changing our account settings.,Account,42.56,True
ST002628,C0581,2026-04-30 00:00:00,The integration keeps failing.,Integration,64.08,True
ST002629,C0581,2026-04-30 00:00:00,It would be useful to have this feature.,Feature Request,32.58,True
ST002630,C0581,2026-04-30 00:00:00,I need help with something.,Other,27.85,True
ST002631,C0581,2026-04-30 00:00:00,I found a bug in the dashboard.,Bug,35.67,False
ST002632,C0581,2026-04-30 00:00:00,I have a question about my invoice.,Billing,8.99,False
ST002633,C0581,2026-04-30 00:00:00,I have a question about the product.,Other,63.85,True
ST002634,C0581,2026-04-30 00:00:00,Our integration stopped working.,Integration,53.16,True
ST002635,C0582,2026-04-12 00:00:00,Our integration stopped working.,Integration,5.98,True
ST002636,C0582,2026-04-12 00:00:00,I need help with something.,Other,7.19,True
ST002637,C0582,2026-04-12 00:00:00,Something is not working correctly.,Bug,49.2,True
ST002638,C0582,2026-04-12 00:00:00,The application shows an unexpected error.,Bug,29.96,False
ST002639,C0582,2026-04-12 00:00:00,Our integration stopped working.,Integration,71.19,False
ST002640,C0583,2026-04-21 00:00:00,I need help with something.,Other,30.06,True
ST002641,C0583,2026-04-21 00:00:00,I need help with something.,Other,2.8,True
ST002642,C0583,2026-04-21 00:00:00,Why was my payment charged twice?,Billing,64.99,True
ST002643,C0583,2026-04-21 00:00:00,Something is not working correctly.,Bug,60.48,True
ST002644,C0583,2026-04-21 00:00:00,I need help changing our account settings.,Account,42.96,False
ST002645,C0583,2026-04-21 00:00:00,The dashboard is loading slowly.,Performance,58.43,False
ST002646,C0583,2026-04-21 00:00:00,The integration keeps failing.,Integration,34.44,True
ST002647,C0583,2026-04-21 00:00:00,The integration keeps failing.,Integration,11.36,True
ST002648,C0584,2026-01-24 21:54:04,Something is not working correctly.,Bug,2.2,True
ST002649,C0584,2026-02-20 16:55:04,The integration is not syncing correctly.,Integration,66.1,True
ST002650,C0584,2026-03-06 10:15:34,It would be useful to have this feature.,Feature Request,16.38,True
ST002651,C0584,2026-01-12 18:15:49,I cannot access my account.,Account,45.58,True
ST002652,C0584,2026-01-28 06:48:25,The application shows an unexpected error.,Bug,25.05,True
ST002653,C0584,2026-01-06 00:00:00,The integration keeps failing.,Integration,1.55,True
ST002654,C0584,2026-01-11 11:28:12,The application shows an unexpected error.,Bug,16.79,True
ST002655,C0585,2026-04-26 00:00:00,I need help changing our account settings.,Account,1.57,True
ST002656,C0585,2026-04-26 00:00:00,I need help with something.,Other,51.28,True
ST002657,C0585,2026-04-26 00:00:00,The integration is not syncing correctly.,Integration,47.41,True
ST002658,C0586,2026-02-15 00:00:00,Can you add more options to the dashboard?,Feature Request,10.65,True
ST002659,C0586,2026-02-28 11:13:23,I need help with something.,Other,33.73,True
ST002660,C0586,2026-02-15 00:00:00,The integration keeps failing.,Integration,71.92,True
ST002661,C0586,2026-03-05 14:12:49,Can you add more options to the dashboard?,Feature Request,51.37,False
ST002662,C0586,2026-04-06 16:58:07,Why was my payment charged twice?,Billing,28.11,False
ST002663,C0586,2026-02-15 00:00:00,I need help with something.,Other,59.36,True
ST002664,C0586,2026-03-06 08:35:45,The integration is not syncing correctly.,Integration,51.13,True
ST002665,C0586,2026-02-15 00:00:00,Why was my payment charged twice?,Billing,22.52,True
ST002666,C0587,2026-02-08 03:50:53,The integration keeps failing.,Integration,5.29,True
ST002667,C0587,2026-04-19 13:41:29,The integration keeps failing.,Integration,33.64,True
ST002668,C0587,2026-02-06 11:35:37,The integration keeps failing.,Integration,51.78,True
ST002669,C0587,2026-01-31 14:10:22,Why was my payment charged twice?,Billing,50.13,True
ST002670,C0587,2026-04-08 08:24:32,Something is not working correctly.,Bug,52.9,False
ST002671,C0587,2026-03-10 14:37:55,I need help with something.,Other,45.01,True
ST002672,C0588,2026-03-29 00:00:00,I was charged incorrectly this month.,Billing,38.58,True
ST002673,C0588,2026-03-29 00:00:00,I was charged incorrectly this month.,Billing,27.94,False
ST002674,C0588,2026-04-13 10:10:08,I need help changing our account settings.,Account,27.73,True
ST002675,C0588,2026-03-29 00:00:00,I need help with something.,Other,58.69,False
ST002676,C0589,2026-02-01 00:00:00,I need help changing our account settings.,Account,15.36,True
ST002677,C0589,2026-03-20 14:47:57,The application has become slower recently.,Performance,7.14,True
ST002678,C0589,2026-02-01 00:00:00,Our integration stopped working.,Integration,4.39,False
ST002679,C0589,2026-02-17 21:26:18,I need help with something.,Other,20.09,True
ST002680,C0589,2026-02-09 14:47:31,The integration is not syncing correctly.,Integration,43.21,True
ST002681,C0590,2026-03-27 00:00:00,I cannot access my account.,Account,22.24,True
ST002682,C0591,2026-04-29 19:19:24,Something is not working correctly.,Bug,70.47,True
ST002683,C0591,2026-01-14 00:00:00,Can you add more options to the dashboard?,Feature Request,23.67,True
ST002684,C0591,2026-02-20 08:57:22,The integration is not syncing correctly.,Integration,13.73,False
ST002685,C0591,2026-01-19 16:28:54,The application has become slower recently.,Performance,24.54,False
ST002686,C0591,2026-03-31 13:01:30,We are having problems connecting our tools.,Integration,40.25,True
ST002687,C0591,2026-04-25 12:12:48,Our integration stopped working.,Integration,60.92,False
ST002688,C0592,2026-02-15 00:00:00,Our integration stopped working.,Integration,32.8,True
ST002689,C0592,2026-04-13 08:53:58,I need help with something.,Other,8.44,False
ST002690,C0592,2026-04-29 20:51:01,We are having problems connecting our tools.,Integration,50.7,True
ST002691,C0592,2026-03-12 11:07:37,I was charged incorrectly this month.,Billing,13.0,True
ST002692,C0592,2026-02-20 13:43:47,We are having problems connecting our tools.,Integration,53.61,True
ST002693,C0592,2026-03-02 12:21:40,The application shows an unexpected error.,Bug,58.94,True
ST002694,C0593,2026-04-10 00:00:00,The application has become slower recently.,Performance,46.03,False
ST002695,C0593,2026-04-10 00:00:00,Our integration stopped working.,Integration,15.22,True
ST002696,C0593,2026-04-10 00:00:00,I was charged incorrectly this month.,Billing,32.69,False
ST002697,C0593,2026-04-10 00:00:00,I have a question about my invoice.,Billing,9.36,True
ST002698,C0594,2026-03-13 00:00:00,We are having problems connecting our tools.,Integration,29.78,True
ST002699,C0594,2026-03-24 00:07:46,I need help with something.,Other,57.94,False
ST002700,C0594,2026-03-18 14:39:24,The application shows an unexpected error.,Bug,46.14,False
ST002701,C0594,2026-03-13 00:00:00,The integration is not syncing correctly.,Integration,49.38,True
ST002702,C0594,2026-03-13 00:00:00,The integration is not syncing correctly.,Integration,18.17,False
ST002703,C0594,2026-04-05 03:44:25,I have a question about the product.,Other,9.1,True
ST002704,C0594,2026-04-07 14:51:15,Can you add more options to the dashboard?,Feature Request,58.32,True
ST002705,C0594,2026-03-13 00:00:00,Our integration stopped working.,Integration,14.1,False
ST002706,C0595,2026-04-24 00:00:00,The application has become slower recently.,Performance,3.17,False
ST002707,C0595,2026-04-24 00:00:00,I need help with something.,Other,68.1,True
ST002708,C0595,2026-04-24 00:00:00,I was charged incorrectly this month.,Billing,61.68,True
ST002709,C0595,2026-04-24 00:00:00,I found a bug in the dashboard.,Bug,33.06,True
ST002710,C0595,2026-04-24 00:00:00,The application shows an unexpected error.,Bug,30.45,False
ST002711,C0595,2026-04-24 00:00:00,I have a question about the product.,Other,22.74,True
ST002712,C0595,2026-04-24 00:00:00,I cannot access my account.,Account,1.97,True
ST002713,C0596,2026-04-22 00:00:00,I have a question about the product.,Other,38.52,True
ST002714,C0596,2026-04-22 00:00:00,Why was my payment charged twice?,Billing,6.0,True
ST002715,C0596,2026-04-22 00:00:00,It would be useful to have this feature.,Feature Request,20.75,True
ST002716,C0596,2026-04-22 00:00:00,Can you add more options to the dashboard?,Feature Request,62.27,False
ST002717,C0597,2026-04-02 04:47:20,The integration is not syncing correctly.,Integration,8.38,True
ST002718,C0597,2026-02-22 00:00:00,I need help with something.,Other,35.85,False
ST002719,C0598,2026-03-21 00:00:00,I have a question about the product.,Other,47.65,True
ST002720,C0598,2026-03-21 02:39:05,I need help with something.,Other,22.4,False
ST002721,C0598,2026-03-21 00:00:00,I need help changing our account settings.,Account,63.6,False
ST002722,C0598,2026-03-21 00:00:00,I need help with something.,Other,10.69,True
ST002723,C0599,2026-04-06 00:00:00,The integration keeps failing.,Integration,16.9,True
ST002724,C0600,2026-02-26 11:34:59,I have a question about the product.,Other,19.44,True
ST002725,C0600,2026-02-21 14:13:43,I have a question about the product.,Other,10.68,True
ST002726,C0600,2026-04-07 07:37:09,I need help with something.,Other,13.39,False
ST002727,C0600,2026-03-15 03:15:42,The integration is not syncing correctly.,Integration,70.43,True
ST002728,C0600,2026-02-26 16:34:22,I need help with something.,Other,46.25,True
ST002729,C0600,2026-03-05 15:44:13,Why was my payment charged twice?,Billing,24.76,False
ST002730,C0600,2026-02-03 01:08:01,Our integration stopped working.,Integration,21.28,True
ST002731,C0600,2026-02-03 18:28:04,I cannot access my account.,Account,46.08,True
ST002732,C0601,2026-04-29 00:00:00,I have a question about the product.,Other,25.14,False
ST002733,C0601,2026-04-29 00:00:00,I have a question about the product.,Other,49.65,True
ST002734,C0601,2026-04-29 00:00:00,I have a question about the product.,Other,39.27,True
ST002735,C0601,2026-04-29 00:00:00,Can you add more options to the dashboard?,Feature Request,16.82,True
ST002736,C0602,2026-04-30 00:00:00,Something is not working correctly.,Bug,63.0,True
ST002737,C0602,2026-04-30 00:00:00,The application has become slower recently.,Performance,61.09,False
ST002738,C0602,2026-04-30 00:00:00,I need help with something.,Other,35.0,False
ST002739,C0602,2026-04-30 00:00:00,I need help changing our account settings.,Account,10.69,True
ST002740,C0602,2026-04-30 00:00:00,The integration is not syncing correctly.,Integration,17.07,True
ST002741,C0602,2026-04-30 00:00:00,Why was my payment charged twice?,Billing,62.13,True
ST002742,C0602,2026-04-30 00:00:00,The integration keeps failing.,Integration,54.14,True
ST002743,C0603,2026-01-31 00:00:00,I have a question about the product.,Other,15.99,False
ST002744,C0603,2026-04-21 17:09:41,I need help with something.,Other,39.31,False
ST002745,C0603,2026-02-12 01:54:10,Why was my payment charged twice?,Billing,5.85,False
ST002746,C0603,2026-02-13 01:15:34,I need help with something.,Other,59.9,True
ST002747,C0603,2026-04-02 05:10:25,The integration keeps failing.,Integration,66.79,True
ST002748,C0603,2026-03-09 17:39:57,I need help with something.,Other,7.5,True
ST002749,C0603,2026-01-31 00:00:00,Our integration stopped working.,Integration,51.53,True
ST002750,C0604,2026-04-21 00:00:00,The integration is not syncing correctly.,Integration,30.17,True
ST002751,C0604,2026-04-21 00:00:00,The dashboard is loading slowly.,Performance,54.91,True
ST002752,C0604,2026-04-21 00:00:00,The integration keeps failing.,Integration,40.0,False
ST002753,C0604,2026-04-24 16:25:02,It would be useful to have this feature.,Feature Request,55.66,True
ST002754,C0604,2026-04-21 00:00:00,It would be useful to have this feature.,Feature Request,27.67,True
ST002755,C0605,2026-02-03 19:05:28,I found a bug in the dashboard.,Bug,71.45,True
ST002756,C0605,2026-03-20 02:55:54,I have a question about the product.,Other,7.62,True
ST002757,C0605,2026-03-05 08:45:46,I need help with something.,Other,27.14,True
ST002758,C0605,2026-01-21 00:00:00,I was charged incorrectly this month.,Billing,9.58,True
ST002759,C0605,2026-01-21 00:00:00,I found a bug in the dashboard.,Bug,2.95,False
ST002760,C0606,2026-04-13 00:00:00,It would be useful to have this feature.,Feature Request,53.93,True
ST002761,C0606,2026-04-28 07:10:07,Our integration stopped working.,Integration,62.74,False
ST002762,C0606,2026-04-13 00:00:00,It would be useful to have this feature.,Feature Request,35.49,True
ST002763,C0606,2026-04-13 00:00:00,I need help changing our account settings.,Account,2.33,False
ST002764,C0607,2026-04-14 00:00:00,I was charged incorrectly this month.,Billing,44.21,False
ST002765,C0607,2026-04-14 00:00:00,The application has become slower recently.,Performance,58.21,True
ST002766,C0607,2026-04-14 00:00:00,Can you add more options to the dashboard?,Feature Request,10.19,True
ST002767,C0607,2026-04-16 03:02:33,Can you add more options to the dashboard?,Feature Request,66.76,True
ST002768,C0607,2026-04-14 00:00:00,We are having problems connecting our tools.,Integration,50.89,True
ST002769,C0607,2026-04-14 00:00:00,Why was my payment charged twice?,Billing,6.83,True
ST002770,C0608,2026-04-11 22:14:50,I have a question about the product.,Other,51.63,True
ST002771,C0608,2026-04-14 15:14:44,The application shows an unexpected error.,Bug,10.42,True
ST002772,C0608,2026-01-23 00:00:00,I need help changing our account settings.,Account,40.24,True
ST002773,C0608,2026-04-07 20:58:21,I found a bug in the dashboard.,Bug,38.87,True
ST002774,C0609,2026-04-23 00:00:00,I need help changing our account settings.,Account,64.89,False
ST002775,C0609,2026-04-23 00:00:00,I cannot access my account.,Account,45.93,False
ST002776,C0609,2026-04-23 00:00:00,I found a bug in the dashboard.,Bug,37.03,True
ST002777,C0609,2026-04-23 00:00:00,The application shows an unexpected error.,Bug,10.68,True
ST002778,C0610,2026-02-22 00:00:00,I need help with something.,Other,18.67,False
ST002779,C0610,2026-03-25 20:16:02,I need help with something.,Other,22.43,False
ST002780,C0610,2026-02-22 00:00:00,The integration is not syncing correctly.,Integration,17.56,True
ST002781,C0611,2026-01-04 00:00:00,The integration keeps failing.,Integration,45.1,True
ST002782,C0611,2026-02-18 17:20:13,The application shows an unexpected error.,Bug,3.2,True
ST002783,C0611,2026-02-14 07:11:40,I need help with something.,Other,26.8,True
ST002784,C0611,2026-01-22 11:10:02,It would be useful to have this feature.,Feature Request,1.01,False
ST002785,C0611,2026-01-21 00:12:28,The integration is not syncing correctly.,Integration,26.65,True
ST002786,C0611,2026-04-22 23:04:49,Our integration stopped working.,Integration,63.13,True
ST002787,C0611,2026-04-29 13:47:24,I need help with something.,Other,39.68,True
ST002788,C0611,2026-03-02 22:37:13,I have a question about the product.,Other,7.16,True
ST002789,C0612,2026-03-05 08:58:17,We are having problems connecting our tools.,Integration,2.04,False
ST002790,C0612,2026-04-12 21:53:14,I cannot access my account.,Account,21.49,True
ST002791,C0612,2026-01-23 00:00:00,It would be useful to have this feature.,Feature Request,45.17,True
ST002792,C0613,2026-04-05 00:00:00,The integration keeps failing.,Integration,17.86,True
ST002793,C0613,2026-04-05 00:00:00,I have a question about the product.,Other,42.96,True
ST002794,C0613,2026-04-05 00:00:00,The dashboard is loading slowly.,Performance,41.48,True
ST002795,C0614,2026-04-29 00:00:00,We are having problems connecting our tools.,Integration,64.3,True
ST002796,C0614,2026-04-29 00:00:00,It would be useful to have this feature.,Feature Request,16.17,True
ST002797,C0614,2026-04-29 00:00:00,I have a question about the product.,Other,24.66,True
ST002798,C0615,2026-02-12 00:00:00,I need help changing our account settings.,Account,70.97,True
ST002799,C0615,2026-02-12 00:00:00,I have a question about the product.,Other,4.26,True
ST002800,C0615,2026-03-23 06:16:13,I have a question about my invoice.,Billing,52.39,True
ST002801,C0615,2026-02-12 00:00:00,We are having problems connecting our tools.,Integration,67.66,False
ST002802,C0615,2026-03-29 05:19:03,The application shows an unexpected error.,Bug,16.17,False
ST002803,C0615,2026-02-20 13:34:08,I cannot access my account.,Account,25.88,False
ST002804,C0615,2026-04-26 16:08:16,I need help with something.,Other,29.84,True
ST002805,C0616,2026-04-11 00:00:00,I need help with something.,Other,19.58,True
ST002806,C0616,2026-04-11 00:00:00,We are having problems connecting our tools.,Integration,45.13,True
ST002807,C0616,2026-04-11 00:00:00,The application shows an unexpected error.,Bug,66.07,True
ST002808,C0616,2026-04-17 03:45:11,The integration keeps failing.,Integration,35.41,False
ST002809,C0616,2026-04-11 00:00:00,I was charged incorrectly this month.,Billing,58.85,True
ST002810,C0616,2026-04-25 23:03:42,I have a question about the product.,Other,31.83,True
ST002811,C0616,2026-04-11 00:00:00,I cannot access my account.,Account,53.78,False
ST002812,C0616,2026-04-11 00:00:00,The application shows an unexpected error.,Bug,61.39,True
ST002813,C0617,2026-04-30 00:00:00,I have a question about the product.,Other,30.77,False
ST002814,C0617,2026-04-30 00:00:00,I have a question about the product.,Other,6.59,True
ST002815,C0618,2026-02-22 00:00:00,The dashboard is loading slowly.,Performance,8.64,True
ST002816,C0618,2026-03-26 23:55:05,The integration keeps failing.,Integration,19.18,False
ST002817,C0618,2026-04-23 02:12:26,I need help with something.,Other,15.04,True
ST002818,C0619,2026-04-13 00:00:00,I found a bug in the dashboard.,Bug,56.72,True
ST002819,C0619,2026-04-13 00:00:00,Our integration stopped working.,Integration,8.18,True
ST002820,C0619,2026-04-13 00:00:00,I need help with something.,Other,65.39,False
ST002821,C0619,2026-04-13 00:00:00,Our integration stopped working.,Integration,28.8,True
ST002822,C0620,2026-03-27 00:00:00,I was charged incorrectly this month.,Billing,69.79,False
ST002823,C0620,2026-03-27 00:00:00,The integration is not syncing correctly.,Integration,62.8,True
ST002824,C0620,2026-03-27 00:00:00,The application has become slower recently.,Performance,18.37,True
ST002825,C0620,2026-03-27 00:00:00,We are having problems connecting our tools.,Integration,42.0,True
ST002826,C0620,2026-03-27 13:41:02,I need help with something.,Other,27.72,True
ST002827,C0620,2026-03-27 00:00:00,Our integration stopped working.,Integration,52.5,False
ST002828,C0621,2026-04-21 00:00:00,The application has become slower recently.,Performance,42.39,True
ST002829,C0621,2026-04-21 00:00:00,The application has become slower recently.,Performance,49.92,True
ST002830,C0621,2026-04-28 22:43:16,Something is not working correctly.,Bug,52.55,True
ST002831,C0621,2026-04-21 00:00:00,The application shows an unexpected error.,Bug,18.64,True
ST002832,C0621,2026-04-21 00:00:00,The integration is not syncing correctly.,Integration,9.02,True
ST002833,C0621,2026-04-21 00:00:00,I need help changing our account settings.,Account,66.44,True
ST002834,C0621,2026-04-21 00:00:00,We are having problems connecting our tools.,Integration,53.19,False
ST002835,C0621,2026-04-21 00:00:00,I have a question about the product.,Other,48.95,True
ST002836,C0622,2026-04-05 00:00:00,I have a question about the product.,Other,41.45,True
ST002837,C0622,2026-04-05 00:00:00,I have a question about the product.,Other,55.4,True
ST002838,C0622,2026-04-05 00:00:00,The integration is not syncing correctly.,Integration,68.89,False
ST002839,C0623,2026-04-14 00:00:00,The application has become slower recently.,Performance,13.35,True
ST002840,C0623,2026-04-14 00:00:00,I found a bug in the dashboard.,Bug,21.85,True
ST002841,C0623,2026-04-14 00:00:00,Our integration stopped working.,Integration,50.86,True
ST002842,C0623,2026-04-15 12:25:04,Something is not working correctly.,Bug,55.98,True
ST002843,C0623,2026-04-14 00:00:00,Can you add more options to the dashboard?,Feature Request,5.26,True
ST002844,C0623,2026-04-15 02:09:09,Our integration stopped working.,Integration,40.54,True
ST002845,C0624,2026-02-01 00:00:00,It would be useful to have this feature.,Feature Request,64.3,True
ST002846,C0624,2026-02-23 08:18:21,I have a question about the product.,Other,71.52,True
ST002847,C0625,2026-04-25 19:11:36,The application shows an unexpected error.,Bug,31.69,True
ST002848,C0625,2026-04-18 18:20:27,The dashboard is loading slowly.,Performance,11.61,True
ST002849,C0625,2026-04-20 04:55:52,I have a question about the product.,Other,36.14,True
ST002850,C0625,2026-03-08 02:03:02,I need help with something.,Other,33.58,True
ST002851,C0625,2026-02-28 17:00:50,I cannot access my account.,Account,26.94,False
ST002852,C0626,2026-02-25 18:21:36,I have a question about my invoice.,Billing,42.15,False
ST002853,C0626,2026-02-11 15:39:05,I was charged incorrectly this month.,Billing,70.83,True
ST002854,C0626,2026-01-21 00:00:00,It would be useful to have this feature.,Feature Request,20.71,True
ST002855,C0626,2026-01-21 00:00:00,I have a question about the product.,Other,19.06,True
ST002856,C0626,2026-01-21 00:00:00,I have a question about the product.,Other,37.92,True
ST002857,C0626,2026-02-06 04:50:36,I need help with something.,Other,57.78,True
ST002858,C0626,2026-02-13 06:07:01,Can you add more options to the dashboard?,Feature Request,59.48,True
ST002859,C0626,2026-02-03 05:24:34,We are having problems connecting our tools.,Integration,60.14,True
ST002860,C0627,2026-04-11 00:00:00,It would be useful to have this feature.,Feature Request,55.65,True
ST002861,C0627,2026-04-11 00:00:00,Our integration stopped working.,Integration,11.71,True
ST002862,C0627,2026-04-11 00:00:00,I need help with something.,Other,57.88,True
ST002863,C0627,2026-04-11 00:00:00,The integration is not syncing correctly.,Integration,27.61,True
ST002864,C0627,2026-04-11 00:00:00,We are having problems connecting our tools.,Integration,30.39,True
ST002865,C0628,2026-03-31 00:00:00,I have a question about my invoice.,Billing,33.92,True
ST002866,C0628,2026-03-31 00:00:00,I found a bug in the dashboard.,Bug,6.24,True
ST002867,C0628,2026-04-16 05:07:01,We are having problems connecting our tools.,Integration,28.2,True
ST002868,C0628,2026-03-31 00:00:00,We are having problems connecting our tools.,Integration,51.75,True
ST002869,C0628,2026-03-31 00:00:00,I need help with something.,Other,67.31,True
ST002870,C0628,2026-03-31 00:00:00,I found a bug in the dashboard.,Bug,10.65,True
ST002871,C0628,2026-03-31 00:00:00,I found a bug in the dashboard.,Bug,41.32,True
ST002872,C0629,2026-03-09 02:55:21,We are having problems connecting our tools.,Integration,27.35,False
ST002873,C0630,2026-02-18 00:00:00,The dashboard is loading slowly.,Performance,62.42,False
ST002874,C0631,2026-04-22 00:00:00,I have a question about the product.,Other,37.01,True
ST002875,C0631,2026-04-22 00:00:00,It would be useful to have this feature.,Feature Request,50.66,False
ST002876,C0631,2026-04-22 00:00:00,The integration is not syncing correctly.,Integration,4.79,False
ST002877,C0631,2026-04-22 00:00:00,I need help with something.,Other,16.33,True
ST002878,C0631,2026-04-22 00:00:00,The application shows an unexpected error.,Bug,54.89,True
ST002879,C0632,2026-03-16 01:21:47,I was charged incorrectly this month.,Billing,18.86,True
ST002880,C0632,2026-02-17 17:31:05,Our integration stopped working.,Integration,41.56,False
ST002881,C0633,2026-04-20 00:00:00,I need help changing our account settings.,Account,11.75,False
ST002882,C0634,2026-04-13 03:34:33,I have a question about my invoice.,Billing,1.4,True
ST002883,C0634,2026-03-02 00:00:00,Can you add more options to the dashboard?,Feature Request,28.55,True
ST002884,C0634,2026-04-25 18:26:01,The dashboard is loading slowly.,Performance,13.33,True
ST002885,C0634,2026-04-26 11:52:18,Something is not working correctly.,Bug,62.92,True
ST002886,C0634,2026-03-29 23:42:32,I cannot access my account.,Account,4.2,True
ST002887,C0635,2026-03-26 19:12:52,The application shows an unexpected error.,Bug,42.65,True
ST002888,C0635,2026-01-29 00:00:00,I need help with something.,Other,37.76,True
ST002889,C0635,2026-03-24 20:39:07,Can you add more options to the dashboard?,Feature Request,52.07,False
ST002890,C0636,2026-03-11 07:23:55,I have a question about the product.,Other,48.27,True
ST002891,C0636,2026-03-14 16:47:56,The integration is not syncing correctly.,Integration,17.49,True
ST002892,C0636,2026-01-26 00:00:00,I have a question about the product.,Other,59.82,True
ST002893,C0636,2026-04-05 13:01:28,The application shows an unexpected error.,Bug,6.02,True
ST002894,C0636,2026-04-11 13:28:18,I need help with something.,Other,33.78,True
ST002895,C0636,2026-01-26 00:00:00,I need help with something.,Other,43.8,True
ST002896,C0637,2026-04-15 00:00:00,The dashboard is loading slowly.,Performance,31.86,True
ST002897,C0637,2026-04-15 00:00:00,The integration is not syncing correctly.,Integration,39.67,False
ST002898,C0637,2026-04-15 00:00:00,Our integration stopped working.,Integration,42.92,True
ST002899,C0637,2026-04-15 00:00:00,Our integration stopped working.,Integration,39.44,True
ST002900,C0637,2026-04-15 00:00:00,Can you add more options to the dashboard?,Feature Request,13.16,True
ST002901,C0638,2026-04-28 00:00:00,The application shows an unexpected error.,Bug,29.58,False
ST002902,C0639,2026-02-28 00:00:00,The application shows an unexpected error.,Bug,13.38,True
ST002903,C0639,2026-02-28 11:01:18,Why was my payment charged twice?,Billing,14.88,True
ST002904,C0639,2026-03-08 10:23:49,The integration is not syncing correctly.,Integration,14.56,True
ST002905,C0639,2026-04-17 22:24:14,I need help changing our account settings.,Account,14.4,True
ST002906,C0639,2026-02-28 00:00:00,I have a question about my invoice.,Billing,40.26,False
ST002907,C0639,2026-03-09 12:24:14,I need help with something.,Other,71.75,True
ST002908,C0640,2026-02-27 07:58:14,The application shows an unexpected error.,Bug,44.15,True
ST002909,C0640,2026-02-14 15:49:55,Something is not working correctly.,Bug,27.41,True
ST002910,C0640,2026-03-23 13:25:27,The application shows an unexpected error.,Bug,40.2,True
ST002911,C0640,2026-03-20 19:38:18,The application shows an unexpected error.,Bug,56.51,False
ST002912,C0640,2026-02-14 00:00:00,The integration keeps failing.,Integration,45.57,True
ST002913,C0640,2026-02-22 03:33:21,Can you add more options to the dashboard?,Feature Request,29.27,True
ST002914,C0640,2026-03-19 10:08:21,I cannot access my account.,Account,18.43,True
ST002915,C0640,2026-04-17 17:36:32,The dashboard is loading slowly.,Performance,58.37,False
ST002916,C0641,2026-03-24 16:58:39,I need help with something.,Other,25.93,True
ST002917,C0641,2026-04-01 00:44:16,Can you add more options to the dashboard?,Feature Request,67.8,True
ST002918,C0642,2026-04-16 00:00:00,The integration is not syncing correctly.,Integration,41.94,False
ST002919,C0642,2026-04-16 00:00:00,Our integration stopped working.,Integration,71.94,True
ST002920,C0642,2026-04-16 00:00:00,I was charged incorrectly this month.,Billing,13.83,True
ST002921,C0642,2026-04-16 00:00:00,I was charged incorrectly this month.,Billing,71.59,False
ST002922,C0642,2026-04-16 00:00:00,I was charged incorrectly this month.,Billing,24.69,True
ST002923,C0642,2026-04-16 00:00:00,I have a question about the product.,Other,23.12,True
ST002924,C0643,2026-04-12 00:00:00,The integration keeps failing.,Integration,22.43,True
ST002925,C0643,2026-04-12 00:00:00,I have a question about the product.,Other,68.03,True
ST002926,C0643,2026-04-12 00:00:00,Something is not working correctly.,Bug,22.57,True
ST002927,C0643,2026-04-12 00:00:00,I was charged incorrectly this month.,Billing,68.94,True
ST002928,C0643,2026-04-12 00:00:00,It would be useful to have this feature.,Feature Request,13.4,True
ST002929,C0644,2026-04-22 00:00:00,The application shows an unexpected error.,Bug,44.32,True
ST002930,C0644,2026-04-29 14:14:14,I was charged incorrectly this month.,Billing,38.94,True
ST002931,C0644,2026-04-22 00:00:00,I found a bug in the dashboard.,Bug,29.6,False
ST002932,C0644,2026-04-23 05:23:56,I need help with something.,Other,2.47,True
ST002933,C0644,2026-04-22 00:00:00,It would be useful to have this feature.,Feature Request,6.59,False
ST002934,C0644,2026-04-22 00:00:00,Can you add more options to the dashboard?,Feature Request,49.32,True
ST002935,C0644,2026-04-22 00:00:00,I have a question about the product.,Other,47.39,True
ST002936,C0644,2026-04-22 00:00:00,I cannot access my account.,Account,34.24,True
ST002937,C0645,2026-02-15 13:16:57,The application has become slower recently.,Performance,14.88,True
ST002938,C0645,2026-02-13 10:24:20,I have a question about my invoice.,Billing,54.87,True
ST002939,C0645,2026-04-16 03:31:55,I need help with something.,Other,63.79,True
ST002940,C0645,2026-02-03 19:49:09,I have a question about the product.,Other,63.7,True
ST002941,C0645,2026-02-14 16:53:04,I found a bug in the dashboard.,Bug,10.58,True
ST002942,C0645,2026-03-24 04:33:06,The integration keeps failing.,Integration,46.54,True
ST002943,C0645,2026-02-02 13:22:37,The integration keeps failing.,Integration,31.41,True
ST002944,C0646,2026-03-13 01:52:22,Our integration stopped working.,Integration,70.57,True
ST002945,C0647,2026-04-28 05:45:07,It would be useful to have this feature.,Feature Request,26.36,True
ST002946,C0647,2026-01-22 11:07:43,The application has become slower recently.,Performance,9.88,True
ST002947,C0647,2026-03-05 01:10:57,I need help with something.,Other,38.02,True
ST002948,C0647,2026-02-01 09:58:48,It would be useful to have this feature.,Feature Request,46.9,False
ST002949,C0647,2026-02-22 03:30:31,The integration is not syncing correctly.,Integration,19.67,False
ST002950,C0647,2026-01-13 16:53:17,The application has become slower recently.,Performance,21.41,True
ST002951,C0648,2026-03-26 00:00:00,I found a bug in the dashboard.,Bug,58.04,False
ST002952,C0648,2026-04-21 18:55:29,The application has become slower recently.,Performance,1.61,True
ST002953,C0648,2026-03-26 00:00:00,The application has become slower recently.,Performance,71.35,True
ST002954,C0648,2026-03-26 00:00:00,It would be useful to have this feature.,Feature Request,5.89,True
ST002955,C0648,2026-04-13 09:32:07,The application shows an unexpected error.,Bug,64.16,True
ST002956,C0648,2026-03-26 19:21:02,We are having problems connecting our tools.,Integration,46.31,True
ST002957,C0649,2026-03-20 11:44:26,The dashboard is loading slowly.,Performance,66.54,False
ST002958,C0649,2026-04-01 17:43:54,Why was my payment charged twice?,Billing,8.58,True
ST002959,C0649,2026-02-15 02:51:36,I need help with something.,Other,3.28,True
ST002960,C0649,2026-04-05 06:55:22,The integration keeps failing.,Integration,21.27,False
ST002961,C0650,2026-02-21 00:00:00,Something is not working correctly.,Bug,64.77,True
ST002962,C0650,2026-02-21 00:00:00,I need help with something.,Other,65.66,True
ST002963,C0650,2026-02-21 00:00:00,Something is not working correctly.,Bug,34.41,True
ST002964,C0650,2026-03-06 15:44:44,I have a question about the product.,Other,45.03,True
ST002965,C0650,2026-03-24 19:29:29,I cannot access my account.,Account,22.69,True
ST002966,C0650,2026-04-22 02:28:46,Something is not working correctly.,Bug,44.8,True
ST002967,C0651,2026-02-12 00:00:00,I need help changing our account settings.,Account,47.18,True
ST002968,C0651,2026-04-06 04:10:55,I found a bug in the dashboard.,Bug,35.99,False
ST002969,C0652,2026-04-25 06:27:24,I have a question about the product.,Other,71.42,True
ST002970,C0652,2026-02-05 00:00:00,Can you add more options to the dashboard?,Feature Request,29.29,True
ST002971,C0653,2026-04-21 00:00:00,I need help with something.,Other,39.11,False
ST002972,C0653,2026-04-21 00:00:00,I have a question about the product.,Other,43.6,True
ST002973,C0653,2026-04-21 00:00:00,I have a question about the product.,Other,58.02,True
ST002974,C0653,2026-04-21 00:00:00,I found a bug in the dashboard.,Bug,29.83,True
ST002975,C0654,2026-03-17 09:01:26,The integration keeps failing.,Integration,22.0,True
ST002976,C0654,2026-01-16 22:20:40,We are having problems connecting our tools.,Integration,54.83,True
ST002977,C0655,2026-04-09 00:00:00,I found a bug in the dashboard.,Bug,52.15,True
ST002978,C0655,2026-04-17 16:04:51,I have a question about the product.,Other,37.42,True
ST002979,C0655,2026-04-09 00:00:00,I have a question about my invoice.,Billing,23.56,True
ST002980,C0656,2026-02-05 00:00:00,Can you add more options to the dashboard?,Feature Request,45.56,True
ST002981,C0656,2026-04-06 08:31:32,The dashboard is loading slowly.,Performance,8.26,True
ST002982,C0656,2026-04-08 22:54:30,I found a bug in the dashboard.,Bug,71.96,False
ST002983,C0656,2026-02-16 18:21:50,I cannot access my account.,Account,41.0,False
ST002984,C0656,2026-03-28 06:22:54,I have a question about the product.,Other,62.47,True
ST002985,C0656,2026-02-08 13:41:55,We are having problems connecting our tools.,Integration,19.6,True
ST002986,C0656,2026-02-05 00:00:00,The integration is not syncing correctly.,Integration,25.11,True
ST002987,C0657,2026-04-04 10:20:56,Can you add more options to the dashboard?,Feature Request,31.71,True
ST002988,C0657,2026-03-02 05:07:58,We are having problems connecting our tools.,Integration,29.99,True
ST002989,C0657,2026-02-14 00:00:00,I found a bug in the dashboard.,Bug,40.07,True
ST002990,C0657,2026-02-14 00:00:00,Can you add more options to the dashboard?,Feature Request,51.49,False
ST002991,C0657,2026-04-17 23:05:40,It would be useful to have this feature.,Feature Request,46.62,True
ST002992,C0657,2026-03-28 23:39:14,The application shows an unexpected error.,Bug,36.06,True
ST002993,C0657,2026-03-01 01:56:05,I have a question about the product.,Other,7.61,True
ST002994,C0657,2026-03-18 13:35:53,I have a question about the product.,Other,36.38,True
ST002995,C0658,2026-04-10 00:26:36,Something is not working correctly.,Bug,27.52,False
ST002996,C0658,2026-03-24 00:00:00,I found a bug in the dashboard.,Bug,65.29,True
ST002997,C0658,2026-04-24 02:05:18,Something is not working correctly.,Bug,57.13,True
ST002998,C0658,2026-03-24 00:00:00,I have a question about the product.,Other,59.3,False
ST002999,C0658,2026-03-24 00:00:00,I cannot access my account.,Account,31.53,True
ST003000,C0658,2026-03-24 00:00:00,The integration keeps failing.,Integration,21.4,True
ST003001,C0658,2026-03-24 00:00:00,The application shows an unexpected error.,Bug,48.67,False
ST003002,C0658,2026-03-24 00:00:00,We are having problems connecting our tools.,Integration,58.11,True
ST003003,C0659,2026-04-20 11:30:52,I was charged incorrectly this month.,Billing,41.7,True
ST003004,C0659,2026-03-22 05:59:09,Can you add more options to the dashboard?,Feature Request,23.68,False
ST003005,C0659,2026-03-29 07:28:53,I need help changing our account settings.,Account,35.33,True
ST003006,C0659,2026-03-25 05:43:45,The integration keeps failing.,Integration,26.95,True
ST003007,C0659,2026-03-07 00:00:00,We are having problems connecting our tools.,Integration,19.15,True
ST003008,C0660,2026-03-30 21:17:41,The integration keeps failing.,Integration,31.17,True
ST003009,C0660,2026-04-18 16:45:16,It would be useful to have this feature.,Feature Request,30.14,True
ST003010,C0660,2026-02-22 10:44:17,The integration is not syncing correctly.,Integration,55.42,True
ST003011,C0660,2026-02-21 00:00:00,The application shows an unexpected error.,Bug,37.43,False
ST003012,C0660,2026-03-03 04:21:35,I need help changing our account settings.,Account,64.96,True
ST003013,C0660,2026-04-13 03:52:47,I cannot access my account.,Account,19.62,True
ST003014,C0661,2026-03-28 00:00:00,I need help with something.,Other,7.54,True
ST003015,C0662,2026-04-18 00:00:00,I have a question about the product.,Other,12.07,True
ST003016,C0662,2026-04-18 00:00:00,I have a question about the product.,Other,3.94,False
ST003017,C0662,2026-04-18 00:00:00,I need help with something.,Other,26.03,True
ST003018,C0662,2026-04-18 00:00:00,The integration keeps failing.,Integration,3.74,True
ST003019,C0662,2026-04-24 15:43:51,The application has become slower recently.,Performance,22.31,True
ST003020,C0663,2026-03-10 00:00:00,Can you add more options to the dashboard?,Feature Request,38.77,True
ST003021,C0663,2026-03-10 00:00:00,I have a question about my invoice.,Billing,13.87,True
ST003022,C0664,2026-04-12 04:26:10,It would be useful to have this feature.,Feature Request,17.32,False
ST003023,C0665,2026-02-19 02:21:38,I have a question about the product.,Other,15.13,True
ST003024,C0665,2026-04-04 06:19:33,Can you add more options to the dashboard?,Feature Request,35.04,True
ST003025,C0666,2026-02-19 05:24:55,Our integration stopped working.,Integration,41.34,True
ST003026,C0666,2026-01-27 07:59:57,I have a question about the product.,Other,51.76,True
ST003027,C0666,2026-02-10 15:02:33,The application shows an unexpected error.,Bug,59.19,False
ST003028,C0666,2026-04-19 09:38:59,I have a question about the product.,Other,11.32,True
ST003029,C0666,2026-03-29 08:11:55,I need help with something.,Other,11.33,True
ST003030,C0666,2026-01-25 18:33:51,We are having problems connecting our tools.,Integration,65.89,False
ST003031,C0667,2026-04-23 00:00:00,The application has become slower recently.,Performance,70.75,True
ST003032,C0667,2026-04-23 00:00:00,I need help with something.,Other,47.01,True
ST003033,C0668,2026-03-23 04:21:20,We are having problems connecting our tools.,Integration,62.94,False
ST003034,C0668,2026-03-08 23:00:59,We are having problems connecting our tools.,Integration,50.44,False
ST003035,C0669,2026-01-23 00:00:00,The integration keeps failing.,Integration,43.73,False
ST003036,C0669,2026-02-14 16:35:06,I need help with something.,Other,15.24,True
ST003037,C0669,2026-02-02 17:59:05,The integration is not syncing correctly.,Integration,69.03,True
ST003038,C0669,2026-02-17 01:34:02,The application shows an unexpected error.,Bug,20.76,True
ST003039,C0670,2026-03-16 00:00:00,I need help with something.,Other,47.45,False
ST003040,C0670,2026-04-11 06:17:22,I need help changing our account settings.,Account,29.64,True
ST003041,C0670,2026-03-16 00:00:00,Something is not working correctly.,Bug,1.5,True
ST003042,C0670,2026-03-16 00:00:00,I found a bug in the dashboard.,Bug,24.66,True
ST003043,C0670,2026-03-29 09:59:02,I found a bug in the dashboard.,Bug,58.22,True
ST003044,C0670,2026-03-20 09:55:36,The application shows an unexpected error.,Bug,29.74,False
ST003045,C0670,2026-04-10 05:54:41,I was charged incorrectly this month.,Billing,25.88,True
ST003046,C0671,2026-03-12 22:00:55,Why was my payment charged twice?,Billing,49.34,True
ST003047,C0671,2026-04-16 15:02:54,I need help changing our account settings.,Account,3.36,True
ST003048,C0671,2026-02-03 00:00:00,The application shows an unexpected error.,Bug,45.8,True
ST003049,C0671,2026-02-14 03:37:27,I was charged incorrectly this month.,Billing,68.21,False
ST003050,C0671,2026-02-03 00:00:00,The application shows an unexpected error.,Bug,58.49,False
ST003051,C0671,2026-04-17 11:40:15,I cannot access my account.,Account,34.41,True
ST003052,C0671,2026-02-16 20:25:11,I have a question about the product.,Other,61.97,True
ST003053,C0671,2026-04-02 22:48:17,The application shows an unexpected error.,Bug,37.2,False
ST003054,C0672,2026-01-07 02:00:28,I need help with something.,Other,25.3,False
ST003055,C0672,2026-02-01 20:59:14,Our integration stopped working.,Integration,40.36,True
ST003056,C0672,2026-02-08 17:44:59,I need help changing our account settings.,Account,15.74,True
ST003057,C0672,2026-01-13 09:35:45,I need help changing our account settings.,Account,7.85,True
ST003058,C0672,2026-04-07 09:35:00,The application shows an unexpected error.,Bug,24.24,True
ST003059,C0673,2026-04-12 11:58:42,Our integration stopped working.,Integration,55.57,True
ST003060,C0673,2026-01-14 00:00:00,I need help changing our account settings.,Account,61.43,True
ST003061,C0673,2026-02-21 00:20:54,The integration is not syncing correctly.,Integration,3.44,True
ST003062,C0673,2026-02-14 10:46:56,I have a question about my invoice.,Billing,70.34,True
ST003063,C0673,2026-03-22 18:30:21,The dashboard is loading slowly.,Performance,29.01,True
ST003064,C0674,2026-03-18 00:00:00,The integration keeps failing.,Integration,27.9,True
ST003065,C0674,2026-04-28 06:08:52,I need help with something.,Other,25.99,False
ST003066,C0674,2026-04-13 22:27:11,Something is not working correctly.,Bug,49.67,True
ST003067,C0674,2026-03-21 11:56:00,The integration is not syncing correctly.,Integration,29.97,True
ST003068,C0674,2026-03-18 00:00:00,I cannot access my account.,Account,7.28,True
ST003069,C0675,2026-02-25 00:00:00,I found a bug in the dashboard.,Bug,25.58,True
ST003070,C0676,2026-04-18 18:28:02,I need help with something.,Other,62.18,True
ST003071,C0676,2026-02-14 00:00:00,I have a question about the product.,Other,45.94,True
ST003072,C0676,2026-02-14 00:00:00,The integration is not syncing correctly.,Integration,41.85,True
ST003073,C0676,2026-04-09 04:32:42,I need help with something.,Other,38.08,True
ST003074,C0677,2026-04-04 00:00:00,The integration keeps failing.,Integration,13.15,False
ST003075,C0677,2026-04-04 00:00:00,Why was my payment charged twice?,Billing,70.16,False
ST003076,C0677,2026-04-04 00:00:00,Something is not working correctly.,Bug,41.34,True
ST003077,C0678,2026-04-11 00:00:00,Our integration stopped working.,Integration,48.35,True
ST003078,C0678,2026-04-11 00:00:00,I found a bug in the dashboard.,Bug,8.41,True
ST003079,C0678,2026-04-11 00:00:00,I need help with something.,Other,23.88,True
ST003080,C0678,2026-04-11 00:00:00,The application shows an unexpected error.,Bug,28.76,False
ST003081,C0679,2026-02-10 00:00:00,The integration is not syncing correctly.,Integration,10.28,True
ST003082,C0679,2026-02-10 00:00:00,Can you add more options to the dashboard?,Feature Request,21.28,True
ST003083,C0679,2026-02-10 00:00:00,The application has become slower recently.,Performance,70.02,True
ST003084,C0680,2026-02-25 00:00:00,Can you add more options to the dashboard?,Feature Request,31.46,True
ST003085,C0680,2026-02-25 00:00:00,I was charged incorrectly this month.,Billing,39.73,True
ST003086,C0680,2026-02-25 00:00:00,The application shows an unexpected error.,Bug,7.8,True
ST003087,C0680,2026-04-20 22:15:57,I have a question about my invoice.,Billing,31.37,True
ST003088,C0680,2026-02-25 00:00:00,I have a question about the product.,Other,16.78,True
ST003089,C0681,2026-03-20 21:27:29,Something is not working correctly.,Bug,12.63,True
ST003090,C0682,2026-03-07 00:00:00,I have a question about the product.,Other,21.1,True
ST003091,C0682,2026-03-07 00:00:00,The integration keeps failing.,Integration,40.76,True
ST003092,C0682,2026-03-21 21:57:28,Can you add more options to the dashboard?,Feature Request,31.38,False
ST003093,C0682,2026-04-06 09:59:05,The dashboard is loading slowly.,Performance,35.74,False
ST003094,C0682,2026-03-07 00:00:00,The application shows an unexpected error.,Bug,4.24,True
ST003095,C0682,2026-04-06 07:30:09,Our integration stopped working.,Integration,27.37,True
ST003096,C0682,2026-03-07 00:00:00,The integration keeps failing.,Integration,63.57,False
ST003097,C0683,2026-01-25 23:18:12,I found a bug in the dashboard.,Bug,37.2,True
ST003098,C0683,2026-03-26 06:13:19,The dashboard is loading slowly.,Performance,21.2,True
ST003099,C0683,2026-04-21 09:57:49,Something is not working correctly.,Bug,41.47,True
ST003100,C0684,2026-02-19 00:00:00,The integration is not syncing correctly.,Integration,18.3,False
ST003101,C0685,2026-04-26 00:00:00,Something is not working correctly.,Bug,41.93,True
ST003102,C0686,2026-04-24 15:57:11,I need help with something.,Other,52.41,True
ST003103,C0686,2026-04-18 15:14:15,I have a question about the product.,Other,8.3,True
ST003104,C0687,2026-04-05 00:32:35,The application shows an unexpected error.,Bug,32.17,True
ST003105,C0687,2026-01-25 00:00:00,The application shows an unexpected error.,Bug,30.42,True
ST003106,C0687,2026-02-20 10:43:53,I need help with something.,Other,59.36,True
ST003107,C0687,2026-01-25 00:00:00,The application shows an unexpected error.,Bug,9.57,False
ST003108,C0687,2026-03-12 11:19:34,I cannot access my account.,Account,15.35,True
ST003109,C0688,2026-02-02 00:00:00,I have a question about the product.,Other,26.76,True
ST003110,C0688,2026-02-02 00:00:00,The application shows an unexpected error.,Bug,57.98,True
ST003111,C0688,2026-04-25 23:17:41,I found a bug in the dashboard.,Bug,11.81,True
ST003112,C0688,2026-02-25 23:27:09,The integration is not syncing correctly.,Integration,22.82,True
ST003113,C0688,2026-04-07 20:33:43,I have a question about my invoice.,Billing,71.97,True
ST003114,C0688,2026-04-13 16:20:03,It would be useful to have this feature.,Feature Request,60.41,False
ST003115,C0688,2026-03-19 03:07:14,The integration is not syncing correctly.,Integration,51.16,True
ST003116,C0688,2026-02-02 00:00:00,The application has become slower recently.,Performance,41.02,False
ST003117,C0689,2026-04-15 03:31:30,Can you add more options to the dashboard?,Feature Request,1.89,False
ST003118,C0689,2026-01-19 17:15:28,Our integration stopped working.,Integration,31.03,False
ST003119,C0689,2026-04-25 21:13:31,I have a question about the product.,Other,47.55,True
ST003120,C0689,2026-01-17 02:24:35,I have a question about the product.,Other,1.14,True
ST003121,C0689,2026-04-01 20:10:30,I cannot access my account.,Account,27.65,True
ST003122,C0689,2026-02-12 06:40:58,I need help with something.,Other,39.64,False
ST003123,C0689,2026-04-28 22:40:20,I have a question about the product.,Other,56.52,True
ST003124,C0689,2026-03-25 20:10:21,The integration is not syncing correctly.,Integration,40.38,True
ST003125,C0690,2026-04-01 00:00:00,I need help with something.,Other,67.01,True
ST003126,C0690,2026-04-01 00:00:00,We are having problems connecting our tools.,Integration,65.05,True
ST003127,C0690,2026-04-01 00:00:00,The application shows an unexpected error.,Bug,62.72,False
ST003128,C0690,2026-04-01 00:00:00,I was charged incorrectly this month.,Billing,6.96,True
ST003129,C0690,2026-04-01 00:00:00,I cannot access my account.,Account,39.5,True
ST003130,C0691,2026-02-25 00:00:00,I was charged incorrectly this month.,Billing,16.69,False
ST003131,C0692,2026-02-19 07:47:16,I need help with something.,Other,15.62,True
ST003132,C0692,2026-03-02 11:20:20,The integration is not syncing correctly.,Integration,12.93,True
ST003133,C0692,2026-01-11 22:27:02,The application shows an unexpected error.,Bug,33.8,True
ST003134,C0692,2026-02-27 02:06:54,It would be useful to have this feature.,Feature Request,71.87,True
ST003135,C0692,2026-01-10 10:24:52,I have a question about the product.,Other,44.45,True
ST003136,C0692,2026-01-29 23:55:44,It would be useful to have this feature.,Feature Request,60.63,True
ST003137,C0692,2026-03-25 19:40:50,I need help with something.,Other,24.71,True
ST003138,C0692,2026-04-29 13:28:48,I found a bug in the dashboard.,Bug,63.36,True
ST003139,C0693,2026-03-08 00:00:00,Our integration stopped working.,Integration,22.5,True
ST003140,C0693,2026-03-08 00:00:00,Can you add more options to the dashboard?,Feature Request,29.3,True
ST003141,C0694,2026-04-29 00:00:00,Why was my payment charged twice?,Billing,54.15,True
ST003142,C0694,2026-04-29 12:43:24,I need help changing our account settings.,Account,38.43,True
ST003143,C0694,2026-04-29 00:00:00,I need help with something.,Other,43.05,True
ST003144,C0694,2026-04-29 00:00:00,Our integration stopped working.,Integration,25.57,True
ST003145,C0694,2026-04-29 00:00:00,I need help with something.,Other,10.9,True
ST003146,C0694,2026-04-29 00:00:00,Can you add more options to the dashboard?,Feature Request,52.82,False
ST003147,C0694,2026-04-29 00:00:00,The integration keeps failing.,Integration,67.54,True
ST003148,C0694,2026-04-29 00:00:00,The dashboard is loading slowly.,Performance,62.21,False
ST003149,C0695,2026-04-14 00:00:00,The dashboard is loading slowly.,Performance,15.12,True
ST003150,C0695,2026-04-14 00:00:00,I have a question about the product.,Other,46.84,True
ST003151,C0696,2026-03-10 00:00:00,I need help with something.,Other,67.71,True
ST003152,C0696,2026-03-10 00:00:00,The dashboard is loading slowly.,Performance,21.64,True
ST003153,C0696,2026-04-10 01:55:45,I need help changing our account settings.,Account,43.96,False
ST003154,C0696,2026-03-10 00:00:00,The application shows an unexpected error.,Bug,62.15,False
ST003155,C0696,2026-04-14 12:31:12,I have a question about the product.,Other,21.39,False
ST003156,C0696,2026-03-16 20:15:57,I need help changing our account settings.,Account,7.91,True
ST003157,C0697,2026-03-29 00:00:00,I have a question about the product.,Other,57.64,True
ST003158,C0697,2026-03-29 00:00:00,I cannot access my account.,Account,1.13,True
ST003159,C0698,2026-04-03 00:00:00,I was charged incorrectly this month.,Billing,49.94,True
ST003160,C0698,2026-04-03 00:00:00,I need help with something.,Other,2.84,True
ST003161,C0698,2026-04-03 00:00:00,I need help with something.,Other,42.86,True
ST003162,C0698,2026-04-03 00:00:00,Our integration stopped working.,Integration,20.82,True
ST003163,C0698,2026-04-03 00:00:00,I need help with something.,Other,26.91,True
ST003164,C0698,2026-04-03 00:00:00,The application shows an unexpected error.,Bug,56.02,True
ST003165,C0698,2026-04-03 00:00:00,I need help changing our account settings.,Account,34.29,False
ST003166,C0698,2026-04-03 00:00:00,I need help with something.,Other,52.3,True
ST003167,C0699,2026-04-05 00:00:00,I found a bug in the dashboard.,Bug,60.33,True
ST003168,C0699,2026-04-05 00:00:00,I need help changing our account settings.,Account,28.0,True
ST003169,C0699,2026-04-05 00:00:00,The integration is not syncing correctly.,Integration,71.09,True
ST003170,C0699,2026-04-05 00:00:00,I need help with something.,Other,26.31,True
ST003171,C0699,2026-04-05 00:00:00,I found a bug in the dashboard.,Bug,62.76,True
ST003172,C0700,2026-04-09 19:02:11,We are having problems connecting our tools.,Integration,31.13,True
ST003173,C0700,2026-04-05 00:00:00,Something is not working correctly.,Bug,63.35,False
ST003174,C0700,2026-04-05 00:00:00,The integration keeps failing.,Integration,51.85,True
ST003175,C0700,2026-04-05 00:00:00,Our integration stopped working.,Integration,7.64,False
ST003176,C0700,2026-04-05 00:00:00,Something is not working correctly.,Bug,23.38,False
ST003177,C0700,2026-04-05 00:00:00,Something is not working correctly.,Bug,3.56,True
ST003178,C0701,2026-03-27 00:00:00,I need help with something.,Other,3.18,True
ST003179,C0701,2026-03-27 00:00:00,I cannot access my account.,Account,19.93,True
ST003180,C0701,2026-04-09 20:47:01,The integration is not syncing correctly.,Integration,34.89,True
ST003181,C0701,2026-03-27 00:00:00,I was charged incorrectly this month.,Billing,36.91,False
ST003182,C0701,2026-03-27 00:00:00,I was charged incorrectly this month.,Billing,42.91,False
ST003183,C0701,2026-03-27 00:00:00,I need help changing our account settings.,Account,11.59,True
ST003184,C0701,2026-03-27 00:00:00,I need help with something.,Other,49.43,True
ST003185,C0702,2026-01-26 00:00:00,The integration keeps failing.,Integration,1.21,True
ST003186,C0702,2026-03-20 12:08:36,The integration is not syncing correctly.,Integration,63.8,True
ST003187,C0702,2026-04-25 23:38:16,I need help changing our account settings.,Account,4.34,True
ST003188,C0702,2026-02-19 17:11:44,I cannot access my account.,Account,43.49,True
ST003189,C0702,2026-02-15 11:58:21,We are having problems connecting our tools.,Integration,3.34,True
ST003190,C0702,2026-01-26 00:00:00,I have a question about the product.,Other,69.09,True
ST003191,C0702,2026-04-07 09:42:07,Our integration stopped working.,Integration,23.95,True
ST003192,C0703,2026-04-16 13:25:51,The application shows an unexpected error.,Bug,38.38,False
ST003193,C0704,2026-03-05 14:29:51,I have a question about the product.,Other,10.63,True
ST003194,C0705,2026-03-02 19:51:04,I cannot access my account.,Account,47.48,False
ST003195,C0705,2026-02-28 13:37:51,I was charged incorrectly this month.,Billing,63.08,True
ST003196,C0705,2026-01-09 00:00:00,The integration keeps failing.,Integration,70.96,True
ST003197,C0705,2026-01-23 15:14:35,Our integration stopped working.,Integration,36.54,True
ST003198,C0705,2026-03-02 12:43:40,The integration keeps failing.,Integration,60.37,True
ST003199,C0705,2026-03-09 01:51:46,The integration is not syncing correctly.,Integration,14.2,True
ST003200,C0705,2026-03-12 16:18:18,I have a question about the product.,Other,36.76,True
ST003201,C0705,2026-01-16 13:52:12,I have a question about the product.,Other,49.5,True
ST003202,C0706,2026-04-02 06:35:59,The integration keeps failing.,Integration,31.83,True
ST003203,C0707,2026-04-28 00:00:00,I need help changing our account settings.,Account,7.99,True
ST003204,C0707,2026-04-28 00:00:00,I need help changing our account settings.,Account,53.78,False
ST003205,C0707,2026-04-28 00:00:00,Something is not working correctly.,Bug,18.96,False
ST003206,C0707,2026-04-28 00:00:00,I have a question about the product.,Other,6.17,False
ST003207,C0707,2026-04-28 00:00:00,The dashboard is loading slowly.,Performance,8.75,True
ST003208,C0708,2026-02-12 00:00:00,I have a question about the product.,Other,41.31,False
ST003209,C0708,2026-02-12 00:00:00,I cannot access my account.,Account,7.89,True
ST003210,C0709,2026-03-21 00:00:00,I found a bug in the dashboard.,Bug,3.28,True
ST003211,C0709,2026-03-21 00:00:00,The dashboard is loading slowly.,Performance,54.81,True
ST003212,C0709,2026-03-21 00:00:00,Why was my payment charged twice?,Billing,61.35,False
ST003213,C0709,2026-04-20 19:02:17,Our integration stopped working.,Integration,26.7,True
ST003214,C0710,2026-03-27 19:25:04,Can you add more options to the dashboard?,Feature Request,17.51,True
ST003215,C0710,2026-03-25 01:36:27,The integration is not syncing correctly.,Integration,24.17,True
ST003216,C0710,2026-02-22 23:45:58,The integration keeps failing.,Integration,27.78,True
ST003217,C0710,2026-02-10 00:00:00,The integration keeps failing.,Integration,64.58,True
ST003218,C0711,2026-04-21 22:19:49,The integration is not syncing correctly.,Integration,51.0,False
ST003219,C0711,2026-03-26 00:00:00,It would be useful to have this feature.,Feature Request,50.44,True
ST003220,C0712,2026-04-20 11:16:49,We are having problems connecting our tools.,Integration,51.66,True
ST003221,C0712,2026-04-19 00:00:00,I have a question about the product.,Other,25.11,True
ST003222,C0712,2026-04-19 00:00:00,I need help with something.,Other,58.85,True
ST003223,C0712,2026-04-26 06:47:47,I cannot access my account.,Account,35.81,False
ST003224,C0713,2026-02-23 19:00:45,I need help with something.,Other,56.55,True
ST003225,C0713,2026-02-26 22:26:37,I have a question about my invoice.,Billing,54.05,True
ST003226,C0713,2026-03-16 06:14:45,The application shows an unexpected error.,Bug,13.75,False
ST003227,C0713,2026-01-16 00:00:00,I have a question about the product.,Other,57.24,True
ST003228,C0713,2026-03-04 13:34:20,Why was my payment charged twice?,Billing,67.97,True
ST003229,C0713,2026-04-21 13:50:29,I found a bug in the dashboard.,Bug,64.3,False
ST003230,C0713,2026-02-12 20:33:36,Something is not working correctly.,Bug,41.77,False
ST003231,C0713,2026-01-24 06:15:19,Why was my payment charged twice?,Billing,45.59,True
ST003232,C0714,2026-04-03 00:00:00,The integration is not syncing correctly.,Integration,55.46,True
ST003233,C0714,2026-04-03 00:00:00,The integration is not syncing correctly.,Integration,54.22,True
ST003234,C0714,2026-04-15 03:54:23,The application shows an unexpected error.,Bug,32.36,True
ST003235,C0715,2026-04-26 00:00:00,I have a question about my invoice.,Billing,60.3,True
ST003236,C0715,2026-04-26 00:00:00,I need help with something.,Other,48.78,True
ST003237,C0715,2026-04-26 04:10:16,I have a question about the product.,Other,12.19,False
ST003238,C0715,2026-04-26 00:00:00,The dashboard is loading slowly.,Performance,8.65,False
ST003239,C0716,2026-02-08 00:00:00,It would be useful to have this feature.,Feature Request,49.49,True
ST003240,C0716,2026-03-07 22:27:09,I need help with something.,Other,55.94,False
ST003241,C0717,2026-03-06 00:00:00,It would be useful to have this feature.,Feature Request,18.35,True
ST003242,C0717,2026-03-06 00:00:00,The integration is not syncing correctly.,Integration,14.92,False
ST003243,C0717,2026-03-06 00:00:00,Can you add more options to the dashboard?,Feature Request,37.46,False
ST003244,C0717,2026-03-31 02:48:54,Can you add more options to the dashboard?,Feature Request,51.29,True
ST003245,C0718,2026-02-09 00:00:00,Something is not working correctly.,Bug,39.66,True
ST003246,C0718,2026-02-13 00:33:58,I have a question about the product.,Other,58.26,True
ST003247,C0718,2026-02-22 00:21:10,The integration is not syncing correctly.,Integration,60.52,True
ST003248,C0719,2026-03-27 00:00:00,I cannot access my account.,Account,70.09,True
ST003249,C0720,2026-04-15 16:54:38,We are having problems connecting our tools.,Integration,25.62,True
ST003250,C0720,2026-02-22 00:00:00,I need help changing our account settings.,Account,27.39,True
ST003251,C0720,2026-02-22 00:00:00,The application has become slower recently.,Performance,27.71,True
ST003252,C0720,2026-02-27 20:49:33,The integration keeps failing.,Integration,50.3,True
ST003253,C0720,2026-03-26 21:27:23,I have a question about the product.,Other,41.83,True
ST003254,C0720,2026-02-22 00:00:00,The dashboard is loading slowly.,Performance,3.74,True
ST003255,C0721,2026-02-20 19:40:13,The application has become slower recently.,Performance,34.68,True
ST003256,C0721,2026-02-11 00:00:00,I have a question about the product.,Other,62.14,False
ST003257,C0721,2026-04-16 20:56:27,It would be useful to have this feature.,Feature Request,51.5,True
ST003258,C0721,2026-04-24 13:25:55,Something is not working correctly.,Bug,52.67,False
ST003259,C0721,2026-02-20 11:32:46,I have a question about the product.,Other,66.33,True
ST003260,C0721,2026-04-24 20:13:15,I found a bug in the dashboard.,Bug,27.86,True
ST003261,C0722,2026-03-23 05:35:59,I need help with something.,Other,20.48,True
ST003262,C0722,2026-02-21 00:00:00,The dashboard is loading slowly.,Performance,45.64,False
ST003263,C0722,2026-03-15 06:34:58,The dashboard is loading slowly.,Performance,67.93,False
ST003264,C0722,2026-02-21 00:00:00,Our integration stopped working.,Integration,51.18,False
ST003265,C0723,2026-03-31 00:00:00,I was charged incorrectly this month.,Billing,71.37,True
ST003266,C0723,2026-03-31 00:00:00,Something is not working correctly.,Bug,41.74,True
ST003267,C0723,2026-03-31 00:00:00,I need help with something.,Other,29.26,False
ST003268,C0724,2026-04-25 19:31:45,I need help with something.,Other,8.19,False
ST003269,C0724,2026-02-07 00:00:00,I cannot access my account.,Account,48.56,False
ST003270,C0724,2026-02-07 00:00:00,The application has become slower recently.,Performance,49.87,True
ST003271,C0724,2026-04-21 19:12:20,The application shows an unexpected error.,Bug,39.28,True
ST003272,C0724,2026-04-08 02:21:10,The application has become slower recently.,Performance,8.45,True
ST003273,C0724,2026-02-07 00:00:00,I need help with something.,Other,59.9,True
ST003274,C0725,2026-03-12 00:00:00,We are having problems connecting our tools.,Integration,5.26,True
ST003275,C0725,2026-03-25 04:59:30,I need help with something.,Other,57.78,True
ST003276,C0725,2026-04-17 03:31:29,The integration is not syncing correctly.,Integration,25.74,False
ST003277,C0725,2026-03-12 00:00:00,The integration is not syncing correctly.,Integration,54.97,False
ST003278,C0725,2026-03-12 00:00:00,I have a question about the product.,Other,42.03,True
ST003279,C0725,2026-03-12 00:00:00,The dashboard is loading slowly.,Performance,62.3,True
ST003280,C0725,2026-04-08 09:00:23,The application shows an unexpected error.,Bug,56.8,True
ST003281,C0726,2026-04-08 02:37:26,We are having problems connecting our tools.,Integration,1.66,True
ST003282,C0726,2026-02-23 18:13:10,Something is not working correctly.,Bug,69.65,False
ST003283,C0726,2026-04-29 02:51:09,The integration keeps failing.,Integration,29.35,False
ST003284,C0726,2026-04-03 02:42:00,Something is not working correctly.,Bug,56.0,True
ST003285,C0726,2026-04-10 21:53:32,Our integration stopped working.,Integration,37.19,True
ST003286,C0726,2026-04-16 20:46:54,I have a question about the product.,Other,69.01,False
ST003287,C0727,2026-02-12 11:41:43,We are having problems connecting our tools.,Integration,38.06,True
ST003288,C0727,2026-03-09 17:26:55,The integration is not syncing correctly.,Integration,1.11,True
ST003289,C0727,2026-04-10 00:32:23,I need help with something.,Other,14.17,True
ST003290,C0727,2026-04-13 02:40:36,I need help with something.,Other,37.13,False
ST003291,C0727,2026-04-08 21:48:20,Why was my payment charged twice?,Billing,49.17,True
ST003292,C0727,2026-04-23 04:38:34,Can you add more options to the dashboard?,Feature Request,19.96,True
ST003293,C0727,2026-04-17 20:01:18,I have a question about my invoice.,Billing,25.61,False
ST003294,C0728,2026-02-23 00:00:00,I need help with something.,Other,70.94,True
ST003295,C0728,2026-02-23 00:00:00,Why was my payment charged twice?,Billing,46.3,False
ST003296,C0728,2026-02-23 00:00:00,I need help with something.,Other,71.51,True
ST003297,C0728,2026-02-23 00:00:00,I cannot access my account.,Account,36.55,True
ST003298,C0729,2026-03-27 00:00:00,I have a question about the product.,Other,11.59,True
ST003299,C0729,2026-04-24 04:51:38,I need help with something.,Other,21.86,False
ST003300,C0729,2026-03-27 00:00:00,The integration is not syncing correctly.,Integration,14.01,True
ST003301,C0729,2026-03-27 00:00:00,I have a question about the product.,Other,23.22,False
ST003302,C0730,2026-02-18 00:00:00,I have a question about the product.,Other,41.13,False
ST003303,C0730,2026-03-13 01:46:48,Something is not working correctly.,Bug,7.79,True
ST003304,C0730,2026-04-14 10:18:57,Can you add more options to the dashboard?,Feature Request,5.43,True
ST003305,C0730,2026-04-04 00:06:03,Something is not working correctly.,Bug,56.23,False
ST003306,C0730,2026-02-18 00:00:00,I need help changing our account settings.,Account,30.81,True
ST003307,C0730,2026-03-15 06:26:18,I cannot access my account.,Account,2.23,True
ST003308,C0731,2026-03-28 00:00:00,I need help changing our account settings.,Account,25.04,True
ST003309,C0731,2026-03-28 00:00:00,The application shows an unexpected error.,Bug,60.34,True
ST003310,C0731,2026-03-28 00:00:00,I found a bug in the dashboard.,Bug,46.95,True
ST003311,C0731,2026-03-28 00:00:00,We are having problems connecting our tools.,Integration,70.79,False
ST003312,C0731,2026-04-19 22:01:48,I need help with something.,Other,22.03,False
ST003313,C0731,2026-03-28 00:00:00,The dashboard is loading slowly.,Performance,43.88,True
ST003314,C0731,2026-03-28 00:00:00,I cannot access my account.,Account,4.62,False
ST003315,C0731,2026-03-28 00:00:00,Something is not working correctly.,Bug,63.2,True
ST003316,C0732,2026-04-15 21:26:43,I need help changing our account settings.,Account,8.31,True
ST003317,C0733,2026-04-26 00:00:00,I cannot access my account.,Account,10.89,True
ST003318,C0733,2026-04-26 00:00:00,Can you add more options to the dashboard?,Feature Request,2.12,True
ST003319,C0733,2026-04-26 00:00:00,The integration is not syncing correctly.,Integration,36.78,True
ST003320,C0733,2026-04-26 00:00:00,The integration keeps failing.,Integration,1.12,True
ST003321,C0733,2026-04-26 00:00:00,I have a question about the product.,Other,18.04,True
ST003322,C0734,2026-01-23 00:00:00,It would be useful to have this feature.,Feature Request,23.05,False
ST003323,C0734,2026-04-13 13:09:51,The application has become slower recently.,Performance,21.2,True
ST003324,C0734,2026-04-18 06:43:11,I found a bug in the dashboard.,Bug,52.11,True
ST003325,C0735,2026-04-11 01:51:21,Something is not working correctly.,Bug,52.38,False
ST003326,C0735,2026-03-20 00:00:00,Our integration stopped working.,Integration,19.16,True
ST003327,C0735,2026-03-20 00:00:00,I cannot access my account.,Account,24.76,False
ST003328,C0735,2026-03-20 00:00:00,Can you add more options to the dashboard?,Feature Request,13.09,False
ST003329,C0735,2026-04-01 16:55:59,I need help with something.,Other,41.99,True
ST003330,C0735,2026-03-20 00:00:00,The application has become slower recently.,Performance,30.34,True
ST003331,C0735,2026-03-20 00:00:00,I was charged incorrectly this month.,Billing,48.67,True
ST003332,C0735,2026-03-20 00:00:00,The dashboard is loading slowly.,Performance,4.37,True
ST003333,C0736,2026-04-05 06:22:31,We are having problems connecting our tools.,Integration,48.55,True
ST003334,C0736,2026-04-08 12:56:17,I need help changing our account settings.,Account,5.51,True
ST003335,C0736,2026-03-14 00:00:00,I cannot access my account.,Account,56.44,True
ST003336,C0736,2026-03-17 06:29:29,I need help changing our account settings.,Account,22.93,True
ST003337,C0736,2026-03-14 00:00:00,Why was my payment charged twice?,Billing,3.93,False
ST003338,C0736,2026-03-28 15:03:00,The application shows an unexpected error.,Bug,6.49,True
ST003339,C0736,2026-03-14 00:00:00,I have a question about the product.,Other,42.17,True
ST003340,C0737,2026-02-10 11:00:55,I cannot access my account.,Account,3.34,True
ST003341,C0737,2026-02-08 00:00:00,I need help with something.,Other,20.45,False
ST003342,C0737,2026-02-08 00:00:00,The integration keeps failing.,Integration,55.22,True
ST003343,C0737,2026-02-08 00:00:00,The integration keeps failing.,Integration,48.4,True
ST003344,C0737,2026-02-12 09:37:42,The application shows an unexpected error.,Bug,70.04,False
ST003345,C0737,2026-04-11 11:05:39,I need help with something.,Other,29.44,True
ST003346,C0737,2026-02-08 00:00:00,I have a question about the product.,Other,24.63,True
ST003347,C0737,2026-02-08 00:00:00,The integration is not syncing correctly.,Integration,70.17,False
ST003348,C0738,2026-02-21 00:00:00,Something is not working correctly.,Bug,23.59,True
ST003349,C0738,2026-03-16 10:44:06,We are having problems connecting our tools.,Integration,68.92,True
ST003350,C0738,2026-02-27 16:45:24,I need help with something.,Other,21.06,True
ST003351,C0738,2026-03-26 22:46:39,Something is not working correctly.,Bug,42.52,True
ST003352,C0738,2026-02-21 00:00:00,I was charged incorrectly this month.,Billing,35.66,False
ST003353,C0739,2026-03-28 23:03:43,I need help with something.,Other,25.33,True
ST003354,C0739,2026-04-22 18:34:04,I need help changing our account settings.,Account,61.77,True
ST003355,C0739,2026-03-12 00:00:00,The application has become slower recently.,Performance,2.83,False
ST003356,C0739,2026-03-12 00:00:00,I was charged incorrectly this month.,Billing,30.27,False
ST003357,C0740,2026-04-17 00:00:00,Something is not working correctly.,Bug,1.27,False
ST003358,C0740,2026-04-17 00:00:00,Our integration stopped working.,Integration,35.11,True
ST003359,C0740,2026-04-17 00:00:00,I found a bug in the dashboard.,Bug,33.81,True
ST003360,C0740,2026-04-17 00:00:00,I have a question about my invoice.,Billing,46.12,True
ST003361,C0740,2026-04-17 00:00:00,I have a question about the product.,Other,5.32,True
ST003362,C0740,2026-04-17 00:00:00,The dashboard is loading slowly.,Performance,38.03,True
ST003363,C0741,2026-04-26 09:44:26,I have a question about the product.,Other,55.7,True
ST003364,C0741,2026-01-31 02:36:05,I need help with something.,Other,36.84,False
ST003365,C0741,2026-01-19 01:15:21,The application shows an unexpected error.,Bug,9.93,False
ST003366,C0741,2026-03-21 21:19:26,I have a question about the product.,Other,48.97,True
ST003367,C0742,2026-02-23 21:58:08,The dashboard is loading slowly.,Performance,58.31,True
ST003368,C0742,2026-03-14 15:54:25,Can you add more options to the dashboard?,Feature Request,16.96,True
ST003369,C0742,2026-04-24 06:12:43,I need help with something.,Other,31.57,True
ST003370,C0742,2026-03-09 02:50:04,The dashboard is loading slowly.,Performance,12.15,True
ST003371,C0742,2026-03-27 16:29:34,Can you add more options to the dashboard?,Feature Request,36.5,True
ST003372,C0743,2026-04-17 19:02:47,The dashboard is loading slowly.,Performance,26.28,False
ST003373,C0743,2026-02-06 00:00:00,I need help changing our account settings.,Account,13.32,True
ST003374,C0743,2026-04-29 20:51:05,I have a question about the product.,Other,9.75,True
ST003375,C0743,2026-02-06 00:00:00,I found a bug in the dashboard.,Bug,10.79,True
ST003376,C0743,2026-04-27 06:25:04,The application shows an unexpected error.,Bug,9.59,True
ST003377,C0743,2026-02-10 04:27:31,The integration keeps failing.,Integration,49.74,True
ST003378,C0743,2026-02-07 20:49:49,The integration keeps failing.,Integration,60.39,True
ST003379,C0743,2026-04-21 04:53:17,The integration keeps failing.,Integration,21.16,False
ST003380,C0744,2026-04-26 06:42:26,I need help with something.,Other,68.43,True
ST003381,C0744,2026-03-03 11:42:02,I need help changing our account settings.,Account,8.9,True
ST003382,C0744,2026-02-12 09:47:24,The integration is not syncing correctly.,Integration,34.66,False
ST003383,C0744,2026-04-01 16:39:33,The integration is not syncing correctly.,Integration,10.35,False
ST003384,C0745,2026-02-25 00:00:00,Something is not working correctly.,Bug,63.05,True
ST003385,C0745,2026-04-29 13:45:39,I cannot access my account.,Account,25.28,True
ST003386,C0745,2026-02-25 00:00:00,The integration keeps failing.,Integration,46.07,False
ST003387,C0745,2026-02-25 00:00:00,The integration keeps failing.,Integration,39.09,True
ST003388,C0745,2026-02-25 00:00:00,I need help with something.,Other,70.53,True
ST003389,C0746,2026-04-11 00:00:00,The integration keeps failing.,Integration,54.35,True
ST003390,C0746,2026-04-11 00:00:00,The application has become slower recently.,Performance,23.63,False
ST003391,C0746,2026-04-11 00:00:00,Something is not working correctly.,Bug,54.91,True
ST003392,C0747,2026-03-16 00:00:00,Can you add more options to the dashboard?,Feature Request,57.81,True
ST003393,C0747,2026-03-16 00:00:00,The application has become slower recently.,Performance,69.18,True
ST003394,C0747,2026-03-16 00:00:00,The dashboard is loading slowly.,Performance,2.82,True
ST003395,C0747,2026-03-16 00:00:00,The dashboard is loading slowly.,Performance,51.88,True
ST003396,C0747,2026-03-16 00:00:00,I have a question about the product.,Other,38.8,True
ST003397,C0748,2026-03-19 00:00:00,I have a question about the product.,Other,60.75,True
ST003398,C0748,2026-04-08 06:45:55,I need help with something.,Other,55.13,True
ST003399,C0748,2026-04-29 04:46:12,Something is not working correctly.,Bug,29.32,False
ST003400,C0749,2026-04-05 03:03:48,I need help with something.,Other,31.68,True
ST003401,C0749,2026-04-17 18:34:33,We are having problems connecting our tools.,Integration,62.27,True
ST003402,C0749,2026-03-25 00:00:00,The application shows an unexpected error.,Bug,46.49,True
ST003403,C0749,2026-03-25 00:00:00,The application has become slower recently.,Performance,61.14,True
ST003404,C0749,2026-04-02 07:14:13,I need help with something.,Other,16.37,True
ST003405,C0749,2026-03-25 00:00:00,We are having problems connecting our tools.,Integration,29.31,False
ST003406,C0749,2026-03-28 08:01:34,I need help changing our account settings.,Account,5.07,True
ST003407,C0750,2026-02-11 00:00:00,We are having problems connecting our tools.,Integration,2.42,True
ST003408,C0751,2026-03-01 00:00:00,I have a question about my invoice.,Billing,24.95,True
ST003409,C0751,2026-03-01 00:00:00,Something is not working correctly.,Bug,2.36,False
ST003410,C0751,2026-03-01 00:00:00,I need help changing our account settings.,Account,51.4,True
ST003411,C0751,2026-03-01 00:00:00,The integration keeps failing.,Integration,55.77,True
ST003412,C0751,2026-03-28 15:49:40,I have a question about the product.,Other,26.44,True
ST003413,C0752,2026-04-12 07:40:26,Our integration stopped working.,Integration,31.19,False
ST003414,C0752,2026-04-06 18:27:22,I need help with something.,Other,9.61,True
ST003415,C0752,2026-04-18 12:59:33,The application shows an unexpected error.,Bug,11.16,True
ST003416,C0752,2026-04-24 22:52:48,I have a question about the product.,Other,66.12,True
ST003417,C0753,2026-03-15 10:08:21,Can you add more options to the dashboard?,Feature Request,27.64,False
ST003418,C0753,2026-03-04 00:51:07,I have a question about the product.,Other,37.07,True
ST003419,C0753,2026-03-23 15:29:09,The application has become slower recently.,Performance,53.98,True
ST003420,C0753,2026-02-26 00:00:00,Why was my payment charged twice?,Billing,59.64,True
ST003421,C0753,2026-02-28 10:17:52,I have a question about the product.,Other,27.05,True
ST003422,C0753,2026-04-06 04:19:06,Why was my payment charged twice?,Billing,18.37,True
ST003423,C0754,2026-04-20 02:05:49,I have a question about the product.,Other,21.59,True
ST003424,C0754,2026-03-28 00:00:00,I have a question about the product.,Other,44.45,True
ST003425,C0754,2026-03-28 00:00:00,I need help with something.,Other,48.41,True
ST003426,C0755,2026-04-11 02:31:45,I need help with something.,Other,20.95,True
ST003427,C0755,2026-02-18 15:37:11,Something is not working correctly.,Bug,32.04,True
ST003428,C0755,2026-01-28 00:00:00,I need help with something.,Other,68.41,True
ST003429,C0755,2026-02-11 13:15:20,I have a question about the product.,Other,65.37,True
ST003430,C0755,2026-03-19 22:48:32,I have a question about the product.,Other,52.75,True
ST003431,C0755,2026-03-22 11:51:56,I was charged incorrectly this month.,Billing,18.62,True
ST003432,C0756,2026-03-26 11:03:39,I was charged incorrectly this month.,Billing,71.74,True
ST003433,C0757,2026-03-10 03:44:12,I need help with something.,Other,70.01,True
ST003434,C0757,2026-04-03 22:17:03,I have a question about my invoice.,Billing,54.04,True
ST003435,C0757,2026-03-02 00:00:00,Can you add more options to the dashboard?,Feature Request,11.17,True
ST003436,C0758,2026-04-12 00:00:00,I have a question about the product.,Other,50.32,False
ST003437,C0758,2026-04-24 21:39:54,It would be useful to have this feature.,Feature Request,11.49,False
ST003438,C0758,2026-04-12 00:00:00,I need help with something.,Other,15.59,False
ST003439,C0758,2026-04-21 20:10:12,I cannot access my account.,Account,28.58,True
ST003440,C0758,2026-04-12 00:00:00,The dashboard is loading slowly.,Performance,27.66,True
ST003441,C0758,2026-04-12 00:00:00,I have a question about my invoice.,Billing,32.5,True
ST003442,C0758,2026-04-12 00:00:00,It would be useful to have this feature.,Feature Request,56.59,True
ST003443,C0759,2026-04-26 00:00:00,It would be useful to have this feature.,Feature Request,1.77,True
ST003444,C0759,2026-04-26 00:00:00,I need help with something.,Other,17.02,False
ST003445,C0759,2026-04-26 00:00:00,I have a question about the product.,Other,32.93,False
ST003446,C0759,2026-04-26 00:00:00,I need help with something.,Other,14.7,False
ST003447,C0759,2026-04-26 00:00:00,I was charged incorrectly this month.,Billing,65.95,True
ST003448,C0759,2026-04-26 00:00:00,We are having problems connecting our tools.,Integration,22.72,True
ST003449,C0759,2026-04-26 00:00:00,Our integration stopped working.,Integration,45.84,True
ST003450,C0760,2026-04-12 00:00:00,Something is not working correctly.,Bug,34.66,True
ST003451,C0760,2026-04-12 00:00:00,I was charged incorrectly this month.,Billing,35.62,True
ST003452,C0760,2026-04-12 00:00:00,The application shows an unexpected error.,Bug,48.38,True
ST003453,C0760,2026-04-12 00:00:00,I need help changing our account settings.,Account,57.38,True
ST003454,C0760,2026-04-12 00:00:00,The application shows an unexpected error.,Bug,57.94,False
ST003455,C0760,2026-04-12 00:00:00,Something is not working correctly.,Bug,15.53,True
ST003456,C0761,2026-04-05 00:00:00,The integration is not syncing correctly.,Integration,64.9,False
ST003457,C0761,2026-04-05 00:00:00,Something is not working correctly.,Bug,1.52,True
ST003458,C0761,2026-04-05 00:00:00,Can you add more options to the dashboard?,Feature Request,58.9,True
ST003459,C0761,2026-04-05 00:00:00,I need help with something.,Other,2.3,True
ST003460,C0761,2026-04-14 08:21:18,I have a question about the product.,Other,53.38,False
ST003461,C0761,2026-04-05 00:00:00,I have a question about the product.,Other,41.94,True
ST003462,C0762,2026-03-17 09:39:52,The integration is not syncing correctly.,Integration,29.39,True
ST003463,C0762,2026-02-27 17:07:16,The application has become slower recently.,Performance,26.32,False
ST003464,C0762,2026-04-24 13:44:54,Why was my payment charged twice?,Billing,47.19,True
ST003465,C0762,2026-04-23 08:52:19,I need help changing our account settings.,Account,57.21,True
ST003466,C0763,2026-03-26 00:00:00,It would be useful to have this feature.,Feature Request,67.38,True
ST003467,C0763,2026-03-26 00:00:00,I was charged incorrectly this month.,Billing,34.67,False
ST003468,C0763,2026-03-26 00:00:00,I was charged incorrectly this month.,Billing,9.59,True
ST003469,C0763,2026-03-26 08:14:53,The application shows an unexpected error.,Bug,9.26,True
ST003470,C0763,2026-04-28 14:03:09,I have a question about the product.,Other,29.36,False
ST003471,C0763,2026-03-26 00:00:00,Our integration stopped working.,Integration,53.54,True
ST003472,C0763,2026-04-09 21:14:55,The integration keeps failing.,Integration,71.06,True
ST003473,C0764,2026-01-27 14:16:09,I found a bug in the dashboard.,Bug,11.63,True
ST003474,C0764,2026-01-11 00:00:00,I found a bug in the dashboard.,Bug,33.53,True
ST003475,C0765,2026-02-14 11:31:10,The application has become slower recently.,Performance,60.54,False
ST003476,C0765,2026-02-06 00:00:00,I have a question about the product.,Other,8.41,True
ST003477,C0765,2026-02-06 00:00:00,I found a bug in the dashboard.,Bug,36.61,True
ST003478,C0765,2026-03-26 11:38:00,Can you add more options to the dashboard?,Feature Request,15.62,True
ST003479,C0766,2026-03-07 00:00:00,The application shows an unexpected error.,Bug,61.01,True
ST003480,C0766,2026-03-07 00:00:00,I need help with something.,Other,61.24,True
ST003481,C0766,2026-03-21 00:37:42,It would be useful to have this feature.,Feature Request,39.55,True
ST003482,C0767,2026-03-26 00:00:00,Why was my payment charged twice?,Billing,12.57,True
ST003483,C0767,2026-03-26 00:00:00,The integration is not syncing correctly.,Integration,24.44,True
ST003484,C0767,2026-03-28 04:15:47,I need help with something.,Other,67.15,False
ST003485,C0768,2026-03-30 13:33:55,I cannot access my account.,Account,35.45,False
ST003486,C0768,2026-03-23 00:00:00,I was charged incorrectly this month.,Billing,5.85,True
ST003487,C0768,2026-03-23 00:00:00,I need help with something.,Other,12.01,True
ST003488,C0768,2026-03-23 00:00:00,Can you add more options to the dashboard?,Feature Request,64.7,True
ST003489,C0768,2026-03-27 14:42:18,The integration is not syncing correctly.,Integration,50.6,True
ST003490,C0769,2026-03-21 00:00:00,I was charged incorrectly this month.,Billing,54.37,False
ST003491,C0769,2026-04-16 05:09:12,The application shows an unexpected error.,Bug,36.59,True
ST003492,C0769,2026-03-21 00:00:00,The integration keeps failing.,Integration,57.13,True
ST003493,C0770,2026-04-06 06:12:36,It would be useful to have this feature.,Feature Request,65.56,True
ST003494,C0770,2026-02-12 00:00:00,I cannot access my account.,Account,54.16,True
ST003495,C0770,2026-03-19 07:09:49,We are having problems connecting our tools.,Integration,63.19,False
ST003496,C0770,2026-02-12 00:00:00,I need help with something.,Other,45.0,False
ST003497,C0770,2026-02-12 00:00:00,I cannot access my account.,Account,10.92,False
ST003498,C0771,2026-03-21 20:36:41,The application shows an unexpected error.,Bug,21.9,True
ST003499,C0771,2026-03-04 09:17:22,I have a question about the product.,Other,24.14,False
ST003500,C0771,2026-01-30 23:02:09,Our integration stopped working.,Integration,52.39,True
ST003501,C0771,2026-03-12 13:53:26,I need help with something.,Other,53.16,True
ST003502,C0772,2026-04-15 00:00:00,Can you add more options to the dashboard?,Feature Request,31.27,True
ST003503,C0772,2026-04-15 00:00:00,Something is not working correctly.,Bug,12.63,True
ST003504,C0773,2026-04-07 00:00:00,Our integration stopped working.,Integration,22.87,False
ST003505,C0774,2026-02-12 11:03:35,Something is not working correctly.,Bug,9.06,True
ST003506,C0774,2026-02-20 18:35:15,Can you add more options to the dashboard?,Feature Request,14.55,True
ST003507,C0774,2026-04-11 05:10:53,Something is not working correctly.,Bug,1.3,True
ST003508,C0775,2026-03-28 00:00:00,It would be useful to have this feature.,Feature Request,49.36,True
ST003509,C0775,2026-03-28 00:00:00,I cannot access my account.,Account,36.75,True
ST003510,C0775,2026-04-12 09:34:31,We are having problems connecting our tools.,Integration,27.46,False
ST003511,C0775,2026-03-28 00:00:00,I was charged incorrectly this month.,Billing,55.7,True
ST003512,C0775,2026-03-28 00:00:00,I need help with something.,Other,42.33,True
ST003513,C0775,2026-04-27 23:45:43,I found a bug in the dashboard.,Bug,5.07,False
ST003514,C0776,2026-02-09 00:00:00,I need help with something.,Other,69.84,True
ST003515,C0776,2026-02-21 01:04:13,I have a question about the product.,Other,23.67,True
ST003516,C0777,2026-03-07 15:40:26,I was charged incorrectly this month.,Billing,42.82,False
ST003517,C0777,2026-03-17 14:33:47,The integration is not syncing correctly.,Integration,68.24,False
ST003518,C0777,2026-04-01 11:38:54,The integration keeps failing.,Integration,35.23,True
ST003519,C0777,2026-01-29 00:00:00,The dashboard is loading slowly.,Performance,7.61,True
ST003520,C0777,2026-03-06 07:00:14,The dashboard is loading slowly.,Performance,30.8,True
ST003521,C0777,2026-03-06 00:21:14,The application has become slower recently.,Performance,60.08,True
ST003522,C0777,2026-04-20 18:52:05,We are having problems connecting our tools.,Integration,60.24,True
ST003523,C0778,2026-04-14 00:00:00,I cannot access my account.,Account,20.72,True
ST003524,C0778,2026-04-14 00:00:00,The application shows an unexpected error.,Bug,21.32,True
ST003525,C0778,2026-04-14 00:00:00,I need help with something.,Other,53.01,True
ST003526,C0779,2026-03-08 16:47:24,I need help with something.,Other,4.46,False
ST003527,C0779,2026-04-27 07:24:37,Can you add more options to the dashboard?,Feature Request,34.51,False
ST003528,C0779,2026-01-26 00:00:00,It would be useful to have this feature.,Feature Request,38.1,False
ST003529,C0779,2026-02-16 13:37:15,I have a question about the product.,Other,42.44,True
ST003530,C0779,2026-01-26 00:00:00,The integration keeps failing.,Integration,37.5,True
ST003531,C0780,2026-01-19 00:00:00,The application has become slower recently.,Performance,3.42,True
ST003532,C0780,2026-01-19 00:00:00,The dashboard is loading slowly.,Performance,13.53,True
ST003533,C0780,2026-04-08 14:32:15,The application has become slower recently.,Performance,49.97,True
ST003534,C0780,2026-02-01 18:47:11,I need help with something.,Other,38.09,True
ST003535,C0780,2026-02-10 09:32:50,I have a question about the product.,Other,29.9,False
ST003536,C0780,2026-02-28 17:21:45,The integration is not syncing correctly.,Integration,45.75,True
ST003537,C0781,2026-03-11 09:18:29,Can you add more options to the dashboard?,Feature Request,48.09,False
ST003538,C0782,2026-04-07 12:38:36,It would be useful to have this feature.,Feature Request,24.5,True
ST003539,C0783,2026-02-01 00:00:00,I have a question about the product.,Other,51.51,True
ST003540,C0784,2026-03-15 08:00:47,Our integration stopped working.,Integration,28.58,True
ST003541,C0784,2026-04-11 13:56:15,I need help with something.,Other,47.51,False
ST003542,C0784,2026-03-08 20:22:54,I need help with something.,Other,26.66,False
ST003543,C0785,2026-03-20 00:00:00,The integration is not syncing correctly.,Integration,24.33,False
ST003544,C0785,2026-04-14 12:06:13,Why was my payment charged twice?,Billing,68.8,True
ST003545,C0785,2026-03-20 00:00:00,I have a question about the product.,Other,48.99,True
ST003546,C0786,2026-04-21 18:06:14,The application has become slower recently.,Performance,11.92,True
ST003547,C0786,2026-04-25 22:25:08,I have a question about the product.,Other,3.08,False
ST003548,C0786,2026-04-19 00:00:00,I have a question about the product.,Other,34.65,True
ST003549,C0787,2026-04-09 00:00:00,Why was my payment charged twice?,Billing,63.49,True
ST003550,C0787,2026-04-09 00:00:00,I have a question about the product.,Other,26.59,True
ST003551,C0787,2026-04-23 12:37:16,I have a question about the product.,Other,17.86,False
ST003552,C0787,2026-04-09 00:00:00,The integration is not syncing correctly.,Integration,70.36,True
ST003553,C0787,2026-04-09 00:00:00,I have a question about the product.,Other,15.78,True
ST003554,C0788,2026-03-09 11:57:08,I need help changing our account settings.,Account,32.15,True
ST003555,C0788,2026-04-17 16:08:22,I found a bug in the dashboard.,Bug,22.04,True
ST003556,C0788,2026-02-12 03:21:12,We are having problems connecting our tools.,Integration,1.86,True
ST003557,C0788,2026-01-13 05:14:45,I need help with something.,Other,59.85,False
ST003558,C0788,2026-02-03 16:38:19,We are having problems connecting our tools.,Integration,60.57,True
ST003559,C0788,2026-01-28 21:35:32,The application shows an unexpected error.,Bug,59.02,True
ST003560,C0788,2026-03-28 23:02:43,Our integration stopped working.,Integration,8.14,True
ST003561,C0788,2026-02-12 14:03:35,I have a question about the product.,Other,63.62,True
ST003562,C0789,2026-02-28 00:00:00,I have a question about the product.,Other,53.71,False
ST003563,C0789,2026-03-08 17:20:45,I need help with something.,Other,49.8,True
ST003564,C0789,2026-04-10 08:35:48,Something is not working correctly.,Bug,1.26,True
ST003565,C0789,2026-02-28 00:00:00,The dashboard is loading slowly.,Performance,56.92,True
ST003566,C0790,2026-02-23 00:00:00,I need help with something.,Other,48.95,False
ST003567,C0790,2026-03-03 23:37:11,The integration keeps failing.,Integration,63.38,False
ST003568,C0790,2026-02-23 00:00:00,I have a question about the product.,Other,39.05,True
ST003569,C0790,2026-02-23 00:00:00,I need help with something.,Other,27.8,False
ST003570,C0791,2026-04-24 00:00:00,The integration keeps failing.,Integration,49.74,True
ST003571,C0791,2026-04-24 00:00:00,Our integration stopped working.,Integration,59.55,False
ST003572,C0791,2026-04-24 00:00:00,Can you add more options to the dashboard?,Feature Request,56.03,True
ST003573,C0791,2026-04-24 00:00:00,I found a bug in the dashboard.,Bug,51.74,False
ST003574,C0791,2026-04-24 00:00:00,I need help changing our account settings.,Account,15.82,True
ST003575,C0791,2026-04-24 00:00:00,The integration keeps failing.,Integration,57.57,True
ST003576,C0791,2026-04-24 00:00:00,I have a question about my invoice.,Billing,39.4,True
ST003577,C0791,2026-04-24 00:00:00,I need help with something.,Other,32.38,False
ST003578,C0792,2026-03-22 00:00:00,I found a bug in the dashboard.,Bug,12.07,True
ST003579,C0792,2026-04-28 22:09:14,I have a question about my invoice.,Billing,49.22,True
ST003580,C0792,2026-03-22 00:00:00,We are having problems connecting our tools.,Integration,19.17,False
ST003581,C0793,2026-03-15 00:00:00,The application shows an unexpected error.,Bug,66.69,True
ST003582,C0793,2026-03-15 00:00:00,Can you add more options to the dashboard?,Feature Request,14.55,True
ST003583,C0793,2026-03-15 00:00:00,The dashboard is loading slowly.,Performance,21.93,True
ST003584,C0793,2026-03-15 00:00:00,I cannot access my account.,Account,47.5,True
ST003585,C0793,2026-03-15 00:00:00,I have a question about the product.,Other,15.58,False
ST003586,C0794,2026-03-20 10:54:28,I cannot access my account.,Account,6.31,True
ST003587,C0794,2026-04-16 07:30:47,Our integration stopped working.,Integration,30.4,False
ST003588,C0794,2026-01-25 00:00:00,I need help with something.,Other,58.17,True
ST003589,C0794,2026-03-19 10:49:38,I have a question about the product.,Other,35.61,True
ST003590,C0794,2026-01-25 00:00:00,Something is not working correctly.,Bug,12.61,True
ST003591,C0795,2026-04-02 00:00:00,The integration keeps failing.,Integration,13.49,True
ST003592,C0795,2026-04-16 10:05:27,I have a question about my invoice.,Billing,60.35,False
ST003593,C0795,2026-04-02 00:00:00,I have a question about the product.,Other,70.82,False
ST003594,C0795,2026-04-02 00:00:00,I need help with something.,Other,5.37,True
ST003595,C0795,2026-04-02 00:00:00,I need help with something.,Other,57.31,False
ST003596,C0795,2026-04-02 00:00:00,I found a bug in the dashboard.,Bug,35.87,True
ST003597,C0796,2026-03-31 00:00:00,Can you add more options to the dashboard?,Feature Request,59.6,True
ST003598,C0796,2026-03-31 00:00:00,Can you add more options to the dashboard?,Feature Request,57.63,True
ST003599,C0796,2026-03-31 00:00:00,I have a question about the product.,Other,39.44,True
ST003600,C0796,2026-03-31 00:00:00,Can you add more options to the dashboard?,Feature Request,49.56,True
ST003601,C0796,2026-03-31 00:00:00,I cannot access my account.,Account,11.82,False
ST003602,C0796,2026-03-31 00:00:00,I need help with something.,Other,6.81,False
ST003603,C0796,2026-03-31 00:00:00,The application has become slower recently.,Performance,2.68,False
ST003604,C0797,2026-02-19 00:00:00,The application shows an unexpected error.,Bug,48.29,True
ST003605,C0797,2026-02-19 00:00:00,I need help changing our account settings.,Account,35.93,True
ST003606,C0797,2026-02-19 00:00:00,We are having problems connecting our tools.,Integration,24.5,True
ST003607,C0797,2026-02-19 00:00:00,The dashboard is loading slowly.,Performance,66.22,False
ST003608,C0798,2026-03-05 00:00:00,We are having problems connecting our tools.,Integration,13.56,True
ST003609,C0798,2026-03-05 00:00:00,I found a bug in the dashboard.,Bug,58.11,True
ST003610,C0798,2026-03-05 00:00:00,I have a question about my invoice.,Billing,47.99,True
ST003611,C0798,2026-03-05 00:00:00,Something is not working correctly.,Bug,66.68,False
ST003612,C0798,2026-03-12 22:27:35,I have a question about the product.,Other,60.5,True
ST003613,C0798,2026-03-05 00:00:00,The application has become slower recently.,Performance,8.95,True
ST003614,C0798,2026-03-21 19:59:55,I cannot access my account.,Account,58.66,False
ST003615,C0799,2026-02-21 00:00:00,I need help with something.,Other,18.04,False
ST003616,C0800,2026-04-06 19:37:22,Why was my payment charged twice?,Billing,34.78,True
ST003617,C0800,2026-03-29 09:11:49,I have a question about my invoice.,Billing,2.63,False
ST003618,C0800,2026-04-01 03:43:19,I was charged incorrectly this month.,Billing,57.31,True
ST003619,C0801,2026-01-19 00:00:00,I have a question about the product.,Other,46.84,False
ST003620,C0801,2026-03-27 21:24:29,The application has become slower recently.,Performance,46.62,True
ST003621,C0801,2026-04-01 13:38:03,Why was my payment charged twice?,Billing,17.94,True
ST003622,C0801,2026-02-25 04:39:10,I was charged incorrectly this month.,Billing,17.97,True
ST003623,C0801,2026-02-21 17:09:09,I need help with something.,Other,10.18,True
ST003624,C0801,2026-02-26 11:13:25,I need help with something.,Other,59.84,False
ST003625,C0802,2026-03-25 00:00:00,I cannot access my account.,Account,70.77,True
ST003626,C0802,2026-03-25 00:00:00,I need help with something.,Other,56.75,True
ST003627,C0802,2026-03-25 00:00:00,The application has become slower recently.,Performance,37.03,True
ST003628,C0802,2026-03-25 00:00:00,I have a question about my invoice.,Billing,12.77,False
ST003629,C0802,2026-03-25 00:00:00,Our integration stopped working.,Integration,63.92,False
ST003630,C0803,2026-03-30 00:00:00,The application shows an unexpected error.,Bug,3.19,True
ST003631,C0803,2026-03-30 00:00:00,The integration is not syncing correctly.,Integration,18.92,True
ST003632,C0803,2026-04-04 14:10:21,I need help changing our account settings.,Account,43.41,True
ST003633,C0803,2026-03-30 00:00:00,I found a bug in the dashboard.,Bug,21.82,True
ST003634,C0803,2026-03-30 00:00:00,Our integration stopped working.,Integration,2.73,True
ST003635,C0803,2026-04-02 01:21:39,The integration keeps failing.,Integration,21.11,True
ST003636,C0804,2026-03-13 17:49:28,Can you add more options to the dashboard?,Feature Request,19.43,True
ST003637,C0804,2026-02-16 10:58:17,I cannot access my account.,Account,20.33,True
ST003638,C0804,2026-03-03 10:45:11,The integration keeps failing.,Integration,19.9,False
ST003639,C0805,2026-04-25 00:00:00,The integration is not syncing correctly.,Integration,53.25,True
ST003640,C0805,2026-04-25 00:00:00,It would be useful to have this feature.,Feature Request,21.42,True
ST003641,C0805,2026-04-25 00:00:00,I need help with something.,Other,47.08,True
ST003642,C0805,2026-04-25 00:00:00,I found a bug in the dashboard.,Bug,66.85,True
ST003643,C0805,2026-04-25 00:00:00,I found a bug in the dashboard.,Bug,43.19,True
ST003644,C0806,2026-04-17 03:30:24,I need help with something.,Other,70.65,True
ST003645,C0806,2026-04-07 00:00:00,I need help with something.,Other,65.26,False
ST003646,C0806,2026-04-07 00:00:00,Our integration stopped working.,Integration,29.83,True
ST003647,C0806,2026-04-07 00:00:00,I found a bug in the dashboard.,Bug,44.8,True
ST003648,C0806,2026-04-07 00:00:00,The integration is not syncing correctly.,Integration,16.96,True
ST003649,C0806,2026-04-07 00:00:00,I need help changing our account settings.,Account,25.81,True
ST003650,C0807,2026-04-21 00:00:00,I have a question about the product.,Other,51.26,False
ST003651,C0807,2026-04-29 10:27:15,I need help with something.,Other,68.94,True
ST003652,C0807,2026-04-21 00:00:00,The integration keeps failing.,Integration,23.92,True
ST003653,C0807,2026-04-21 00:00:00,Something is not working correctly.,Bug,17.39,True
ST003654,C0808,2026-04-09 00:00:00,The integration keeps failing.,Integration,53.21,True
ST003655,C0808,2026-04-09 00:00:00,I have a question about the product.,Other,43.38,True
ST003656,C0808,2026-04-09 00:00:00,I need help with something.,Other,42.07,True
ST003657,C0808,2026-04-09 00:00:00,Our integration stopped working.,Integration,9.84,True
ST003658,C0808,2026-04-09 00:00:00,Why was my payment charged twice?,Billing,71.1,True
ST003659,C0808,2026-04-26 19:33:41,I need help changing our account settings.,Account,54.96,True
ST003660,C0808,2026-04-09 00:00:00,Something is not working correctly.,Bug,52.87,False
ST003661,C0809,2026-04-24 00:00:00,The integration keeps failing.,Integration,13.95,True
ST003662,C0809,2026-04-24 00:00:00,The integration is not syncing correctly.,Integration,39.02,False
ST003663,C0809,2026-04-24 00:00:00,The integration is not syncing correctly.,Integration,58.32,True
ST003664,C0809,2026-04-24 01:54:14,The integration is not syncing correctly.,Integration,67.41,False
ST003665,C0809,2026-04-24 00:00:00,We are having problems connecting our tools.,Integration,21.74,True
ST003666,C0810,2026-03-09 16:41:14,I have a question about the product.,Other,28.83,True
ST003667,C0810,2026-01-14 00:00:00,The integration keeps failing.,Integration,66.21,True
ST003668,C0810,2026-04-28 03:50:06,I have a question about the product.,Other,16.97,False
ST003669,C0810,2026-03-02 15:23:55,I found a bug in the dashboard.,Bug,56.92,True
ST003670,C0810,2026-02-21 14:53:40,Why was my payment charged twice?,Billing,54.24,True
ST003671,C0810,2026-04-26 01:56:35,I need help with something.,Other,9.91,False
ST003672,C0811,2026-04-10 00:00:00,I was charged incorrectly this month.,Billing,17.1,True
ST003673,C0811,2026-04-10 00:00:00,Can you add more options to the dashboard?,Feature Request,21.96,False
ST003674,C0811,2026-04-10 00:00:00,The application shows an unexpected error.,Bug,45.04,True
ST003675,C0811,2026-04-10 00:00:00,I have a question about my invoice.,Billing,18.7,True
ST003676,C0811,2026-04-10 00:00:00,We are having problems connecting our tools.,Integration,66.17,True
ST003677,C0811,2026-04-10 00:00:00,We are having problems connecting our tools.,Integration,63.12,True
ST003678,C0811,2026-04-10 00:00:00,The dashboard is loading slowly.,Performance,11.08,True
ST003679,C0811,2026-04-10 00:00:00,I need help with something.,Other,47.75,False
ST003680,C0812,2026-04-10 10:21:19,I need help with something.,Other,23.3,True
ST003681,C0812,2026-03-13 12:37:06,The integration keeps failing.,Integration,62.77,True
ST003682,C0812,2026-03-15 15:35:14,The integration keeps failing.,Integration,22.73,True
ST003683,C0812,2026-03-07 07:22:27,I need help with something.,Other,9.57,False
ST003684,C0813,2026-04-16 23:42:48,Why was my payment charged twice?,Billing,2.35,True
ST003685,C0813,2026-01-29 00:00:00,The application shows an unexpected error.,Bug,39.37,True
ST003686,C0813,2026-02-11 18:52:48,I have a question about the product.,Other,37.24,False
ST003687,C0813,2026-04-05 09:47:19,It would be useful to have this feature.,Feature Request,42.0,False
ST003688,C0814,2026-03-05 14:45:59,The application has become slower recently.,Performance,1.79,True
ST003689,C0814,2026-01-23 00:00:00,I cannot access my account.,Account,26.14,True
ST003690,C0814,2026-01-23 00:00:00,Something is not working correctly.,Bug,58.14,False
ST003691,C0814,2026-01-23 00:00:00,I need help with something.,Other,54.15,True
ST003692,C0814,2026-02-11 07:34:33,We are having problems connecting our tools.,Integration,42.15,True
ST003693,C0814,2026-01-29 08:57:40,I have a question about my invoice.,Billing,58.77,False
ST003694,C0814,2026-01-23 03:18:36,The application shows an unexpected error.,Bug,31.92,True
ST003695,C0814,2026-01-24 08:51:26,I cannot access my account.,Account,19.08,True
ST003696,C0815,2026-04-13 00:00:00,I need help changing our account settings.,Account,21.15,False
ST003697,C0815,2026-04-13 00:00:00,It would be useful to have this feature.,Feature Request,34.2,True
ST003698,C0815,2026-04-13 00:00:00,The integration keeps failing.,Integration,2.65,True
ST003699,C0815,2026-04-13 00:00:00,The integration is not syncing correctly.,Integration,34.92,True
ST003700,C0816,2026-03-31 00:00:00,Why was my payment charged twice?,Billing,9.2,False
ST003701,C0816,2026-03-31 00:00:00,I have a question about the product.,Other,60.79,True
ST003702,C0816,2026-04-20 13:37:06,Something is not working correctly.,Bug,33.19,True
ST003703,C0816,2026-03-31 00:00:00,Something is not working correctly.,Bug,42.5,True
ST003704,C0816,2026-03-31 00:00:00,I have a question about the product.,Other,12.78,True
ST003705,C0817,2026-03-08 00:00:00,I found a bug in the dashboard.,Bug,21.71,True
ST003706,C0817,2026-03-08 00:00:00,I need help with something.,Other,60.48,True
ST003707,C0817,2026-04-23 08:29:50,Our integration stopped working.,Integration,23.68,True
ST003708,C0817,2026-03-08 00:00:00,Our integration stopped working.,Integration,18.17,False
ST003709,C0817,2026-03-08 00:00:00,The application has become slower recently.,Performance,63.53,True
ST003710,C0817,2026-04-26 19:15:25,We are having problems connecting our tools.,Integration,21.68,False
ST003711,C0818,2026-03-01 00:00:00,The integration is not syncing correctly.,Integration,8.1,True
ST003712,C0818,2026-03-01 00:00:00,The integration is not syncing correctly.,Integration,27.88,False
ST003713,C0818,2026-04-09 21:03:01,It would be useful to have this feature.,Feature Request,48.96,False
ST003714,C0818,2026-04-27 16:43:23,Can you add more options to the dashboard?,Feature Request,15.45,False
ST003715,C0818,2026-03-01 00:00:00,I have a question about the product.,Other,67.44,True
ST003716,C0819,2026-03-18 05:58:30,I cannot access my account.,Account,40.25,True
ST003717,C0819,2026-02-08 18:46:11,The integration is not syncing correctly.,Integration,5.33,True
ST003718,C0819,2026-01-10 13:52:14,The application has become slower recently.,Performance,32.51,False
ST003719,C0819,2026-02-25 04:58:28,I need help with something.,Other,47.66,True
ST003720,C0819,2026-01-16 22:42:11,I have a question about my invoice.,Billing,42.69,True
ST003721,C0819,2026-01-31 09:13:02,Something is not working correctly.,Bug,26.81,True
ST003722,C0819,2026-02-24 11:04:47,Something is not working correctly.,Bug,67.4,True
ST003723,C0820,2026-03-13 00:00:00,I found a bug in the dashboard.,Bug,38.22,True
ST003724,C0820,2026-03-13 00:00:00,Something is not working correctly.,Bug,65.62,True
ST003725,C0820,2026-03-14 02:24:17,It would be useful to have this feature.,Feature Request,3.69,True
ST003726,C0820,2026-03-13 00:00:00,The application shows an unexpected error.,Bug,17.81,True
ST003727,C0820,2026-03-13 00:00:00,It would be useful to have this feature.,Feature Request,23.92,True
ST003728,C0820,2026-03-13 00:00:00,The application has become slower recently.,Performance,43.84,True
ST003729,C0820,2026-03-13 00:00:00,It would be useful to have this feature.,Feature Request,20.48,False
ST003730,C0821,2026-02-06 00:21:29,We are having problems connecting our tools.,Integration,66.87,True
ST003731,C0821,2026-04-26 15:26:15,The application has become slower recently.,Performance,53.11,False
ST003732,C0821,2026-02-26 14:51:43,The application shows an unexpected error.,Bug,21.47,True
ST003733,C0822,2026-04-28 00:00:00,We are having problems connecting our tools.,Integration,61.48,True
ST003734,C0823,2026-04-19 00:00:00,I have a question about the product.,Other,41.74,True
ST003735,C0823,2026-04-19 00:00:00,The application has become slower recently.,Performance,54.0,False
ST003736,C0824,2026-04-28 03:58:19,I need help changing our account settings.,Account,5.25,True
ST003737,C0824,2026-01-16 00:00:00,We are having problems connecting our tools.,Integration,15.99,False
ST003738,C0824,2026-03-16 22:54:13,Can you add more options to the dashboard?,Feature Request,48.64,True
ST003739,C0824,2026-03-15 00:39:05,I have a question about the product.,Other,2.11,False
ST003740,C0824,2026-02-05 01:19:23,I found a bug in the dashboard.,Bug,11.25,True
ST003741,C0824,2026-04-28 11:49:48,Can you add more options to the dashboard?,Feature Request,69.6,False
ST003742,C0824,2026-02-18 09:52:57,It would be useful to have this feature.,Feature Request,9.75,True
ST003743,C0824,2026-01-25 21:06:07,We are having problems connecting our tools.,Integration,20.53,False
ST003744,C0825,2026-03-23 09:47:30,The dashboard is loading slowly.,Performance,46.23,True
ST003745,C0825,2026-02-28 00:00:00,The integration is not syncing correctly.,Integration,65.54,False
ST003746,C0825,2026-02-28 00:00:00,Can you add more options to the dashboard?,Feature Request,19.19,True
ST003747,C0825,2026-02-28 00:00:00,I have a question about the product.,Other,24.31,True
ST003748,C0825,2026-02-28 00:00:00,I have a question about my invoice.,Billing,33.27,False
ST003749,C0825,2026-04-25 09:03:51,We are having problems connecting our tools.,Integration,39.26,True
ST003750,C0826,2026-01-18 00:00:00,Something is not working correctly.,Bug,63.25,False
ST003751,C0826,2026-03-11 05:37:49,Our integration stopped working.,Integration,10.93,True
ST003752,C0827,2026-04-13 00:00:00,Our integration stopped working.,Integration,17.11,True
ST003753,C0827,2026-04-13 00:00:00,I need help changing our account settings.,Account,22.71,True
ST003754,C0828,2026-03-01 00:00:00,The application has become slower recently.,Performance,5.4,True
ST003755,C0828,2026-03-01 00:00:00,I have a question about the product.,Other,29.79,True
ST003756,C0828,2026-03-20 23:21:09,Something is not working correctly.,Bug,55.65,False
ST003757,C0829,2026-03-27 00:00:00,I need help with something.,Other,49.65,True
ST003758,C0829,2026-03-27 00:00:00,The integration keeps failing.,Integration,43.22,True
ST003759,C0829,2026-03-27 00:00:00,I cannot access my account.,Account,66.21,False
ST003760,C0829,2026-03-27 00:00:00,I have a question about the product.,Other,58.93,True
ST003761,C0829,2026-03-27 00:00:00,The integration is not syncing correctly.,Integration,71.78,True
ST003762,C0829,2026-03-27 00:00:00,The application shows an unexpected error.,Bug,45.95,True
ST003763,C0829,2026-04-05 14:09:30,Why was my payment charged twice?,Billing,17.88,True
ST003764,C0830,2026-03-22 06:55:57,I have a question about the product.,Other,62.18,True
ST003765,C0831,2026-03-18 14:47:07,I was charged incorrectly this month.,Billing,58.61,False
ST003766,C0831,2026-03-13 00:00:00,It would be useful to have this feature.,Feature Request,68.64,True
ST003767,C0831,2026-03-13 00:00:00,I have a question about my invoice.,Billing,60.81,True
ST003768,C0831,2026-03-13 00:00:00,The application shows an unexpected error.,Bug,16.8,True
ST003769,C0831,2026-03-13 00:00:00,I found a bug in the dashboard.,Bug,55.42,True
ST003770,C0831,2026-03-13 00:00:00,The integration is not syncing correctly.,Integration,63.2,True
ST003771,C0832,2026-03-30 20:40:25,Something is not working correctly.,Bug,48.33,True
ST003772,C0832,2026-03-18 00:00:00,I have a question about the product.,Other,64.91,True
ST003773,C0832,2026-03-19 18:40:17,The dashboard is loading slowly.,Performance,2.52,True
ST003774,C0832,2026-03-31 19:38:06,I found a bug in the dashboard.,Bug,61.59,True
ST003775,C0833,2026-02-10 00:00:00,We are having problems connecting our tools.,Integration,35.3,False
ST003776,C0833,2026-03-09 22:46:21,The integration is not syncing correctly.,Integration,39.39,False
ST003777,C0833,2026-03-21 11:52:02,We are having problems connecting our tools.,Integration,53.16,False
ST003778,C0833,2026-02-19 08:19:43,I have a question about my invoice.,Billing,30.84,True
ST003779,C0833,2026-02-10 15:09:48,The dashboard is loading slowly.,Performance,28.67,False
ST003780,C0833,2026-04-21 15:47:59,I have a question about the product.,Other,50.99,False
ST003781,C0833,2026-03-30 08:23:45,I have a question about the product.,Other,15.62,False
ST003782,C0833,2026-02-10 00:00:00,Our integration stopped working.,Integration,53.27,True
ST003783,C0834,2026-04-07 00:00:00,I have a question about the product.,Other,13.84,True
ST003784,C0835,2026-04-25 00:00:00,The application has become slower recently.,Performance,64.57,True
ST003785,C0835,2026-04-25 00:00:00,I cannot access my account.,Account,17.25,False
ST003786,C0835,2026-04-25 00:00:00,The integration keeps failing.,Integration,46.44,True
ST003787,C0835,2026-04-25 00:00:00,Something is not working correctly.,Bug,18.55,True
ST003788,C0836,2026-03-23 11:35:52,I have a question about the product.,Other,9.36,True
ST003789,C0836,2026-04-13 14:31:30,I found a bug in the dashboard.,Bug,71.41,True
ST003790,C0837,2026-03-20 00:00:00,I have a question about the product.,Other,6.49,True
ST003791,C0837,2026-03-20 00:00:00,It would be useful to have this feature.,Feature Request,21.97,True
ST003792,C0837,2026-03-20 00:00:00,I have a question about the product.,Other,4.54,True
ST003793,C0837,2026-03-20 00:00:00,Something is not working correctly.,Bug,51.94,True
ST003794,C0837,2026-03-20 00:00:00,I need help changing our account settings.,Account,9.58,True
ST003795,C0837,2026-03-20 00:00:00,The dashboard is loading slowly.,Performance,27.93,True
ST003796,C0838,2026-04-15 00:00:00,Something is not working correctly.,Bug,31.26,True
ST003797,C0838,2026-04-15 00:00:00,Can you add more options to the dashboard?,Feature Request,5.38,True
ST003798,C0838,2026-04-25 12:04:36,I need help changing our account settings.,Account,26.67,False
ST003799,C0839,2026-04-12 21:21:29,I found a bug in the dashboard.,Bug,7.01,True
ST003800,C0839,2026-04-03 00:00:00,I was charged incorrectly this month.,Billing,71.75,True
ST003801,C0840,2026-04-25 00:00:00,I was charged incorrectly this month.,Billing,26.35,False
ST003802,C0840,2026-04-25 00:00:00,The integration keeps failing.,Integration,26.66,False
ST003803,C0840,2026-04-25 00:00:00,We are having problems connecting our tools.,Integration,55.21,False
ST003804,C0840,2026-04-25 00:00:00,I have a question about the product.,Other,26.64,True
ST003805,C0841,2026-03-06 00:00:00,I was charged incorrectly this month.,Billing,59.59,False
ST003806,C0841,2026-03-17 22:57:47,I have a question about the product.,Other,14.66,True
ST003807,C0841,2026-03-06 00:00:00,I cannot access my account.,Account,27.38,False
ST003808,C0841,2026-04-11 23:59:47,I cannot access my account.,Account,67.09,True
ST003809,C0841,2026-03-06 00:00:00,The dashboard is loading slowly.,Performance,53.68,True
ST003810,C0841,2026-03-06 00:00:00,Our integration stopped working.,Integration,23.48,True
ST003811,C0841,2026-03-06 00:00:00,I need help changing our account settings.,Account,47.55,True
ST003812,C0841,2026-03-06 00:00:00,Our integration stopped working.,Integration,6.49,True
ST003813,C0842,2026-02-24 00:00:00,The dashboard is loading slowly.,Performance,48.1,True
ST003814,C0842,2026-02-24 00:00:00,I found a bug in the dashboard.,Bug,62.78,True
ST003815,C0842,2026-04-17 01:45:09,Our integration stopped working.,Integration,70.9,False
ST003816,C0843,2026-04-17 00:00:00,I need help with something.,Other,63.52,True
ST003817,C0843,2026-04-17 00:00:00,I need help changing our account settings.,Account,53.63,True
ST003818,C0843,2026-04-17 00:00:00,I need help with something.,Other,66.47,True
ST003819,C0843,2026-04-17 00:00:00,The application shows an unexpected error.,Bug,19.71,True
ST003820,C0843,2026-04-17 00:00:00,The integration is not syncing correctly.,Integration,63.3,True
ST003821,C0844,2026-04-27 00:00:00,I have a question about the product.,Other,7.61,False
ST003822,C0844,2026-04-27 00:00:00,I need help changing our account settings.,Account,38.55,True
ST003823,C0844,2026-04-27 00:00:00,The dashboard is loading slowly.,Performance,54.94,True
ST003824,C0844,2026-04-27 00:00:00,I found a bug in the dashboard.,Bug,30.5,True
ST003825,C0844,2026-04-27 00:00:00,The integration is not syncing correctly.,Integration,64.96,True
ST003826,C0845,2026-03-12 00:00:00,The integration is not syncing correctly.,Integration,63.66,True
ST003827,C0845,2026-04-24 13:42:59,I have a question about the product.,Other,6.26,False
ST003828,C0846,2026-02-27 00:00:00,It would be useful to have this feature.,Feature Request,29.4,True
ST003829,C0846,2026-03-25 06:39:23,I have a question about my invoice.,Billing,28.59,False
ST003830,C0846,2026-02-27 00:00:00,Something is not working correctly.,Bug,47.33,True
ST003831,C0846,2026-02-27 00:00:00,The dashboard is loading slowly.,Performance,62.89,True
ST003832,C0846,2026-02-27 00:00:00,Why was my payment charged twice?,Billing,16.9,True
ST003833,C0846,2026-02-27 00:00:00,The integration is not syncing correctly.,Integration,6.7,True
ST003834,C0847,2026-04-25 00:00:00,Why was my payment charged twice?,Billing,35.06,True
ST003835,C0847,2026-04-25 00:00:00,It would be useful to have this feature.,Feature Request,67.82,False
ST003836,C0847,2026-04-25 00:00:00,The integration is not syncing correctly.,Integration,24.79,True
ST003837,C0847,2026-04-25 00:00:00,I need help with something.,Other,55.09,True
ST003838,C0847,2026-04-25 00:00:00,The application has become slower recently.,Performance,24.21,False
ST003839,C0847,2026-04-25 00:00:00,I cannot access my account.,Account,40.25,True
ST003840,C0847,2026-04-25 00:00:00,The dashboard is loading slowly.,Performance,39.07,True
ST003841,C0847,2026-04-25 00:00:00,I have a question about the product.,Other,19.84,True
ST003842,C0848,2026-03-18 21:44:17,I have a question about my invoice.,Billing,29.46,False
ST003843,C0848,2026-01-21 13:33:29,Our integration stopped working.,Integration,48.64,True
ST003844,C0848,2026-04-01 02:09:48,I have a question about the product.,Other,65.99,True
ST003845,C0848,2026-02-23 15:23:51,We are having problems connecting our tools.,Integration,47.78,True
ST003846,C0848,2026-01-21 00:00:00,The integration is not syncing correctly.,Integration,55.68,True
ST003847,C0849,2026-04-06 00:00:00,I have a question about the product.,Other,67.5,False
ST003848,C0849,2026-04-06 00:00:00,The integration keeps failing.,Integration,39.56,True
ST003849,C0850,2026-04-21 00:00:00,I need help with something.,Other,13.19,True
ST003850,C0850,2026-04-21 00:00:00,The integration is not syncing correctly.,Integration,28.57,False
ST003851,C0850,2026-04-21 00:00:00,I have a question about my invoice.,Billing,71.51,False
ST003852,C0851,2026-03-02 00:00:00,The application shows an unexpected error.,Bug,61.89,True
ST003853,C0852,2026-03-18 13:05:59,I have a question about the product.,Other,60.71,True
ST003854,C0852,2026-03-04 11:46:31,I have a question about the product.,Other,60.45,True
ST003855,C0853,2026-02-03 00:00:00,It would be useful to have this feature.,Feature Request,30.89,True
ST003856,C0853,2026-03-25 03:59:57,Something is not working correctly.,Bug,28.57,True
ST003857,C0853,2026-03-10 12:20:20,The application has become slower recently.,Performance,53.0,True
ST003858,C0853,2026-02-03 00:00:00,Our integration stopped working.,Integration,20.91,True
ST003859,C0853,2026-03-12 06:13:04,Can you add more options to the dashboard?,Feature Request,22.32,True
ST003860,C0853,2026-03-28 08:35:06,Something is not working correctly.,Bug,51.08,False
ST003861,C0853,2026-02-03 00:00:00,The integration keeps failing.,Integration,13.8,True
ST003862,C0853,2026-02-03 00:00:00,I need help with something.,Other,16.26,True
ST003863,C0854,2026-04-07 00:00:00,I need help with something.,Other,19.41,True
ST003864,C0854,2026-04-07 22:19:58,It would be useful to have this feature.,Feature Request,1.68,True
ST003865,C0854,2026-04-15 11:05:47,I have a question about the product.,Other,65.34,False
ST003866,C0855,2026-02-01 00:00:00,I need help with something.,Other,41.17,True
ST003867,C0856,2026-04-18 00:00:00,It would be useful to have this feature.,Feature Request,3.35,True
ST003868,C0856,2026-04-18 00:00:00,I have a question about the product.,Other,16.56,True
ST003869,C0856,2026-04-18 00:00:00,I need help with something.,Other,45.89,True
ST003870,C0856,2026-04-18 00:00:00,Can you add more options to the dashboard?,Feature Request,59.68,False
ST003871,C0856,2026-04-18 00:00:00,We are having problems connecting our tools.,Integration,59.21,True
ST003872,C0857,2026-03-24 18:30:04,I need help changing our account settings.,Account,17.85,True
ST003873,C0857,2026-03-26 02:19:59,I cannot access my account.,Account,49.63,True
ST003874,C0857,2026-03-23 00:00:00,The dashboard is loading slowly.,Performance,57.76,True
ST003875,C0857,2026-04-04 01:11:34,The dashboard is loading slowly.,Performance,55.29,True
ST003876,C0857,2026-03-23 00:00:00,The application has become slower recently.,Performance,19.58,True
ST003877,C0857,2026-03-23 00:00:00,We are having problems connecting our tools.,Integration,14.75,True
ST003878,C0858,2026-02-28 08:03:18,I need help with something.,Other,70.14,True
ST003879,C0858,2026-03-04 15:30:16,I found a bug in the dashboard.,Bug,33.01,False
ST003880,C0858,2026-03-14 02:39:11,I cannot access my account.,Account,43.04,True
ST003881,C0859,2026-04-09 00:00:00,I need help with something.,Other,33.29,True
ST003882,C0859,2026-04-09 00:00:00,I need help with something.,Other,27.34,True
ST003883,C0859,2026-04-09 00:00:00,We are having problems connecting our tools.,Integration,66.73,True
ST003884,C0860,2026-04-10 00:00:00,Something is not working correctly.,Bug,45.13,True
ST003885,C0861,2026-03-08 00:00:00,The application has become slower recently.,Performance,46.41,False
ST003886,C0861,2026-04-29 03:58:09,I need help with something.,Other,49.37,True
ST003887,C0861,2026-03-08 00:00:00,Can you add more options to the dashboard?,Feature Request,37.11,True
ST003888,C0862,2026-03-04 00:00:00,Can you add more options to the dashboard?,Feature Request,19.85,True
ST003889,C0862,2026-03-19 06:36:55,I was charged incorrectly this month.,Billing,13.75,True
ST003890,C0862,2026-03-04 00:00:00,The application shows an unexpected error.,Bug,65.76,True
ST003891,C0862,2026-03-17 02:12:09,Why was my payment charged twice?,Billing,64.61,True
ST003892,C0862,2026-03-04 00:00:00,The integration is not syncing correctly.,Integration,62.34,False
ST003893,C0863,2026-03-22 00:00:00,I need help with something.,Other,62.49,True
ST003894,C0863,2026-03-22 00:00:00,Why was my payment charged twice?,Billing,23.88,True
ST003895,C0863,2026-03-22 00:00:00,I have a question about the product.,Other,15.46,True
ST003896,C0863,2026-03-22 00:00:00,I need help with something.,Other,52.09,True
ST003897,C0863,2026-03-22 00:00:00,Can you add more options to the dashboard?,Feature Request,38.51,True
ST003898,C0863,2026-03-31 14:14:21,We are having problems connecting our tools.,Integration,27.36,True
ST003899,C0864,2026-03-23 05:51:22,The integration keeps failing.,Integration,4.47,True
ST003900,C0865,2026-04-26 04:41:22,Can you add more options to the dashboard?,Feature Request,35.88,False
ST003901,C0865,2026-02-07 10:01:49,I found a bug in the dashboard.,Bug,3.79,True
ST003902,C0865,2026-03-09 21:58:04,I found a bug in the dashboard.,Bug,14.21,False
ST003903,C0865,2026-02-05 00:00:00,I cannot access my account.,Account,4.74,True
ST003904,C0865,2026-02-14 13:49:48,I cannot access my account.,Account,47.83,True
ST003905,C0865,2026-03-08 14:03:24,The application has become slower recently.,Performance,42.4,False
ST003906,C0865,2026-02-23 04:43:12,It would be useful to have this feature.,Feature Request,57.09,False
ST003907,C0865,2026-02-05 00:00:00,I have a question about the product.,Other,35.22,True
ST003908,C0866,2026-03-07 18:12:09,The integration is not syncing correctly.,Integration,46.37,False
ST003909,C0866,2026-04-19 16:16:37,I found a bug in the dashboard.,Bug,44.61,True
ST003910,C0866,2026-02-26 00:00:00,Can you add more options to the dashboard?,Feature Request,19.16,True
ST003911,C0867,2026-04-17 15:47:39,The dashboard is loading slowly.,Performance,6.74,True
ST003912,C0868,2026-04-03 21:51:37,It would be useful to have this feature.,Feature Request,1.94,False
ST003913,C0868,2026-04-02 00:00:00,I need help with something.,Other,53.73,True
ST003914,C0868,2026-04-02 00:00:00,I have a question about the product.,Other,39.78,False
ST003915,C0868,2026-04-02 00:00:00,I cannot access my account.,Account,54.62,True
ST003916,C0868,2026-04-02 00:00:00,I have a question about the product.,Other,19.18,False
ST003917,C0869,2026-03-09 06:13:24,I need help changing our account settings.,Account,67.3,True
ST003918,C0870,2026-01-31 00:00:00,Something is not working correctly.,Bug,1.96,False
ST003919,C0870,2026-04-08 18:13:43,I cannot access my account.,Account,65.89,True
ST003920,C0870,2026-04-01 21:00:53,I need help with something.,Other,20.64,False
ST003921,C0870,2026-04-13 22:57:07,Something is not working correctly.,Bug,29.48,True
ST003922,C0870,2026-02-21 07:03:48,Our integration stopped working.,Integration,55.77,False
ST003923,C0870,2026-01-31 00:00:00,Something is not working correctly.,Bug,22.26,True
ST003924,C0871,2026-03-01 20:48:54,I was charged incorrectly this month.,Billing,47.02,False
ST003925,C0871,2026-02-04 00:00:00,It would be useful to have this feature.,Feature Request,26.43,True
ST003926,C0872,2026-02-12 00:00:00,I need help changing our account settings.,Account,19.09,True
ST003927,C0873,2026-02-10 00:00:00,It would be useful to have this feature.,Feature Request,60.22,False
ST003928,C0873,2026-04-17 19:47:33,We are having problems connecting our tools.,Integration,19.41,True
ST003929,C0873,2026-04-18 00:51:15,It would be useful to have this feature.,Feature Request,12.32,True
ST003930,C0873,2026-03-24 09:24:59,We are having problems connecting our tools.,Integration,70.62,True
ST003931,C0873,2026-02-10 00:00:00,Why was my payment charged twice?,Billing,48.95,False
ST003932,C0873,2026-02-10 00:00:00,The dashboard is loading slowly.,Performance,39.74,True
ST003933,C0874,2026-04-25 00:00:00,The application shows an unexpected error.,Bug,43.98,False
ST003934,C0874,2026-04-25 00:00:00,I have a question about my invoice.,Billing,10.78,True
ST003935,C0874,2026-04-25 00:00:00,I need help with something.,Other,34.29,True
ST003936,C0874,2026-04-25 00:00:00,Why was my payment charged twice?,Billing,61.85,True
ST003937,C0874,2026-04-25 00:00:00,The dashboard is loading slowly.,Performance,64.82,True
ST003938,C0874,2026-04-25 00:00:00,I cannot access my account.,Account,6.79,True
ST003939,C0875,2026-04-07 14:32:16,I need help with something.,Other,15.46,True
ST003940,C0876,2026-02-20 13:06:31,I have a question about the product.,Other,52.16,False
ST003941,C0876,2026-01-19 01:38:03,The integration is not syncing correctly.,Integration,66.37,True
ST003942,C0877,2026-03-10 10:05:20,I found a bug in the dashboard.,Bug,16.04,True
ST003943,C0877,2026-01-18 00:00:00,I have a question about the product.,Other,8.71,True
ST003944,C0878,2026-01-20 00:00:00,I have a question about my invoice.,Billing,56.44,True
ST003945,C0878,2026-01-20 00:00:00,The integration keeps failing.,Integration,34.51,True
ST003946,C0878,2026-02-21 00:00:03,The integration is not syncing correctly.,Integration,12.34,True
ST003947,C0878,2026-01-23 07:13:41,I need help with something.,Other,28.74,True
ST003948,C0878,2026-04-20 10:06:13,The integration keeps failing.,Integration,28.26,False
ST003949,C0878,2026-03-31 07:20:59,I need help with something.,Other,67.27,True
ST003950,C0878,2026-01-25 13:28:22,The application has become slower recently.,Performance,46.71,True
ST003951,C0879,2026-02-17 16:50:05,Something is not working correctly.,Bug,67.76,True
ST003952,C0879,2026-02-02 20:24:37,I have a question about the product.,Other,50.11,False
ST003953,C0879,2026-03-02 21:03:09,Why was my payment charged twice?,Billing,1.28,True
ST003954,C0879,2026-01-30 00:00:00,The integration is not syncing correctly.,Integration,40.4,False
ST003955,C0879,2026-01-30 00:00:00,I have a question about the product.,Other,44.92,True
ST003956,C0879,2026-04-28 09:20:26,Our integration stopped working.,Integration,46.57,True
ST003957,C0879,2026-04-25 17:30:52,I need help changing our account settings.,Account,14.6,True
ST003958,C0879,2026-03-14 05:13:07,I need help with something.,Other,59.21,True
ST003959,C0880,2026-02-19 00:00:00,I need help with something.,Other,4.33,True
ST003960,C0880,2026-03-30 01:25:43,I need help changing our account settings.,Account,29.45,True
ST003961,C0880,2026-04-25 00:55:57,We are having problems connecting our tools.,Integration,13.78,True
ST003962,C0880,2026-02-19 00:00:00,Why was my payment charged twice?,Billing,67.5,False
ST003963,C0880,2026-03-11 11:36:03,The dashboard is loading slowly.,Performance,2.73,False
ST003964,C0880,2026-04-21 19:49:16,I need help changing our account settings.,Account,45.83,True
ST003965,C0880,2026-03-23 19:20:01,The integration keeps failing.,Integration,49.88,True
ST003966,C0880,2026-04-24 05:13:40,I need help with something.,Other,48.05,True
ST003967,C0881,2026-03-30 00:00:00,The dashboard is loading slowly.,Performance,14.5,True
ST003968,C0881,2026-03-30 00:00:00,The dashboard is loading slowly.,Performance,43.18,False
ST003969,C0881,2026-03-30 00:00:00,I was charged incorrectly this month.,Billing,16.78,True
ST003970,C0881,2026-03-30 00:00:00,It would be useful to have this feature.,Feature Request,54.09,True
ST003971,C0882,2026-03-13 01:01:15,Something is not working correctly.,Bug,1.46,True
ST003972,C0882,2026-02-06 01:59:46,I cannot access my account.,Account,6.82,True
ST003973,C0882,2026-01-29 23:26:11,We are having problems connecting our tools.,Integration,6.01,True
ST003974,C0882,2026-04-15 13:56:34,We are having problems connecting our tools.,Integration,14.02,True
ST003975,C0882,2026-01-24 07:14:40,I need help with something.,Other,28.48,False
ST003976,C0882,2026-04-27 03:43:10,We are having problems connecting our tools.,Integration,68.88,False
ST003977,C0882,2026-01-20 00:00:00,It would be useful to have this feature.,Feature Request,52.41,False
ST003978,C0883,2026-04-01 00:00:00,The dashboard is loading slowly.,Performance,31.73,True
ST003979,C0883,2026-04-29 19:29:44,I was charged incorrectly this month.,Billing,7.11,True
ST003980,C0883,2026-04-22 20:47:27,I need help with something.,Other,64.64,True
ST003981,C0883,2026-04-01 00:00:00,I have a question about the product.,Other,46.39,True
ST003982,C0883,2026-04-01 00:00:00,I have a question about the product.,Other,72.0,False
ST003983,C0884,2026-01-31 15:18:43,The application has become slower recently.,Performance,10.74,True
ST003984,C0884,2026-02-04 09:18:53,I need help with something.,Other,46.59,True
ST003985,C0884,2026-04-12 04:12:28,I need help with something.,Other,46.01,True
ST003986,C0884,2026-03-17 04:48:48,The application has become slower recently.,Performance,7.83,True
ST003987,C0884,2026-01-28 00:00:00,Can you add more options to the dashboard?,Feature Request,38.9,False
ST003988,C0884,2026-01-28 00:00:00,I have a question about the product.,Other,18.05,True
ST003989,C0884,2026-03-21 21:53:33,We are having problems connecting our tools.,Integration,48.3,False
ST003990,C0885,2026-03-01 14:44:37,The application shows an unexpected error.,Bug,21.05,True
ST003991,C0885,2026-03-01 23:33:35,We are having problems connecting our tools.,Integration,13.3,True
ST003992,C0885,2026-03-04 03:15:24,Can you add more options to the dashboard?,Feature Request,43.01,True
ST003993,C0885,2026-03-16 01:59:44,Why was my payment charged twice?,Billing,17.54,True
ST003994,C0885,2026-01-09 06:15:38,Something is not working correctly.,Bug,44.93,False
ST003995,C0886,2026-02-23 00:00:00,I found a bug in the dashboard.,Bug,31.17,True
ST003996,C0886,2026-02-23 00:00:00,I cannot access my account.,Account,47.23,True
ST003997,C0886,2026-02-23 00:00:00,I need help changing our account settings.,Account,16.1,False
ST003998,C0886,2026-04-25 04:09:15,It would be useful to have this feature.,Feature Request,38.04,True
ST003999,C0886,2026-04-08 04:32:00,I need help with something.,Other,40.3,False
ST004000,C0886,2026-03-07 01:39:49,The application shows an unexpected error.,Bug,6.68,True
ST004001,C0886,2026-02-23 00:00:00,I have a question about the product.,Other,47.26,True
ST004002,C0887,2026-02-22 00:00:00,The application has become slower recently.,Performance,32.81,True
ST004003,C0887,2026-02-22 00:00:00,We are having problems connecting our tools.,Integration,21.08,True
ST004004,C0887,2026-04-19 00:25:33,I have a question about my invoice.,Billing,5.41,True
ST004005,C0887,2026-03-13 03:08:41,I was charged incorrectly this month.,Billing,23.57,False
ST004006,C0887,2026-02-22 00:00:00,The integration keeps failing.,Integration,12.7,True
ST004007,C0888,2026-02-19 22:52:16,I need help with something.,Other,70.28,True
ST004008,C0889,2026-03-16 11:50:06,I have a question about the product.,Other,61.17,True
ST004009,C0889,2026-03-11 00:00:00,I need help changing our account settings.,Account,28.86,True
ST004010,C0890,2026-04-07 20:36:57,I have a question about the product.,Other,67.9,True
ST004011,C0890,2026-03-29 11:48:32,I need help with something.,Other,30.12,True
ST004012,C0890,2026-04-08 13:17:05,I found a bug in the dashboard.,Bug,16.29,True
ST004013,C0891,2026-03-02 03:32:15,Something is not working correctly.,Bug,48.85,True
ST004014,C0891,2026-04-09 23:01:12,I need help with something.,Other,10.83,False
ST004015,C0891,2026-03-31 22:40:31,I cannot access my account.,Account,6.26,True
ST004016,C0891,2026-02-23 00:00:00,I cannot access my account.,Account,60.81,False
ST004017,C0891,2026-04-12 21:09:15,Our integration stopped working.,Integration,9.96,True
ST004018,C0891,2026-02-23 00:00:00,Can you add more options to the dashboard?,Feature Request,36.95,True
ST004019,C0891,2026-02-23 00:00:00,The integration keeps failing.,Integration,4.2,True
ST004020,C0891,2026-03-15 14:58:29,I need help with something.,Other,16.48,False
ST004021,C0892,2026-02-22 10:14:53,I need help with something.,Other,29.65,True
ST004022,C0892,2026-01-08 00:00:00,I found a bug in the dashboard.,Bug,34.01,True
ST004023,C0892,2026-01-21 15:45:52,I need help changing our account settings.,Account,44.65,False
ST004024,C0892,2026-02-02 19:15:31,I cannot access my account.,Account,49.78,True
ST004025,C0892,2026-04-16 23:29:50,The application shows an unexpected error.,Bug,1.32,True
ST004026,C0893,2026-03-02 05:11:11,I need help with something.,Other,26.31,True
ST004027,C0893,2026-02-12 09:54:42,I need help with something.,Other,66.44,True
ST004028,C0893,2026-04-19 02:37:30,I found a bug in the dashboard.,Bug,56.48,True
ST004029,C0893,2026-02-03 16:30:26,I need help with something.,Other,55.72,True
ST004030,C0893,2026-02-17 11:11:21,I have a question about the product.,Other,51.81,False
ST004031,C0893,2026-01-27 00:00:00,I have a question about the product.,Other,43.75,True
ST004032,C0893,2026-03-19 04:28:08,Our integration stopped working.,Integration,35.05,True
ST004033,C0894,2026-04-17 00:00:00,I have a question about the product.,Other,27.9,True
ST004034,C0894,2026-04-17 00:00:00,I found a bug in the dashboard.,Bug,10.85,True
ST004035,C0894,2026-04-17 00:00:00,It would be useful to have this feature.,Feature Request,31.74,False
ST004036,C0894,2026-04-17 00:00:00,The integration is not syncing correctly.,Integration,64.67,True
ST004037,C0894,2026-04-17 00:00:00,Our integration stopped working.,Integration,53.18,False
ST004038,C0894,2026-04-17 00:00:00,It would be useful to have this feature.,Feature Request,49.89,True
ST004039,C0894,2026-04-18 10:36:33,The application has become slower recently.,Performance,23.16,True
ST004040,C0895,2026-02-23 00:00:00,I found a bug in the dashboard.,Bug,17.15,True
ST004041,C0895,2026-02-26 01:36:21,Our integration stopped working.,Integration,7.76,True
ST004042,C0895,2026-02-23 00:00:00,Why was my payment charged twice?,Billing,29.39,False
ST004043,C0895,2026-02-23 00:00:00,I have a question about my invoice.,Billing,34.73,True
ST004044,C0896,2026-04-16 15:17:18,I need help with something.,Other,52.32,True
ST004045,C0896,2026-02-19 00:00:00,The application shows an unexpected error.,Bug,56.2,True
ST004046,C0896,2026-04-07 02:42:55,I was charged incorrectly this month.,Billing,45.82,False
ST004047,C0896,2026-02-19 00:00:00,The integration keeps failing.,Integration,22.33,True
ST004048,C0896,2026-02-19 00:00:00,It would be useful to have this feature.,Feature Request,18.56,False
ST004049,C0896,2026-03-28 08:51:29,I have a question about the product.,Other,61.34,True
ST004050,C0896,2026-02-19 00:00:00,Why was my payment charged twice?,Billing,3.74,True
ST004051,C0896,2026-04-27 12:51:13,We are having problems connecting our tools.,Integration,63.16,True
ST004052,C0897,2026-04-26 00:00:00,Why was my payment charged twice?,Billing,44.41,True
ST004053,C0897,2026-04-26 00:00:00,I have a question about the product.,Other,41.69,True
ST004054,C0897,2026-04-26 00:00:00,I need help changing our account settings.,Account,18.11,True
ST004055,C0897,2026-04-26 00:00:00,I need help changing our account settings.,Account,5.56,True
ST004056,C0897,2026-04-26 00:00:00,Something is not working correctly.,Bug,62.91,True
ST004057,C0897,2026-04-26 00:00:00,The integration keeps failing.,Integration,54.78,True
ST004058,C0897,2026-04-26 00:00:00,I have a question about the product.,Other,38.62,True
ST004059,C0898,2026-04-09 00:00:00,I have a question about the product.,Other,3.42,True
ST004060,C0898,2026-04-09 00:00:00,It would be useful to have this feature.,Feature Request,18.78,True
ST004061,C0898,2026-04-09 00:00:00,Can you add more options to the dashboard?,Feature Request,38.11,True
ST004062,C0898,2026-04-18 06:09:32,I have a question about the product.,Other,44.42,True
ST004063,C0898,2026-04-09 00:00:00,Our integration stopped working.,Integration,18.26,True
ST004064,C0899,2026-04-03 23:44:09,Can you add more options to the dashboard?,Feature Request,26.63,False
ST004065,C0899,2026-03-16 00:00:00,Can you add more options to the dashboard?,Feature Request,70.23,False
ST004066,C0900,2026-04-16 11:40:15,I found a bug in the dashboard.,Bug,24.18,True
ST004067,C0900,2026-03-31 00:00:00,I found a bug in the dashboard.,Bug,14.24,True
ST004068,C0900,2026-03-31 00:00:00,I have a question about my invoice.,Billing,20.77,True
ST004069,C0900,2026-03-31 00:00:00,Can you add more options to the dashboard?,Feature Request,55.74,True
ST004070,C0901,2026-04-29 18:16:31,Why was my payment charged twice?,Billing,71.05,True
ST004071,C0901,2026-04-06 18:28:30,I need help with something.,Other,27.5,True
ST004072,C0901,2026-01-15 06:36:57,We are having problems connecting our tools.,Integration,17.57,True
ST004073,C0901,2026-02-14 10:59:50,The application has become slower recently.,Performance,53.02,True
ST004074,C0901,2026-02-17 19:01:15,I have a question about the product.,Other,29.91,False
ST004075,C0902,2026-04-20 00:00:00,I need help with something.,Other,69.86,True
ST004076,C0902,2026-04-20 00:00:00,Why was my payment charged twice?,Billing,34.63,True
ST004077,C0902,2026-04-20 00:00:00,The application has become slower recently.,Performance,51.39,False
ST004078,C0903,2026-04-23 00:00:00,I have a question about the product.,Other,44.71,True
ST004079,C0903,2026-04-23 00:00:00,Something is not working correctly.,Bug,24.15,False
ST004080,C0903,2026-04-23 00:00:00,The integration keeps failing.,Integration,64.95,True
ST004081,C0903,2026-04-23 00:00:00,The dashboard is loading slowly.,Performance,66.57,True
ST004082,C0904,2026-04-08 00:00:00,The integration is not syncing correctly.,Integration,41.51,False
ST004083,C0904,2026-04-13 23:31:15,The application shows an unexpected error.,Bug,49.26,True
ST004084,C0904,2026-04-08 00:00:00,I found a bug in the dashboard.,Bug,19.29,True
ST004085,C0905,2026-03-15 00:00:00,The integration is not syncing correctly.,Integration,28.65,True
ST004086,C0905,2026-03-15 00:00:00,I need help with something.,Other,33.36,True
ST004087,C0906,2026-02-19 15:52:24,I need help with something.,Other,6.74,True
ST004088,C0906,2026-04-12 08:27:31,The application shows an unexpected error.,Bug,62.03,True
ST004089,C0906,2026-02-18 00:00:00,Can you add more options to the dashboard?,Feature Request,18.33,True
ST004090,C0907,2026-03-03 00:00:00,Our integration stopped working.,Integration,37.88,True
ST004091,C0907,2026-03-03 00:00:00,I need help with something.,Other,49.06,True
ST004092,C0907,2026-03-23 14:15:50,Our integration stopped working.,Integration,43.76,True
ST004093,C0907,2026-03-03 00:00:00,I have a question about the product.,Other,11.73,False
ST004094,C0907,2026-03-03 23:44:09,I have a question about the product.,Other,17.55,True
ST004095,C0907,2026-03-03 00:00:00,It would be useful to have this feature.,Feature Request,4.88,True
ST004096,C0908,2026-03-07 16:02:43,I need help changing our account settings.,Account,63.21,True
ST004097,C0908,2026-03-12 14:02:56,I cannot access my account.,Account,38.23,True
ST004098,C0908,2026-03-14 06:36:30,The application has become slower recently.,Performance,30.92,True
ST004099,C0908,2026-03-14 14:29:19,Our integration stopped working.,Integration,31.07,True
ST004100,C0909,2026-03-27 03:16:24,I was charged incorrectly this month.,Billing,70.35,False
ST004101,C0909,2026-02-15 00:00:00,I need help changing our account settings.,Account,4.77,True
ST004102,C0909,2026-02-15 00:00:00,I need help with something.,Other,27.39,True
ST004103,C0909,2026-02-15 00:00:00,I have a question about the product.,Other,56.96,True
ST004104,C0910,2026-02-08 00:00:00,The integration keeps failing.,Integration,33.25,True
ST004105,C0910,2026-03-12 03:22:36,I have a question about the product.,Other,31.57,True
ST004106,C0910,2026-02-16 19:32:40,The integration is not syncing correctly.,Integration,2.45,False
ST004107,C0910,2026-02-08 00:00:00,I have a question about the product.,Other,47.54,True
ST004108,C0910,2026-02-24 07:45:27,Something is not working correctly.,Bug,45.52,True
ST004109,C0910,2026-02-08 00:00:00,I cannot access my account.,Account,26.76,False
ST004110,C0910,2026-02-08 00:00:00,We are having problems connecting our tools.,Integration,30.83,False
ST004111,C0910,2026-02-08 00:00:00,Why was my payment charged twice?,Billing,15.27,True
ST004112,C0911,2026-04-22 19:11:27,The dashboard is loading slowly.,Performance,6.35,False
ST004113,C0911,2026-04-07 00:00:00,I need help with something.,Other,31.37,True
ST004114,C0912,2026-02-19 00:00:00,It would be useful to have this feature.,Feature Request,2.01,True
ST004115,C0912,2026-02-19 00:00:00,I have a question about the product.,Other,7.88,True
ST004116,C0913,2026-04-20 00:00:00,I have a question about the product.,Other,25.7,True
ST004117,C0913,2026-04-20 00:00:00,Can you add more options to the dashboard?,Feature Request,37.2,True
ST004118,C0913,2026-04-26 14:55:55,I have a question about the product.,Other,20.32,True
ST004119,C0913,2026-04-20 00:00:00,I have a question about the product.,Other,70.35,True
ST004120,C0913,2026-04-20 00:00:00,I need help with something.,Other,6.71,False
ST004121,C0913,2026-04-20 00:00:00,The application shows an unexpected error.,Bug,52.17,True
ST004122,C0913,2026-04-28 14:25:09,I have a question about the product.,Other,54.2,True
ST004123,C0914,2026-04-25 00:00:00,The dashboard is loading slowly.,Performance,62.88,True
ST004124,C0914,2026-04-25 00:00:00,I have a question about my invoice.,Billing,48.93,True
ST004125,C0914,2026-04-27 10:05:09,The integration keeps failing.,Integration,16.98,False
ST004126,C0914,2026-04-25 00:00:00,We are having problems connecting our tools.,Integration,37.07,False
ST004127,C0914,2026-04-25 00:00:00,The dashboard is loading slowly.,Performance,37.34,True
ST004128,C0914,2026-04-25 00:00:00,Can you add more options to the dashboard?,Feature Request,64.34,True
ST004129,C0914,2026-04-25 00:00:00,Something is not working correctly.,Bug,29.61,True
ST004130,C0915,2026-04-17 00:00:00,Why was my payment charged twice?,Billing,10.7,False
ST004131,C0915,2026-04-17 00:00:00,We are having problems connecting our tools.,Integration,42.04,True
ST004132,C0915,2026-04-17 00:00:00,I need help with something.,Other,4.36,True
ST004133,C0915,2026-04-17 00:00:00,I have a question about the product.,Other,6.57,False
ST004134,C0915,2026-04-17 00:00:00,Our integration stopped working.,Integration,37.58,True
ST004135,C0915,2026-04-17 00:00:00,I need help with something.,Other,36.43,False
ST004136,C0915,2026-04-18 13:53:26,The application has become slower recently.,Performance,40.13,True
ST004137,C0916,2026-03-22 21:06:29,The integration keeps failing.,Integration,36.22,False
ST004138,C0916,2026-02-23 00:00:00,I have a question about the product.,Other,14.47,False
ST004139,C0916,2026-03-20 11:37:59,Why was my payment charged twice?,Billing,33.44,True
ST004140,C0916,2026-03-21 02:41:25,Our integration stopped working.,Integration,3.67,True
ST004141,C0916,2026-03-08 14:49:27,I have a question about my invoice.,Billing,49.04,True
ST004142,C0916,2026-04-09 17:43:11,I have a question about my invoice.,Billing,62.33,False
ST004143,C0916,2026-04-16 03:15:07,Something is not working correctly.,Bug,41.15,True
ST004144,C0917,2026-04-18 15:38:14,I cannot access my account.,Account,68.09,True
ST004145,C0917,2026-04-19 08:47:33,It would be useful to have this feature.,Feature Request,5.53,True
ST004146,C0917,2026-03-11 10:39:09,I need help with something.,Other,33.74,False
ST004147,C0917,2026-03-10 00:00:00,I was charged incorrectly this month.,Billing,47.25,False
ST004148,C0917,2026-03-10 00:00:00,The dashboard is loading slowly.,Performance,69.84,False
ST004149,C0917,2026-03-10 00:00:00,Something is not working correctly.,Bug,68.52,True
ST004150,C0917,2026-04-08 18:54:29,The dashboard is loading slowly.,Performance,68.42,True
ST004151,C0917,2026-03-10 00:00:00,The integration is not syncing correctly.,Integration,39.84,False
ST004152,C0918,2026-04-06 00:00:00,I need help changing our account settings.,Account,42.1,True
ST004153,C0919,2026-04-05 00:00:00,I need help with something.,Other,17.93,True
ST004154,C0919,2026-04-05 00:00:00,The dashboard is loading slowly.,Performance,59.52,True
ST004155,C0919,2026-04-05 00:00:00,The application has become slower recently.,Performance,29.71,True
ST004156,C0919,2026-04-05 00:00:00,I was charged incorrectly this month.,Billing,31.06,True
ST004157,C0919,2026-04-05 00:00:00,The application shows an unexpected error.,Bug,3.73,False
ST004158,C0919,2026-04-05 00:00:00,We are having problems connecting our tools.,Integration,40.64,False
ST004159,C0919,2026-04-14 02:33:48,The dashboard is loading slowly.,Performance,13.87,True
ST004160,C0919,2026-04-05 00:00:00,Why was my payment charged twice?,Billing,50.27,False
ST004161,C0920,2026-03-14 00:40:52,I have a question about my invoice.,Billing,53.44,True
ST004162,C0920,2026-03-11 00:00:00,Why was my payment charged twice?,Billing,40.66,True
ST004163,C0921,2026-04-13 00:00:00,I was charged incorrectly this month.,Billing,54.22,False
ST004164,C0921,2026-04-13 00:00:00,The dashboard is loading slowly.,Performance,67.76,False
ST004165,C0921,2026-04-13 00:00:00,I need help with something.,Other,3.88,False
ST004166,C0922,2026-03-19 00:00:00,Something is not working correctly.,Bug,51.3,False
ST004167,C0922,2026-03-19 00:00:00,The dashboard is loading slowly.,Performance,53.06,True
ST004168,C0922,2026-03-19 00:00:00,We are having problems connecting our tools.,Integration,7.4,False
ST004169,C0922,2026-03-19 00:00:00,I have a question about the product.,Other,32.58,True
ST004170,C0922,2026-03-19 00:00:00,I need help with something.,Other,55.85,False
ST004171,C0922,2026-03-19 00:00:00,I have a question about the product.,Other,4.88,False
ST004172,C0922,2026-04-14 13:55:58,The integration is not syncing correctly.,Integration,10.48,False
ST004173,C0923,2026-04-25 00:00:00,I was charged incorrectly this month.,Billing,69.14,False
ST004174,C0923,2026-04-25 00:00:00,The dashboard is loading slowly.,Performance,28.27,True
ST004175,C0924,2026-01-29 00:00:00,Can you add more options to the dashboard?,Feature Request,19.41,True
ST004176,C0924,2026-03-01 05:11:26,We are having problems connecting our tools.,Integration,39.19,False
ST004177,C0925,2026-03-15 05:20:25,Why was my payment charged twice?,Billing,45.84,True
ST004178,C0925,2026-03-04 00:00:00,I was charged incorrectly this month.,Billing,68.02,True
ST004179,C0925,2026-03-29 10:34:59,I cannot access my account.,Account,16.88,True
ST004180,C0925,2026-04-04 17:19:09,The application has become slower recently.,Performance,14.49,True
ST004181,C0925,2026-04-15 10:57:48,I have a question about the product.,Other,12.5,False
ST004182,C0925,2026-04-01 09:48:39,I need help changing our account settings.,Account,71.95,False
ST004183,C0925,2026-03-04 00:00:00,I need help changing our account settings.,Account,49.18,True
ST004184,C0925,2026-03-04 00:00:00,I have a question about the product.,Other,1.52,False
ST004185,C0926,2026-01-29 00:00:00,I cannot access my account.,Account,6.39,True
ST004186,C0926,2026-01-29 00:00:00,Can you add more options to the dashboard?,Feature Request,51.2,True
ST004187,C0927,2026-02-04 00:00:00,I have a question about the product.,Other,24.39,False
ST004188,C0927,2026-03-29 19:11:11,I need help with something.,Other,11.77,True
ST004189,C0928,2026-02-25 00:00:00,Our integration stopped working.,Integration,43.91,True
ST004190,C0929,2026-03-04 00:00:00,I need help with something.,Other,54.7,True
ST004191,C0929,2026-03-04 00:00:00,I need help with something.,Other,6.72,False
ST004192,C0929,2026-04-24 03:32:33,I have a question about the product.,Other,19.5,False
ST004193,C0929,2026-04-21 21:44:12,I found a bug in the dashboard.,Bug,1.66,False
ST004194,C0929,2026-04-01 05:42:11,The dashboard is loading slowly.,Performance,10.31,False
ST004195,C0929,2026-03-04 00:00:00,I was charged incorrectly this month.,Billing,22.94,True
ST004196,C0929,2026-03-23 13:10:31,I cannot access my account.,Account,55.46,True
ST004197,C0929,2026-03-04 00:00:00,Something is not working correctly.,Bug,7.02,True
ST004198,C0930,2026-04-28 10:48:22,I need help changing our account settings.,Account,50.5,True
ST004199,C0930,2026-01-29 13:28:39,I have a question about the product.,Other,19.19,True
ST004200,C0930,2026-03-27 08:44:57,The dashboard is loading slowly.,Performance,58.17,True
ST004201,C0930,2026-01-18 02:59:45,It would be useful to have this feature.,Feature Request,21.74,True
ST004202,C0930,2026-04-15 02:26:15,The application shows an unexpected error.,Bug,8.33,True
ST004203,C0930,2026-02-25 09:22:28,Can you add more options to the dashboard?,Feature Request,53.28,True
ST004204,C0930,2026-02-28 14:14:31,Our integration stopped working.,Integration,4.12,True
ST004205,C0930,2026-04-11 18:07:08,The integration keeps failing.,Integration,39.82,False
ST004206,C0931,2026-02-19 00:00:00,I have a question about the product.,Other,3.26,True
ST004207,C0931,2026-04-23 08:50:31,I have a question about the product.,Other,64.78,False
ST004208,C0931,2026-02-19 00:00:00,I cannot access my account.,Account,26.17,True
ST004209,C0931,2026-02-19 00:00:00,Why was my payment charged twice?,Billing,10.29,True
ST004210,C0931,2026-02-19 00:00:00,I have a question about the product.,Other,42.94,False
ST004211,C0931,2026-02-19 00:00:00,The dashboard is loading slowly.,Performance,27.35,True
ST004212,C0931,2026-02-19 00:00:00,The application shows an unexpected error.,Bug,48.27,False
ST004213,C0931,2026-02-19 00:00:00,I cannot access my account.,Account,1.93,False
ST004214,C0932,2026-04-18 06:42:55,I need help with something.,Other,60.05,True
ST004215,C0932,2026-02-13 00:00:00,The integration is not syncing correctly.,Integration,13.15,True
ST004216,C0932,2026-02-18 18:36:15,I cannot access my account.,Account,27.84,False
ST004217,C0932,2026-03-29 03:37:48,It would be useful to have this feature.,Feature Request,36.8,False
ST004218,C0932,2026-03-25 11:03:44,I need help with something.,Other,25.17,True
ST004219,C0932,2026-03-24 00:17:25,I have a question about the product.,Other,67.07,False
ST004220,C0933,2026-03-27 00:00:00,I need help with something.,Other,12.1,True
ST004221,C0933,2026-04-26 06:48:30,The integration keeps failing.,Integration,4.68,False
ST004222,C0933,2026-04-29 19:59:28,I cannot access my account.,Account,68.91,True
ST004223,C0933,2026-03-27 00:00:00,I cannot access my account.,Account,28.67,True
ST004224,C0934,2026-04-16 18:12:12,I have a question about my invoice.,Billing,38.69,True
ST004225,C0934,2026-03-28 00:00:00,Can you add more options to the dashboard?,Feature Request,48.7,True
ST004226,C0934,2026-04-13 02:20:51,I have a question about the product.,Other,39.03,True
ST004227,C0935,2026-04-13 00:00:00,I found a bug in the dashboard.,Bug,13.1,True
ST004228,C0935,2026-04-13 00:00:00,It would be useful to have this feature.,Feature Request,21.69,False
ST004229,C0935,2026-04-13 00:00:00,The dashboard is loading slowly.,Performance,4.86,True
ST004230,C0935,2026-04-13 00:00:00,The application shows an unexpected error.,Bug,46.35,False
ST004231,C0935,2026-04-29 06:12:24,The application has become slower recently.,Performance,44.11,True
ST004232,C0936,2026-02-21 00:00:00,I need help with something.,Other,34.39,True
ST004233,C0936,2026-02-21 00:00:00,I have a question about my invoice.,Billing,48.96,False
ST004234,C0936,2026-03-26 13:21:11,The integration is not syncing correctly.,Integration,66.42,True
ST004235,C0936,2026-04-02 04:53:30,I cannot access my account.,Account,51.8,True
ST004236,C0937,2026-04-03 00:00:00,The application has become slower recently.,Performance,54.88,True
ST004237,C0937,2026-04-03 00:00:00,The dashboard is loading slowly.,Performance,6.46,False
ST004238,C0937,2026-04-28 04:13:05,I have a question about the product.,Other,2.7,False
ST004239,C0937,2026-04-03 00:00:00,I need help with something.,Other,13.83,True
ST004240,C0938,2026-04-03 19:57:07,Why was my payment charged twice?,Billing,13.85,False
ST004241,C0939,2026-04-18 00:00:00,I cannot access my account.,Account,15.05,True
ST004242,C0940,2026-03-01 00:00:00,I need help with something.,Other,61.99,False
ST004243,C0941,2026-04-28 00:00:00,Our integration stopped working.,Integration,16.84,True
ST004244,C0941,2026-04-28 00:00:00,I have a question about the product.,Other,53.09,True
ST004245,C0941,2026-04-28 00:00:00,The application shows an unexpected error.,Bug,6.85,True
ST004246,C0941,2026-04-28 00:00:00,I need help with something.,Other,47.18,True
ST004247,C0941,2026-04-28 00:00:00,The integration keeps failing.,Integration,20.44,True
ST004248,C0941,2026-04-28 00:00:00,I found a bug in the dashboard.,Bug,36.38,True
ST004249,C0941,2026-04-28 00:00:00,I have a question about the product.,Other,3.6,True
ST004250,C0941,2026-04-28 00:00:00,I need help with something.,Other,33.16,True
ST004251,C0942,2026-04-29 20:17:51,The application shows an unexpected error.,Bug,2.07,False
ST004252,C0942,2026-04-23 23:39:14,The application has become slower recently.,Performance,42.55,True
ST004253,C0942,2026-01-17 00:00:00,The dashboard is loading slowly.,Performance,68.36,True
ST004254,C0942,2026-01-31 13:04:43,Our integration stopped working.,Integration,6.67,False
ST004255,C0942,2026-04-19 15:25:47,Can you add more options to the dashboard?,Feature Request,29.91,True
ST004256,C0943,2026-04-23 09:34:26,I have a question about the product.,Other,44.52,False
ST004257,C0943,2026-03-21 00:00:00,Something is not working correctly.,Bug,4.68,True
ST004258,C0944,2026-04-23 01:53:40,The integration keeps failing.,Integration,20.39,False
ST004259,C0944,2026-03-14 07:11:18,The integration keeps failing.,Integration,66.41,True
ST004260,C0944,2026-03-10 00:00:00,Our integration stopped working.,Integration,5.08,True
ST004261,C0944,2026-03-10 00:00:00,I have a question about my invoice.,Billing,1.77,True
ST004262,C0944,2026-03-21 11:27:52,Why was my payment charged twice?,Billing,39.63,False
ST004263,C0944,2026-03-19 05:42:17,I need help with something.,Other,48.68,True
ST004264,C0944,2026-03-10 00:00:00,I cannot access my account.,Account,37.42,True
ST004265,C0944,2026-04-01 07:52:37,I cannot access my account.,Account,55.8,False
ST004266,C0945,2026-04-08 05:11:44,The dashboard is loading slowly.,Performance,55.95,True
ST004267,C0945,2026-01-27 01:07:59,Why was my payment charged twice?,Billing,48.08,False
ST004268,C0945,2026-04-19 07:21:05,I need help with something.,Other,46.69,True
ST004269,C0946,2026-04-27 00:00:00,The integration is not syncing correctly.,Integration,12.92,True
ST004270,C0946,2026-04-27 00:00:00,Our integration stopped working.,Integration,20.16,True
ST004271,C0947,2026-04-26 10:55:11,I have a question about my invoice.,Billing,8.61,True
ST004272,C0947,2026-04-21 06:07:42,I have a question about the product.,Other,34.51,True
ST004273,C0947,2026-04-03 05:08:46,The integration is not syncing correctly.,Integration,49.12,True
ST004274,C0947,2026-03-03 10:50:07,I need help changing our account settings.,Account,66.02,True
ST004275,C0947,2026-02-20 00:00:00,The integration keeps failing.,Integration,18.86,True
ST004276,C0948,2026-04-17 00:56:32,I need help with something.,Other,66.0,True
ST004277,C0948,2026-03-17 00:00:00,I need help with something.,Other,69.19,True
ST004278,C0949,2026-03-14 00:00:00,The integration is not syncing correctly.,Integration,30.68,True
ST004279,C0949,2026-03-14 00:00:00,I need help with something.,Other,43.77,True
ST004280,C0949,2026-04-09 21:11:27,The dashboard is loading slowly.,Performance,22.91,True
ST004281,C0949,2026-04-21 14:45:36,I need help with something.,Other,25.67,True
ST004282,C0949,2026-03-31 02:32:47,The dashboard is loading slowly.,Performance,15.23,False
ST004283,C0949,2026-03-14 00:00:00,I have a question about the product.,Other,71.8,True
ST004284,C0950,2026-03-26 00:00:00,I need help changing our account settings.,Account,11.14,True
ST004285,C0950,2026-03-26 00:00:00,I need help with something.,Other,43.4,True
ST004286,C0950,2026-04-25 17:25:06,The integration is not syncing correctly.,Integration,9.26,True
ST004287,C0951,2026-02-28 03:15:41,Something is not working correctly.,Bug,17.24,True
ST004288,C0951,2026-02-17 20:00:02,I cannot access my account.,Account,54.65,False
ST004289,C0951,2026-03-21 16:09:20,Our integration stopped working.,Integration,21.39,True
ST004290,C0951,2026-04-04 11:32:26,The application has become slower recently.,Performance,45.9,True
ST004291,C0952,2026-01-18 16:46:43,I found a bug in the dashboard.,Bug,33.76,False
ST004292,C0952,2026-01-29 11:29:26,Can you add more options to the dashboard?,Feature Request,63.44,True
ST004293,C0952,2026-02-13 23:07:18,We are having problems connecting our tools.,Integration,2.67,True
ST004294,C0952,2026-01-29 22:07:41,The application shows an unexpected error.,Bug,33.32,False
ST004295,C0952,2026-03-11 22:09:06,The integration keeps failing.,Integration,22.24,False
ST004296,C0952,2026-02-25 12:09:46,I have a question about the product.,Other,69.6,True
ST004297,C0953,2026-03-24 00:00:00,The integration is not syncing correctly.,Integration,56.53,True
ST004298,C0953,2026-03-24 00:00:00,I need help with something.,Other,26.52,False
ST004299,C0953,2026-03-26 09:33:52,It would be useful to have this feature.,Feature Request,67.96,True
ST004300,C0953,2026-03-24 00:00:00,Can you add more options to the dashboard?,Feature Request,36.86,True
ST004301,C0953,2026-03-24 00:00:00,The dashboard is loading slowly.,Performance,28.97,True
ST004302,C0954,2026-04-29 11:26:11,The integration is not syncing correctly.,Integration,24.53,True
ST004303,C0954,2026-02-24 00:00:00,I found a bug in the dashboard.,Bug,48.89,False
ST004304,C0954,2026-03-13 11:13:46,Can you add more options to the dashboard?,Feature Request,65.87,True
ST004305,C0954,2026-03-25 15:00:05,The application has become slower recently.,Performance,46.28,True
ST004306,C0954,2026-02-24 00:00:00,I cannot access my account.,Account,47.24,True
ST004307,C0954,2026-04-12 00:24:42,I need help changing our account settings.,Account,69.34,True
ST004308,C0954,2026-02-24 00:00:00,The application has become slower recently.,Performance,44.49,True
ST004309,C0954,2026-02-24 00:00:00,I have a question about the product.,Other,24.3,True
ST004310,C0955,2026-04-09 01:14:11,The integration keeps failing.,Integration,63.33,False
ST004311,C0955,2026-02-15 12:50:53,I cannot access my account.,Account,55.16,True
ST004312,C0955,2026-02-14 19:36:01,I found a bug in the dashboard.,Bug,59.54,False
ST004313,C0955,2026-04-17 20:41:18,I need help changing our account settings.,Account,18.8,True
ST004314,C0955,2026-04-18 10:30:34,The application has become slower recently.,Performance,63.89,True
ST004315,C0955,2026-04-15 02:41:32,I have a question about the product.,Other,52.59,True
ST004316,C0955,2026-01-18 00:00:00,I have a question about the product.,Other,71.47,False
ST004317,C0955,2026-03-25 13:57:36,We are having problems connecting our tools.,Integration,36.56,False
ST004318,C0956,2026-04-21 00:00:00,I have a question about the product.,Other,2.27,False
ST004319,C0956,2026-04-21 00:00:00,It would be useful to have this feature.,Feature Request,41.15,True
ST004320,C0956,2026-04-21 00:00:00,I found a bug in the dashboard.,Bug,13.27,True
ST004321,C0957,2026-03-01 00:00:00,Can you add more options to the dashboard?,Feature Request,8.88,True
ST004322,C0957,2026-03-01 00:00:00,I need help with something.,Other,28.4,True
ST004323,C0957,2026-03-01 00:00:00,I need help with something.,Other,46.58,True
ST004324,C0957,2026-03-01 00:00:00,I need help with something.,Other,20.9,True
ST004325,C0958,2026-03-17 04:21:18,We are having problems connecting our tools.,Integration,28.99,True
ST004326,C0958,2026-02-15 06:17:02,Something is not working correctly.,Bug,18.61,True
ST004327,C0959,2026-03-30 09:12:18,Can you add more options to the dashboard?,Feature Request,43.7,True
ST004328,C0959,2026-04-28 14:54:28,Our integration stopped working.,Integration,4.03,True
ST004329,C0959,2026-04-02 14:27:49,I have a question about the product.,Other,68.92,True
ST004330,C0960,2026-02-03 00:00:00,I need help with something.,Other,32.33,True
ST004331,C0961,2026-02-18 00:00:00,Our integration stopped working.,Integration,7.74,True
ST004332,C0961,2026-03-06 04:09:16,The application has become slower recently.,Performance,18.83,True
ST004333,C0961,2026-04-05 15:02:48,It would be useful to have this feature.,Feature Request,11.91,False
ST004334,C0961,2026-02-18 00:00:00,The application has become slower recently.,Performance,47.2,True
ST004335,C0962,2026-02-11 00:00:00,Why was my payment charged twice?,Billing,61.52,True
ST004336,C0962,2026-02-11 00:00:00,I have a question about the product.,Other,61.31,True
ST004337,C0962,2026-02-12 02:02:58,The integration is not syncing correctly.,Integration,16.16,True
ST004338,C0962,2026-04-14 02:18:33,I need help changing our account settings.,Account,40.55,True
ST004339,C0962,2026-02-11 00:00:00,I have a question about the product.,Other,28.76,False
ST004340,C0963,2026-04-06 07:54:41,I have a question about the product.,Other,38.59,False
ST004341,C0964,2026-02-28 00:00:00,I found a bug in the dashboard.,Bug,41.11,True
ST004342,C0964,2026-02-28 00:00:00,Something is not working correctly.,Bug,20.74,True
ST004343,C0964,2026-03-18 16:17:45,I have a question about the product.,Other,65.37,True
ST004344,C0964,2026-02-28 00:00:00,The integration is not syncing correctly.,Integration,18.12,False
ST004345,C0965,2026-02-21 23:23:04,The application shows an unexpected error.,Bug,43.73,True
ST004346,C0965,2026-03-09 03:11:26,Something is not working correctly.,Bug,7.27,True
ST004347,C0965,2026-02-27 22:02:15,Something is not working correctly.,Bug,71.12,True
ST004348,C0966,2026-03-16 00:12:36,I found a bug in the dashboard.,Bug,44.47,True
ST004349,C0966,2026-04-18 08:04:24,I have a question about the product.,Other,21.14,True
ST004350,C0966,2026-04-20 01:39:29,Our integration stopped working.,Integration,14.3,True
ST004351,C0966,2026-02-13 00:00:00,I need help with something.,Other,67.4,False
ST004352,C0966,2026-04-02 23:19:52,The application shows an unexpected error.,Bug,64.92,True
ST004353,C0967,2026-04-09 03:16:26,I have a question about the product.,Other,34.17,False
ST004354,C0967,2026-04-08 00:00:00,I have a question about the product.,Other,33.12,True
ST004355,C0967,2026-04-08 00:00:00,It would be useful to have this feature.,Feature Request,32.13,False
ST004356,C0967,2026-04-08 00:00:00,I need help with something.,Other,12.45,False
ST004357,C0967,2026-04-08 00:00:00,I have a question about the product.,Other,35.79,True
ST004358,C0967,2026-04-08 00:00:00,The dashboard is loading slowly.,Performance,31.5,False
ST004359,C0968,2026-04-23 00:00:00,The application shows an unexpected error.,Bug,48.73,True
ST004360,C0969,2026-02-18 00:00:00,I have a question about the product.,Other,6.01,True
ST004361,C0969,2026-02-18 00:00:00,The integration keeps failing.,Integration,5.49,True
ST004362,C0969,2026-02-24 10:43:57,The application has become slower recently.,Performance,11.84,False
ST004363,C0969,2026-02-18 00:00:00,Something is not working correctly.,Bug,44.71,False
ST004364,C0969,2026-03-22 10:23:34,I was charged incorrectly this month.,Billing,28.16,True
ST004365,C0969,2026-04-01 02:27:24,I have a question about my invoice.,Billing,17.18,True
ST004366,C0969,2026-03-13 19:41:49,I have a question about my invoice.,Billing,54.31,True
ST004367,C0969,2026-02-24 15:26:35,I need help changing our account settings.,Account,29.74,True
ST004368,C0970,2026-02-12 23:33:01,I have a question about the product.,Other,62.43,True
ST004369,C0970,2026-03-05 12:28:41,Can you add more options to the dashboard?,Feature Request,44.11,True
ST004370,C0970,2026-02-05 00:00:00,Can you add more options to the dashboard?,Feature Request,71.71,True
ST004371,C0970,2026-04-26 14:00:07,The dashboard is loading slowly.,Performance,61.45,False
ST004372,C0970,2026-02-11 06:10:13,Something is not working correctly.,Bug,62.25,True
ST004373,C0970,2026-03-29 04:52:20,Something is not working correctly.,Bug,39.53,False
ST004374,C0971,2026-04-07 00:00:00,I have a question about the product.,Other,16.51,False
ST004375,C0971,2026-04-12 10:36:56,I need help changing our account settings.,Account,37.32,False
ST004376,C0971,2026-04-07 00:00:00,We are having problems connecting our tools.,Integration,4.14,True
ST004377,C0972,2026-04-17 00:00:00,I cannot access my account.,Account,15.47,True
ST004378,C0972,2026-04-17 00:00:00,I need help with something.,Other,17.55,True
ST004379,C0972,2026-04-17 00:00:00,I need help with something.,Other,30.25,True
ST004380,C0972,2026-04-29 15:43:53,The dashboard is loading slowly.,Performance,61.24,False
ST004381,C0972,2026-04-17 00:00:00,The application has become slower recently.,Performance,11.38,True
ST004382,C0973,2026-03-14 15:39:46,I need help with something.,Other,60.98,True
ST004383,C0973,2026-04-05 09:51:09,It would be useful to have this feature.,Feature Request,55.39,True
ST004384,C0973,2026-03-06 22:48:13,The dashboard is loading slowly.,Performance,51.86,True
ST004385,C0973,2026-02-23 00:00:00,The integration is not syncing correctly.,Integration,61.22,True
ST004386,C0973,2026-02-23 00:00:00,I need help with something.,Other,57.2,True
ST004387,C0974,2026-03-30 15:39:48,I need help with something.,Other,60.02,False
ST004388,C0974,2026-02-02 00:00:00,I have a question about my invoice.,Billing,6.67,False
ST004389,C0974,2026-02-09 15:26:34,Can you add more options to the dashboard?,Feature Request,66.51,False
ST004390,C0974,2026-02-06 18:51:38,I found a bug in the dashboard.,Bug,33.38,True
ST004391,C0974,2026-03-12 20:58:19,I cannot access my account.,Account,35.05,True
ST004392,C0974,2026-02-02 00:00:00,Can you add more options to the dashboard?,Feature Request,6.86,True
ST004393,C0974,2026-04-17 23:12:14,I need help with something.,Other,60.13,True
ST004394,C0974,2026-02-09 09:00:04,I have a question about the product.,Other,27.27,True
ST004395,C0975,2026-04-17 00:00:00,The application shows an unexpected error.,Bug,69.63,True
ST004396,C0975,2026-04-17 00:00:00,The application has become slower recently.,Performance,47.71,True
ST004397,C0975,2026-04-17 00:00:00,The dashboard is loading slowly.,Performance,67.87,True
ST004398,C0975,2026-04-17 00:00:00,I have a question about the product.,Other,43.5,False
ST004399,C0975,2026-04-17 00:00:00,I found a bug in the dashboard.,Bug,38.41,False
ST004400,C0976,2026-03-29 03:33:22,The integration is not syncing correctly.,Integration,8.1,False
ST004401,C0977,2026-03-02 00:00:00,The integration is not syncing correctly.,Integration,1.34,False
ST004402,C0977,2026-03-02 00:00:00,We are having problems connecting our tools.,Integration,53.66,True
ST004403,C0977,2026-04-12 09:04:26,The integration is not syncing correctly.,Integration,35.91,False
ST004404,C0977,2026-03-20 06:06:05,The application has become slower recently.,Performance,45.33,True
ST004405,C0978,2026-02-15 22:18:57,I have a question about the product.,Other,70.15,True
ST004406,C0978,2026-03-15 15:48:52,Why was my payment charged twice?,Billing,66.98,True
ST004407,C0978,2026-03-21 15:28:04,I was charged incorrectly this month.,Billing,20.94,True
ST004408,C0978,2026-04-28 14:48:14,I need help with something.,Other,6.18,True
ST004409,C0978,2026-04-05 16:37:04,I have a question about the product.,Other,66.77,True
ST004410,C0978,2026-01-27 13:23:58,I need help changing our account settings.,Account,29.69,True
ST004411,C0979,2026-04-06 00:00:00,Our integration stopped working.,Integration,46.24,True
ST004412,C0979,2026-04-06 00:00:00,The application shows an unexpected error.,Bug,23.97,False
ST004413,C0979,2026-04-06 00:00:00,Our integration stopped working.,Integration,56.19,True
ST004414,C0979,2026-04-06 00:00:00,I have a question about my invoice.,Billing,34.78,True
ST004415,C0980,2026-03-11 00:00:00,Something is not working correctly.,Bug,8.05,True
ST004416,C0980,2026-03-11 00:00:00,We are having problems connecting our tools.,Integration,33.4,True
ST004417,C0980,2026-03-12 15:19:02,The application has become slower recently.,Performance,40.49,True
ST004418,C0980,2026-03-31 00:00:28,I found a bug in the dashboard.,Bug,16.1,False
ST004419,C0980,2026-04-07 18:24:23,It would be useful to have this feature.,Feature Request,16.24,False
ST004420,C0980,2026-03-11 00:00:00,The application shows an unexpected error.,Bug,71.73,True
ST004421,C0981,2026-04-08 11:52:57,The application shows an unexpected error.,Bug,13.01,True
ST004422,C0981,2026-04-09 16:43:33,The application shows an unexpected error.,Bug,34.75,False
ST004423,C0981,2026-03-21 16:13:55,We are having problems connecting our tools.,Integration,1.05,False
ST004424,C0981,2026-04-04 17:20:51,Our integration stopped working.,Integration,34.23,True
ST004425,C0981,2026-02-09 08:26:44,Something is not working correctly.,Bug,43.21,False
ST004426,C0981,2026-04-15 00:24:32,It would be useful to have this feature.,Feature Request,34.94,True
ST004427,C0982,2026-02-27 10:05:18,The application has become slower recently.,Performance,48.1,True
ST004428,C0982,2026-04-04 20:49:18,The dashboard is loading slowly.,Performance,44.02,True
ST004429,C0982,2026-04-20 13:57:13,We are having problems connecting our tools.,Integration,34.39,False
ST004430,C0982,2026-04-15 03:55:06,Our integration stopped working.,Integration,46.5,False
ST004431,C0982,2026-02-14 00:00:00,The application shows an unexpected error.,Bug,49.73,True
ST004432,C0983,2026-03-12 16:47:43,Our integration stopped working.,Integration,18.3,True
ST004433,C0983,2026-03-23 23:16:02,The dashboard is loading slowly.,Performance,45.68,True
ST004434,C0984,2026-03-25 00:00:00,I found a bug in the dashboard.,Bug,44.36,True
ST004435,C0985,2026-03-31 01:41:08,The application has become slower recently.,Performance,63.38,True
ST004436,C0985,2026-04-20 18:08:39,I cannot access my account.,Account,4.35,False
ST004437,C0985,2026-04-12 18:09:34,Can you add more options to the dashboard?,Feature Request,47.04,True
ST004438,C0985,2026-01-10 14:58:43,It would be useful to have this feature.,Feature Request,38.06,True
ST004439,C0985,2026-01-29 20:20:38,The application shows an unexpected error.,Bug,22.06,False
ST004440,C0986,2026-04-10 00:00:00,Our integration stopped working.,Integration,60.47,True
ST004441,C0986,2026-04-10 00:00:00,Something is not working correctly.,Bug,8.71,True
ST004442,C0986,2026-04-10 00:00:00,The integration keeps failing.,Integration,54.55,True
ST004443,C0986,2026-04-27 00:01:09,It would be useful to have this feature.,Feature Request,34.95,True
ST004444,C0986,2026-04-10 00:00:00,I have a question about the product.,Other,14.65,True
ST004445,C0987,2026-03-25 00:00:00,I need help changing our account settings.,Account,41.24,True
ST004446,C0987,2026-03-25 00:00:00,I need help changing our account settings.,Account,4.27,True
ST004447,C0987,2026-03-25 00:00:00,The integration is not syncing correctly.,Integration,54.16,True
ST004448,C0987,2026-04-20 18:48:59,I found a bug in the dashboard.,Bug,28.8,True
ST004449,C0987,2026-03-25 00:00:00,Our integration stopped working.,Integration,52.93,True
ST004450,C0987,2026-04-13 01:26:55,Something is not working correctly.,Bug,57.71,True
ST004451,C0987,2026-04-19 10:06:19,I need help with something.,Other,41.95,True
ST004452,C0988,2026-03-01 12:19:13,I cannot access my account.,Account,18.92,True
ST004453,C0988,2026-03-07 23:36:13,The integration keeps failing.,Integration,44.34,True
ST004454,C0988,2026-04-09 05:07:02,The integration is not syncing correctly.,Integration,47.65,False
ST004455,C0988,2026-01-31 03:52:24,The application has become slower recently.,Performance,54.83,True
ST004456,C0988,2026-02-18 05:53:53,Why was my payment charged twice?,Billing,30.23,True
ST004457,C0989,2026-04-07 00:00:00,The application has become slower recently.,Performance,19.09,False
ST004458,C0989,2026-04-15 22:31:17,The integration is not syncing correctly.,Integration,61.0,True
ST004459,C0989,2026-04-07 00:00:00,I have a question about the product.,Other,4.27,True
ST004460,C0990,2026-04-18 06:56:46,I found a bug in the dashboard.,Bug,45.59,True
ST004461,C0990,2026-02-09 07:04:21,Our integration stopped working.,Integration,30.32,True
ST004462,C0990,2026-03-26 13:57:27,I cannot access my account.,Account,3.51,True
ST004463,C0990,2026-04-15 18:00:21,I have a question about the product.,Other,62.78,True
ST004464,C0990,2026-02-13 22:43:32,I need help with something.,Other,63.72,True
ST004465,C0990,2026-03-21 11:17:03,I have a question about my invoice.,Billing,50.35,True
ST004466,C0990,2026-03-26 00:38:00,The dashboard is loading slowly.,Performance,60.3,True
ST004467,C0990,2026-04-10 23:47:27,We are having problems connecting our tools.,Integration,17.06,True
ST004468,C0991,2026-03-31 06:19:04,I have a question about the product.,Other,49.85,False
ST004469,C0991,2026-02-01 00:00:00,The integration is not syncing correctly.,Integration,26.06,True
ST004470,C0991,2026-02-04 01:59:03,I have a question about the product.,Other,6.74,True
ST004471,C0991,2026-04-15 14:55:16,The integration is not syncing correctly.,Integration,23.96,True
ST004472,C0992,2026-04-13 05:00:22,The integration keeps failing.,Integration,40.6,True
ST004473,C0992,2026-02-11 13:19:38,Why was my payment charged twice?,Billing,38.69,True
ST004474,C0992,2026-03-04 10:19:59,It would be useful to have this feature.,Feature Request,4.1,True
ST004475,C0992,2026-03-13 01:58:53,Why was my payment charged twice?,Billing,21.16,False
ST004476,C0992,2026-02-06 04:29:09,I have a question about my invoice.,Billing,48.03,True
ST004477,C0992,2026-04-11 18:43:14,The application has become slower recently.,Performance,8.43,True
ST004478,C0992,2026-03-18 01:58:32,We are having problems connecting our tools.,Integration,52.97,True
ST004479,C0992,2026-04-09 00:21:34,It would be useful to have this feature.,Feature Request,59.46,False
ST004480,C0993,2026-04-18 00:00:00,The integration is not syncing correctly.,Integration,43.1,True
ST004481,C0993,2026-04-18 00:00:00,I need help with something.,Other,21.18,True
ST004482,C0993,2026-04-18 00:00:00,I have a question about my invoice.,Billing,1.0,True
ST004483,C0994,2026-01-24 18:36:19,Our integration stopped working.,Integration,21.56,True
ST004484,C0994,2026-02-20 21:32:03,Why was my payment charged twice?,Billing,59.91,True
ST004485,C0994,2026-03-01 08:05:06,I have a question about my invoice.,Billing,68.37,True
ST004486,C0994,2026-02-02 11:40:08,I need help with something.,Other,58.99,True
ST004487,C0995,2026-04-23 01:19:10,I have a question about the product.,Other,68.55,False
ST004488,C0995,2026-03-21 00:00:00,The application shows an unexpected error.,Bug,57.06,False
ST004489,C0995,2026-03-21 00:00:00,The dashboard is loading slowly.,Performance,70.47,True
ST004490,C0995,2026-03-21 00:00:00,I need help with something.,Other,9.36,True
ST004491,C0995,2026-03-22 20:03:10,We are having problems connecting our tools.,Integration,8.85,True
ST004492,C0995,2026-04-17 02:20:29,I have a question about the product.,Other,29.13,True
ST004493,C0995,2026-04-13 11:36:33,I need help changing our account settings.,Account,15.06,True
ST004494,C0996,2026-04-03 04:17:43,I have a question about the product.,Other,65.67,True
ST004495,C0996,2026-02-03 08:18:01,I need help changing our account settings.,Account,20.95,True
ST004496,C0996,2026-02-20 16:58:50,I have a question about my invoice.,Billing,20.03,False
ST004497,C0996,2026-04-26 12:31:02,Can you add more options to the dashboard?,Feature Request,47.15,True
ST004498,C0996,2026-02-25 15:41:08,I have a question about the product.,Other,7.29,False
ST004499,C0996,2026-03-14 20:56:32,I cannot access my account.,Account,12.84,True
ST004500,C0997,2026-02-24 18:45:13,Something is not working correctly.,Bug,21.0,True
ST004501,C0997,2026-01-31 00:00:00,We are having problems connecting our tools.,Integration,7.76,True
ST004502,C0997,2026-01-31 00:00:00,I found a bug in the dashboard.,Bug,38.86,True
ST004503,C0997,2026-02-16 13:17:59,The application has become slower recently.,Performance,26.74,True
ST004504,C0997,2026-03-14 13:59:41,The integration is not syncing correctly.,Integration,15.78,True
ST004505,C0997,2026-03-24 22:11:03,I have a question about the product.,Other,46.68,False
ST004506,C0997,2026-01-31 00:00:00,I cannot access my account.,Account,53.51,True
ST004507,C0998,2026-03-23 07:09:05,Our integration stopped working.,Integration,68.41,True
ST004508,C0998,2026-02-11 08:28:04,I need help with something.,Other,7.44,False
ST004509,C0999,2026-03-02 00:00:00,The integration keeps failing.,Integration,24.22,True
ST004510,C0999,2026-04-29 23:31:53,Our integration stopped working.,Integration,22.34,True
ST004511,C0999,2026-04-13 20:03:20,I have a question about the product.,Other,24.66,False
ST004512,C0999,2026-03-02 00:00:00,We are having problems connecting our tools.,Integration,69.85,True
ST004513,C1000,2026-03-27 00:00:00,The application has become slower recently.,Performance,17.0,False
ST004514,C1000,2026-04-13 13:55:08,Our integration stopped working.,Integration,13.01,True
ST004515,C1000,2026-03-27 00:00:00,Our integration stopped working.,Integration,57.68,True
ST004516,C1000,2026-03-27 00:00:00,Why was my payment charged twice?,Billing,6.37,True
ST004517,C1000,2026-03-27 00:00:00,The integration is not syncing correctly.,Integration,67.47,True
